key	severity	裁决	最终译文
Help_Page09_MainText	S1	采纳	升级您的房间，来提高它们的性能。\n\n- 大多数房间都可以升级两次。升级的资源房间能够生产更多资源。\n\n- 同类型的房间最多可以合并三个，只要将它们建在彼此相邻的位置即可。\n\n- 合并的房间能容纳更多居民，同时效率也会更高。\n\n- 有些房间，比如工坊，开始就是一个大房间，是不能合并的。\n\n- 主题只能应用于完全合并并升级至顶级的餐厅和宿舍。
Outfit_Description_FlightSuit_Advanced	S1	采纳	不行，避难所居民。进场航线已经满了。
Outfit_Description_WrestlerSpecial	S1	采纳	无论擂台内外，防护与造型一样不缺。
QuestLoc_ASpecialBrand_Conversation_1_NPCEnd_1	S1	采纳	就是你们为了朋友杰克换出去的那只？当嫁妆的那只？和科兰特聊聊吧，他手里有你们想要的东西。
QuestLoc_AllsFairinLoveandNuclearWar_Conversation_2_NPCEnd_3	S1	采纳	真有？好吧兄弟们，咱们离开这个鬼地方吧。来，拿着这个，记住是我饶了你一命。
QuestLoc_BeatReporting_Conversation_2_NPCEnd_2	S1	采纳	也许“饥饿”是上了年纪才有的？已知的发光种里，没有哪只有他这么老。
QuestLoc_Broadsides_Conversation_1_NPCStart_2	S1	采纳	我们的人都跑出去干那些冒险的差事，就为了能入号角报的眼……
QuestLoc_CanineRecovery_Conversation_1_NPCStart_2	S1	保持	
QuestLoc_CheerfortheGhouls_Conversation_1_NPCEnd_2	S1	采纳	我们算是看清你们了，“光滑皮肤”们！赶紧滚吧！
QuestLoc_CollateralMurder_Conversation_1_NPCEnd_1	S2	采纳	哦，是啊。我们一直在盯着他，就等着下手的机会。去试试从这里往北约一公里处的旧大无敌超市吧。
QuestLoc_DeathRevealed_Conversation_3_NPCStart_3	S1	采纳	所以我们今天让你们流血不是出于恶意，而是为了凑够那个配额。
QuestLoc_CrimeSceneInvestigation_Conversation_2_NPCEnd_1	S1	采纳	我们喊“我们不配”的动静太大，你们的谎言根本没人听得见！
QuestLoc_DeathRevealed_QuestLongDescription	S1	采纳	在672号避难所，我们遇到了来自144号避难所的居民，他们熟悉那位神秘的第四骑士“死亡”。按照约定，他们的监督者联系了我们并安排了会面，届时她会把她知道的一切都告诉我们！但她不想透露自己避难所的位置，所以我们将会在一座废弃的建筑里与她碰面……
QuestLoc_DeathandDenial_Conversation_3_NPCEnd_2	S1	采纳	很巧的是，我当时正在琢磨怎么巧妙地谋杀皮博迪先生。
QuestLoc_DeathandDenial_Conversation_4_NPCEnd_1	S1	采纳	是皮博迪让夫人的儿子迷上了剪刀石头布，然后每次出石头，把钱全赢光了。
QuestLoc_DeathandDenial_Conversation_4_NPCEnd_3	S1	采纳	我在给沃辛顿夫人做急救复苏——她想咬一口蓝莓烤饼，结果噎住了。
QuestLoc_DivideandConquer_Conversation_1_Team_2	S1	采纳	这只对取极大值的2成立。
QuestLoc_DivideandConquer_Conversation_1_NPCEnd_2	S2	采纳(连带)	……对取极小值的5也算。好吧，你可以过去了。
QuestLoc_DogsofWar_Conversation_2_NPCEnd_3	S1	采纳	你看起来可一点都不饿。那些尸鬼一定是在把你养肥，留着以后吃呢。
QuestLoc_ExtremePrejudice_Conversation_5_NPCStart_2	S1	采纳	我看你出现在这儿，不过是早晚的事。
QuestLoc_GameShowGauntletA_Conversation_1_NPCEnd_2	S1	采纳	戴维……答对了！我们喜欢先从简单的开始。
QuestLoc_GameShowGauntletF_Conversation_4_NPCEnd_3	S1	采纳	差一点就答对了。现在我们要让你……“掉脑袋”了！
QuestLoc_GroomforDoubt_Conversation_3_NPCEnd_1	S1	采纳	已经结束了？好吧，我想该面对现实了。
QuestLoc_GroomforDoubt_Conversation_3_Team_3	S1	自定义	它肯定是……不过我们现在得送你去结婚了。
QuestLoc_HalfFullHalfEmpty_Conversation_1_NPCStart_1	S1	采纳	水之术士的“神奇水”真有那么神奇吗？我们没弄到足够的量来做科学测试。
QuestLoc_HerestoYouRackieJobinson_Conversation_2_Team_2	S1	采纳	尽量别把血溅到我的棒球衫上！
QuestLoc_HittingtheBooks_Conversation_1_NPCEnd_1	S1	采纳	不，不过去问问旧糖果厂的赫伯韦斯特吧。来，把我的戏服拿去。
QuestLoc_JackAintBack_Conversation_1_NPCStart_4	S1	采纳	把苦艾酒和超强捷特混在一起可不是好主意。我们只好把他处理掉——他已经完全失控了！
QuestLoc_KnockEmDown_Conversation_2_NPCStart_1	S1	采纳	我该谢谢你们给了我夺回装甲的机会吗？
QuestLoc_MVPoftheYear_QuestLongDescription	S1	采纳	教练在领头死爪爪下活了下来，但他活不过我！“黏液苏丹”又留下一张自恋的纸条，所以我们知道他还在外面。继续搜索！
QuestLoc_MondayNightBrawl_QuestLongDescription	S1	采纳	附近的掠夺者团伙正在向你们叫阵！是时候让他们知道谁才是老大了……而且要有型！穿上你最体面的行头，去把他们揍趴下！
QuestLoc_OneGhoulCustomer_Conversation_1_NPCEnd_1	S1	采纳	拿着，这瓶量子核子可乐还是交给你保管比较好。
QuestLoc_OneGhoulCustomer_Conversation_1_NPCEnd_2	S1	采纳	哦，也对，那还是交给你保管比较好。
QuestLoc_ParleyTime_Conversation_2_NPCStart_4	S1	采纳	你觉得可以吗？
QuestLoc_ParleyTime_Conversation_3_NPCEnd_1	S1	采纳	我可不听你……的命令。抱歉，我入戏太深了。没问题，我们不去动他们。
QuestLoc_PlayingPolitics_Conversation_1_NPCStart_3	S1	采纳	……上面写着525号避难所的位置！他们真的有“伊甸园制造器”！
QuestLoc_RadroachRoundup_Conversation_1_NPCEnd_1	S1	采纳	是的，他们说自己是“害虫”。这话一点没错！
QuestLoc_RadroachRoundup_Conversation_1_NPCEnd_3	S1	采纳	她会让其他辐射蟑螂发狂。如果你杀了她，我们就能把剩下的都围捕起来。
QuestLoc_RadroachRoundup_Conversation_2_NPCEnd_2	S1	采纳	太棒了！这下我们就能把其余的辐射蟑螂赶进笼子里了。
QuestLoc_RaidingParty_Conversation_2_NPCEnd_2	S1	采纳	只要我还有一口气，他就别想得逞！来，拿着这个。让他跟我的拳头好好聊聊吧！
QuestLoc_RescueSanta_QuestLongDescription	S1	采纳	当我们四处散播圣诞节日气氛时，有人找到了圣诞老人。他遇到了麻烦。我们走！
QuestLoc_ReturntoVault333_Conversation_1_NPCStart_1	S1	采纳	哦我的天！那简直是一场屠杀！尸横遍野的噩梦！
QuestLoc_RunThreeDogRun_Conversation_1_NPCEnd_3	S1	采纳	非常接近了。三狗可能就是他们需要的最后一个目标。
QuestLoc_SantasHelpers_Conversation_1_NPCEnd_2	S1	采纳	嘘！滚出去！
QuestLoc_ScienceCooperative_Conversation_1D_NPCEnd_3	S1	采纳	科学不等人，我恐怕得继续了。恕我失陪……
QuestLoc_ScienceCooperative_Conversation_2D_NPCEnd_3	S1	采纳	你是说你们……吃人？呃……你们还是走吧。
QuestLoc_SignalFailure_Conversation_1_NPCStart_2	S1	采纳	“今天我们的巧手先生到了。要想按时把维修做完，就得赶紧让这家伙运转起来。”
QuestLoc_SpringForwardFallBack_QuestLongDescription	S1	采纳	我们的调查表明，最近这些毒物喷洒袭击是原子之子教会当地分会所为。我们必须当面质问他们的领袖忏悔者阿尔瓦拉多，让他停止这些攻击，否则就别怪我们不客气。
QuestLoc_SpyonRaiders_Conversation_2B_NPCEnd_2	S1	采纳	呃，是啊。喊得不错，小子们。你们还是赶紧走吧。
QuestLoc_SuperDuperTrooper_Conversation_1_Team_1	S1	采纳	我是噩梦，你最可怕的噩梦。
QuestLoc_TakeMeOuttotheBallGame_RaiderLine_4	S1	采纳	全垒打！兄弟们，该冲上场了！
QuestLoc_TheAbyss_Conversation_1_NPCStart_2	S1	采纳	这下面小动物什么的太多，所以没什么访客来。
QuestLoc_TheBansheesKeen_Conversation_2_NPCEnd_3	S1	采纳	行。好吧。随便啦。给你！
QuestLoc_TheCaseoftheLostLunch_Conversation_1_NPCEnd_1	S1	采纳	什么？没有！我们什么也没拿。我是说，你看看这地方，有什么可偷的？拜托，赶紧去帮帮我的伙伴，行吗？
QuestLoc_TheCaseoftheQuantumCreeper_Conversation_1_NPCEnd_1	S1	采纳	哦，谢天谢地！上次有人见到它时，它还在避难所更深处。拜托了，趁那头野兽还没再害人，赶紧把它解决掉！
QuestLoc_TheSixthSun_QuestLongDescription	S1	自定义	我们认为失踪的教会见习信徒威尔修士可能被驻扎在附近的一帮掠夺者绑架了。我们会派一支队伍去救他，等他平安回来之后，再视情况通知忏悔者阿尔瓦拉多。
QuestLoc_TheSpreadingBlight_Conversation_1_NPCStart_3	S1	采纳	那边一个研究所里有群人认为这不是病害。他们另有一套说法……
QuestLoc_TheresnoCryinginBaseball_QuestLongDescription	S1	采纳	有一家旧的“五金小镇”商店我们还没去看过。也许教练去那里补给物资了。我们出发吧。
QuestLoc_ThirdandGoal_Conversation_1_NPCEnd_2	S1	采纳	我的季后赛征程才刚开始，我会一路杀到底的！
QuestLoc_ThymeisMoney_Conversation_2_NPCStart_1	S1	采纳	我的天，是条子！
QuestLoc_ToGrandmothersHouseWeGo_Conversation_1_NPCEnd_2	S1	采纳	拿好，希望里面有什么好东西！
QuestLoc_VaultTecExperimentReviewA_Conversation_2_Team_1	S1	自定义	三个词：永远。不停。死爪。
QuestLoc_WastelandTheMusical_Conversation_3_NPCStart_1	S1	采纳	♪ 嘟哇哇，那是我们的歌 ♪\n♪ 想跟着唱？你敢试试！♪
QuestLoc_WhatsonSecond_QuestName	S1	采纳	“什么”在二垒？
QuestLoc_ZinesFromtheCommonwealth_QuestlineName	S1	采纳	来自联邦的杂志
Speech_Conversation_NPC2_Topic8_Response2	S1	采纳	哦，我知道了！“尸体”！
Tutorial_Tip_50	S1	采纳	鼹鼠会从紧挨着泥土的房间开始出现，还可能蔓延到整个避难所。
Tutorial_Tip_76	S1	采纳	有些任务需要秘密线索才能解锁。尽可能把能找到的容器都搜刮一遍！
Weapon_Description_ButcherKnife	S1	采纳	去好好教训别人一顿吧。懂我意思吗？
Weapon_Description_FatMan_Hardened	S1	采纳	更高当量的炮弹带来更大的爆炸……以及更多的阵亡者。
Weapon_Description_HuntingRifle	S1	采纳	非常适合猎杀猎物——不管是人还是野兽。
Weapon_Description_Magnum_Enhanced	S1	采纳	只要换上更好的瞄准镜，你就能像冠军一样横扫那些坏蛋。
Weapon_Description_PlasmaRifle_Amplified	S1	采纳	这把枪打在人身上会造成什么后果，完全无法想象。
Weapon_Description_Shotgun_Rusty	S1	采纳	它在谷仓里搁得太久了，但杀起人来依然不输任何好枪。
AlienDrone_campaign_ClaimedText	S2	采纳	您可以在库存中找到新的宠物。感谢您游玩辐射避难所。
Crafting_FreeJunk_Main1	S2	采纳	这里有一些配方和杂物，能打造出无法通过其他途径获得的武器和装备。
Crafting_FreeJunk_Main2	S2	采纳	还有许多物品无法找到，只能靠打造获得。选择要打造的物品时，它们会带有打造图标标识。
EULA_LEGAL_LINK	S2	采纳	https://www.zenimax.com/en/legal/mobile-eula
Encounet_Progression_Creature23	S2	采纳	一只火兵蚁？它又不会真的喷火。该我出手了！
Encounet_Progression_Creature43	S2	采纳	在这只死爪面前，我怎么可能活下来？！
Encounter_Defeat_Creature23	S2	采纳	这只英克雷死爪受过训练，会把挡它路的一切都杀掉！我得跑！
Encounter_Defeat_Repeatable_JunkLocation5	S2	采纳	一个我没察觉到的刀片陷阱，差点把我的脑袋削下来。还是回头吧。
Encounter_Message_Creature27	S2	采纳	一只硕大的超级变种人巨兽。
Encounter_Message_Repeatable_JunkLocation12	S2	采纳	一片开阔的田野，想不被发现地穿过去根本不可能。
Encounter_Random_Message107	S2	采纳	我的鞋底快磨破了。
Encounter_Victory_Creature3	S2	采纳	我杀死了巨大苍蝇，它炸成了一堆碎块。好恶心。
Help_Page01_MainText	S2	采纳	总会有三个目标可供您完成。\n\n您可以每天免费放弃一个目标，并会获得一个新目标作为替代。\n\n每天还能使用量子核子可乐跳过额外的目标。\n\n目标越难，奖励越大。
Help_Page08_MainText	S2	采纳	建造宿舍，诞生更多的新居民。\n\n- 建造更多房间来扩大您的避难所，生产更多的资源。\n\n- 注意避难所资源的标尺。在选择下一间要建造的房间时，它们是很好的参考。\n\n- 想要向下扩张时，请建造电梯。\n\n- 与两侧都相连的房间无法拆除。\n\n- 同种房间建造得越多就越贵。
Help_Page16_MainText	S2	采纳	避难所科技的午餐盒能加快您的进程。\n\n居民- 需要更快获得更多居民？每个午餐盒都有机会抽到一个居民。\n\n武器- 所有能在废土生存中用到的好东西。从BB枪到小型核武器“胖子”都有。\n\n装备- 给您的居民穿上这些又能增强属性又有型的好装备。\n\n宠物- 找到一位忠诚的伴侣，它会帮助您的居民，还能让您的避难所充满生机！\n\n量子核子可乐- 用这种清爽的饮料快速搞定一切。\n\n杂物- 在您的工坊里用这些被长时间遗忘的物件打造武器装备。\n\n资源- 储备充足的瓶盖，消辐宁，治疗针，食物，水和电。\n\n午餐盒里可能有普通，稀有或者传奇的物品。每个午餐盒至少会有一个居民或者稀有的物品。
Help_Page26_MainText	S2	采纳	任务能让您探索新的地点，遇见新的居民和收集战利品。\n\n建造监督者办公室来派遣居民小队去完成任务。\n\n点击监督者办公室里或者哔哔小子上的地图图标来进入任务列表。任务列表会显示您现在可以执行的任务，以及相对应的奖励，要求和状态。\n\n在任务中，将居民拖到新房间中来探索或者直接点击您想要探索的房间。\n\n居民会自动战斗，但是您可以先点击居民后点击敌人来让他们攻击一个特定目标。您也可以点击并按住一位居民，然后把出现的准星拖到敌人身上。\n\n居民在战斗时会出现一个暴击蓄力器；一旦准备好，您的蓄力居民正在攻击的敌人上方会出现一个勾形图标，点击会对敌人进行致命暴击。\n\n当箭头出现在十字线的中心时，请点击移动的箭头。离中心越近，暴击伤害的倍率就越高。\n\n居民的运气（L）属性越高，暴击蓄力器的恢复速度也就越快。居民的观察力（P）属性越高，箭头移动的速度越慢。\n\n点击右上角的地图图标查看必须完成和可选完成的任务目标。\n\n当您结束探险时，点击地图图标让任务小队返回避难所。
Help_Page26_MainText_PC	S2	采纳	任务能让您探索新的地点，遇见新的居民和收集战利品。\n\n建造监督者办公室来派遣居民小队去完成任务。\n\n点击监督者办公室里或者哔哔小子上的地图图标来进入任务列表。任务列表会显示您现在可以执行的任务，以及相对应的奖励，要求和状态。\n\n在任务中，将居民拖到新房间中来探索或者直接点击您想要探索的房间。\n\n居民会自动战斗，但是您可以先点击居民后点击敌人来让他们攻击一个特定目标。您也可以点击并按住一位居民，然后把出现的准星拖到敌人身上。\n\n居民在战斗时会出现一个暴击蓄力器；一旦准备好，您的蓄力居民正在攻击的敌人上方会出现一个勾形图标，点击会对敌人进行致命暴击。\n\n当箭头出现在十字线的中心时，请点击移动的箭头。离中心越近，暴击伤害的倍率就越高。\n\n居民的运气（L）属性越高，暴击蓄力器的恢复速度也就越快。居民的观察力（P）属性越高，箭头移动的速度越慢。\n\n点击右上角的地图图标查看必须完成和可选完成的任务目标。\n\n当您结束探险时，点击地图图标让任务小队返回避难所。
Help_Page26_MainText_PS4	S2	采纳	任务允许您探索新的地点，遇见新的居民和收集战利品。\n\n建造监督者办公室，从您的避难所里派出一队居民去完成任务。\n\n要访问任务列表，在监督者的办公室按或从哔哔小子选择地图图标。任务列表显示您的可用任务、奖励、需求和状态。\n\n在任务中，通过选择您希望居民前往的房间来探索地点。\n\n居民在战斗中自动战斗，但您可以命令一个选定的居民攻击一个特定的敌人，只需按住使一个目标出现，然后选择一个敌人。\n\n当您的居民战斗，他们将显示一个暴击计量器；时机成熟时，一个复选标记图标将出现在您的居民正攻击的敌人身上。\n\n当一个居民被选中后，用左摇杆选择复选标记，然后按住发动致命一击。\n\n按以停止出现的移动的箭头；箭头越靠近十字线的中心，您的致命一击的伤害倍数就越高。\n\n居民的运气属性越高，暴击计量器填充得越快，您的居民观察力越高，暴击箭头移动得就越慢。\n\n按可以查看必须完成和可选完成的任务目标。\n\n当您完成探索后，可通过任务目标界面将任务小队召回避难所。
Help_Page26_MainText_Switch	S2	采纳	任务允许您探索新的地点，遇见新的居民和收集战利品。\n\n建造监督者办公室，从您的避难所里派出一队居民去完成任务。\n\n要访问任务列表，在监督者的办公室按或从哔哔小子选择地图图标。任务列表显示您的可用任务、奖励、需求和状态。\n\n在任务中，通过选择您希望居民前往的房间来探索地点。\n\n居民在战斗中自动战斗，但您可以命令一个选定的居民攻击一个特定的敌人，只需按住使一个目标出现，然后选择一个敌人。\n\n当您的居民战斗，他们将显示一个暴击计量器；时机成熟时，一个复选标记图标将出现在您的居民正攻击的敌人身上。\n\n当一个居民被选中后，用左摇杆选择复选标记，然后按住发动致命一击。\n\n按以停止出现的移动的箭头；箭头越靠近十字线的中心，您的致命一击的伤害倍数就越高。\n\n居民的运气属性越高，暴击计量器填充得越快，您的居民观察力越高，暴击箭头移动得就越慢。\n\n按可以查看必须完成和可选完成的任务目标。\n\n当您完成探索后，可通过任务目标界面将任务小队召回避难所。
Help_Page26_MainText_Xbox	S2	采纳	任务能让您探索新的地点，遇见新的居民和收集战利品。\n\n建造监督者办公室来派遣居民小队去完成任务。\n\n按下监督者办公室里的或者哔哔小子上的地图图标来进入任务列表。任务列表会显示您现在可以执行的任务，以及相对应的奖励，要求和状态。\n\n在任务中，选择您希望居民前往的房间即可探索地点。\n\n居民会自动战斗，但您可以命令选定的居民攻击一个特定目标：按住使目标出现，然后选择敌人。\n\n居民在战斗时会出现一个暴击蓄力器；一旦准备好，居民攻击的敌人上方会出现一个勾形图标。\n\n当选中一个居民时，用左摇杆选择勾形图标，按住来释放一次致命暴击。\n\n当箭头出现在十字线的中心时，按下来停下移动的箭头。离中心越近，暴击伤害的倍率就越高。\n\n居民的运气（L）属性越高，暴击蓄力器的恢复速度也就越快。居民的观察力（P）属性越高，箭头移动的速度越慢。\n\n按下来查看必须和选择性完成的任务目标。\n\n当您结束探险时，可以从任务目标里让任务小队返回避难所。
Junk_Desc_BrahminHide	S2	采纳	用来做全粒面皮夹克再好不过。有两个头，正好做两个兜帽！
Junk_Desc_DuctTape	S2	采纳	每个修理工的秘密武器——用它把东西牢牢固定住。
Junk_Desc_MilitaryDuctTape	S2	采纳	用这东西能把一艘航空母舰拼在一起，不信你可以问问铆钉城的居民。
Login_PasswordDoesntMatch	S2	采纳	两次输入的密码不一致
MainMenu_Survival_Mode_Confirm	S2	采纳	避难所科技特级警报！我们发现您正选择参加我们迄今为止最严苛、最危险的社会实验——生存模式！在生存模式中，您的避难所将面临更致命的威胁，对资源的需求也会更大，而且您将无法复活已死亡的居民！
Message_Intro_04	S2	采纳	每个房间都会使用一项 SPECIAL 属性。把 SPECIAL 属性最好的居民分配进去，能让他们开心并产出额外的资源。
Message_MaxLevel	S2	采纳	已达最高等级
Message_OneHundredMillionPopup_Body	S2	采纳	经过大家的共同努力，我们取得了一个重要的里程碑：\n\n超过1亿名监督者已经创建了属于他们自己的避难所！\n请收下这份免费礼物，这是避难所科技在向您说……谢谢！\n别忘了明天再来领取另一份特别的奖励！
Message_OneHundredMillionPopup_Body2	S2	采纳	经过大家的共同努力，我们取得了一个重要的里程碑：\n\n超过1亿名监督者已经创建了属于他们自己的避难所！\n请收下这份免费礼物，这是避难所科技在向您说……谢谢！
Message_Quest_DeadDweller_RemoveAll_Warning	S2	采纳	您将失去死去的居民。您确定要全部移除吗？
Message_ThemeChange_Diner	S2	采纳	所有已完全合并并升级的餐厅，其主题都将从{0}更改为{1}。确定吗？
Message_ThemeChange_LivingQuarters	S2	采纳	所有已完全合并并升级的宿舍，其主题都将从{0}更改为{1}。确定吗？
Message_TutorialPopup_01_Body	S2	采纳	当任何一项资源不足时，屏幕顶端的资源条都会变红。\n\n电力不足时，房间将陆续停止运作。\n食物不足时，居民会开始损失生命值。\n水不足时，居民会受到辐射伤害。\n\n资源条上的所需资源线显示了避难所当前的资源需求。
Message_TutorialPopup_15_Body	S2	采纳	您可以点击居民打开居民信息面板，给居民配备武器和装备，或者使用消辐宁和治疗针。
Message_TutorialPopup_15_Body_PC	S2	采纳	您可以点击居民打开居民信息面板，给居民配备武器和装备，或者使用消辐宁和治疗针。
Message_TutorialPopup_15_Body_Xbox	S2	采纳	选中居民即可打开居民信息面板，为居民配备武器和装备，或者使用消辐宁和治疗针。
Message_Tutorial_50	S2	采纳	{虚线矩形边框}内的{物品}超出了您的{库存}容量，在有足够空间之前无法{使用}。
Message_XboxSomethingWrong	S2	采纳	出错。请重试，或重启游戏。
MrHandyDialog_Wasteland_27	S2	采纳	想想看，人类还担心机器人会反叛他们呢。他们自己反目成仇，倒是干得挺漂亮的……
MrHandyDialog_Wasteland_29	S2	采纳	像个乡巴佬一样在废土上捡破烂？我可不该沦落到这个地步。
MrHandyDialog_Wasteland_68	S2	采纳	小孩的木制积木，来自战前。不知道那孩子后来怎么样了……哦。
NewVegasB_Description	S2	采纳	新维加斯需要你的关注，监督者。建造一座新避难所，以保护并支持避难所科技在该地区的盟友。招募关键人员，消灭所有敌对势力，让新维加斯的灯塔照亮整片废土！愿幸运女神对你微笑！
Notification_Crafting_Theme_End	S2	采纳	您的{0}主题已经完成！
Outfit_Description_BattleArmor_Sturdy	S2	采纳	能让你拥有雇佣兵队长的外形与防护。
Outfit_Description_BittercupSpecial	S2	采纳	对于所有童心未泯、却不得不忍受废土的人来说再完美不过。
Outfit_Description_ColonelSpecial	S2	采纳	曾由一位强硬的上校穿着。现在轮到你发号施令了。
Outfit_Description_DetectiveOutfit	S2	采纳	为任何有自尊的废土侦探准备的侦探行头——不管你是不是人类。
Outfit_Description_InstituteJumper_Expert	S2	采纳	让你看起来像个合成人——省掉身份认同危机。
Outfit_Description_JailhouseRocker	S2	采纳	末日前猫王《监狱摇滚》演出服的复制品，曾由新维加斯帮派“猫王帮”穿着。
Outfit_Description_LabCoat_Advanced	S2	采纳	分裂原子，或者发明曲速航行——全都能赶在午饭前搞定。
Outfit_Description_LegatesArmor	S2	采纳	令人胆寒的护甲，属于废土上最凶悍的军队里最凶悍的人物之一。
Outfit_Description_LibrarianSpecial	S2	采纳	向所有人证明：在未来，纸质印刷并没有消亡。
Outfit_Description_MaJuneJacket	S2	采纳	别指望穿着这身行头的人会大惊小怪，十有八九他们手里已经端着步枪了。
Outfit_Description_MaximusJacket	S2	采纳	红色能掩盖血迹，军衔臂章则能掩盖严重的自我怀疑。
Outfit_Description_MoviefanSpecial	S2	采纳	最适合在废弃的老式汽车影院里消磨时光。
Outfit_Description_PowerArmor_T45d	S2	采纳	战前被派去对抗中国坦克。你没听错——就是坦克。
Outfit_Description_PrestonSpecial	S2	采纳	献给有荣誉感的人——他们随时都愿意出手相助。
Outfit_Description_RaiderArmor_Heavy	S2	采纳	给那个管着其他疯子的疯子准备的。
Outfit_Description_ScientistScrubs_Commander	S2	采纳	你一下令，人们就会跳起来。跳得老高。
Outfit_Description_ScientistScrubs_Officer	S2	采纳	适合那些你必须拿出威严气场的场合。
Outfit_Description_SleekSuit	S2	采纳	这套西装光鲜至极，当年就是靠它把未来推销了出去。
Outfit_Description_SodaFountainDress	S2	采纳	风格、格调，再掺上点……苏打？完美的混搭。
Outfit_Description_SoldierSpecial	S2	采纳	配得上美国军队，也配得上你。
Outfit_Description_SpecialThemeHalloween	S2	采纳	不给糖就捣蛋，收了糖果就享用，只是别吃到血糖飙升。
Outfit_Description_SpecialThemeHalloween2	S2	采纳	骷髅——2077年最流行的万圣节服装，也是2078年前后美国人的标准形象。
Outfit_Description_SpecialThemeXmas	S2	采纳	又到了证明圣诞老人还会来你的避难所的季节了——即使这里没有烟囱。
Outfit_Description_SurgeonSpecial	S2	采纳	给受伤的朋友包扎伤口正合适，给自己包扎也一样。
Outfit_Description_Suspenders	S2	采纳	是想走乡村时尚风，还是边缘潮人范儿？让他们猜去吧。
Outfit_Description_WandererArmor_Heavy	S2	采纳	猎手还是猎物，英雄还是恶棍——只要你是狠角色，就穿上它。
Outfit_Description_jump	S2	采纳	避难所时尚的终极宣言。
Pet_Description_akita_l	S2	采纳	喜欢自认为是老大，你得让它明白谁才是主人。
Pet_Description_blacklab_l	S2	采纳	由孩子们养大，人人都疼它。早就习惯了在地下生活。
Pet_Description_bloodhound_l	S2	采纳	闻到了吗？没有？它闻得到！
Pet_Description_blueyellowmacaw_l3	S2	采纳	要论学人说话，它可从不怯场。
Pet_Description_bombay_b	S2	采纳	招厄运那说法也太夸张了吧。
Pet_Description_cattledog_b	S2	采纳	儿童。双头牛。死爪。它全都能放牧。
Pet_Description_collie_b	S2	采纳	困在了井里？它会去搬救兵！
Pet_Description_cx404_l	S2	采纳	一个训练有素的前英克雷特工，专精嗅嗅和汪汪叫。
Pet_Description_doberman_b	S2	采纳	有攻击性？当然。又忠诚又亲人？那还用说。
Pet_Description_goldenret_l	S2	采纳	据说它能一次接住五个球。
Pet_Description_laperm_b	S2	采纳	就爱把人类当宠物养。
Pet_Description_laperm_l3	S2	采纳	它一身华丽的皮毛，还有与之相配的傲气。
Pet_Description_ocicat_l	S2	采纳	它身上的斑点比脑子还多，但你还是会一样喜欢它。
Pet_Description_poodle_b	S2	采纳	别被这身花哨行头骗了——它聪明、乖巧又强壮。
Pet_Description_rottweiler_b	S2	采纳	它个头大又不好惹，却忠心又听话，会是你一辈子的朋友。
