类别	EN	非句首出现次数	库内主要中译
地点	Vault	539	您的避难所有{0}位居民(3) ｜ 正在离开避难所(2) ｜ 前往909号避难所寻找宝拉·普朗布金。(2)
地点	Wasteland	270	您的一位居民在废土上探索一段时间了，您应该看看他们怎么样了。(6) ｜ 在末世废土中处理辐射。显然，有人的脑子需要进化了……(4) ｜ 您可以派遣您的居民去废土探险。将一个居民拖拽到避难所外，给他们物资，让他们开始冒险吧！(2)
地点	Vault-Tec	44	用{量子核子可乐}，您可以立即到达{任务}地点。{点击}这里用避难所科技提供的{量子核子可乐}来极速到达{任务}现场。(2) ｜ 避难所科技鹦鹉(2) ｜ 返回避难所科技办公室。(2)
地点	Vault Dwellers	25	其实我们是伪装的避难所居民。来这里暗中监视你们的！(5) ｜ 再见，避难所居民！(2) ｜ 希望这些人类今天开心。脾气暴躁的避难所居民可麻烦了。(2)
地点	Super-Duper Mart	22	在大无敌超市寻找战利品。(2) ｜ 一位探索废土的居民途经了一个大无敌超市。里面应该会有些有用的东西。(1) ｜ 探险时发现一个大无敌超市！(1)
地点	Super Duper Mart	17	消灭大无敌超市的掠夺者首领。(2) ｜ 搜索大无敌超市。(2) ｜ 偶然路过了一个大无敌超市，彻底搜查了一遍。(1)
地点	Vault Dweller	17	其实我们是伪装的避难所居民。来这里暗中监视你们的！(5) ｜ 再见，避难所居民！(2) ｜ 希望这些人类今天开心。脾气暴躁的避难所居民可麻烦了。(2)
地点	Red Rocket	17	调查红火箭服务站。(2) ｜ 在红火箭加油站里寻找零件。(1) ｜ 红火箭服务站里有人在大声呼救。(1)
地点	RobCo	13	哼，一个破烂的保护者机器人。典型的罗伯科劣质货。(2) ｜ 去见罗伯科工厂里的定居者们。(1) ｜ 需要让钢铁兄弟会相信我们的避难所值得成为一个哨所！是时候去支援罗伯科办公大楼里的那支士兵小队了。(1)
地点	Commonwealth	12	来自联邦的杂志(1) ｜ 整个联邦的红果植株都在枯萎。定居者们要饿死了！也许我们能帮忙。(1) ｜ 原子之子把联邦的哪个区域作为了他们的家？(1)
地点	Overseer's Office	10	完成{0}次监督者办公室的任务(2) ｜ 任务能让您探索新的地点，遇见新的居民和收集战利品。

建造监督者办公室来派遣居民小队去完成任务。

点击监督者办公室里或者哔哔小子上的地图图标来进入任务列表。任务列表会显示您现在可以执行的任务，以及相对应的奖励，要求和状态。

在任务中，将居民拖到新房间中来探索或者直接点击您想要探索的房间。

居民会自动战斗，但是您可以先点击居民后点击敌人来让他们攻击一个特定目标。您也可以点击并按住一位居民，然后把出现的准星拖到敌人身上。

居民在战斗时会出现一个暴击蓄力器；一旦准备好，您的蓄力居民正在攻击的敌人上方会出现一个勾形图标，点击会对敌人进行致命暴击。

当箭头出现在十字线的中心时，请点击移动的箭头。离中心越近，暴击伤害的倍率就越高。

居民的运气（L）属性越高，暴击蓄力器的恢复速度也就越快。居民的观察力（P）属性越高，箭头移动的速度越慢。

点击右上角的地图图标查看必须完成和可选完成的任务目标。

当您结束探险时，点击地图图标让任务小队返回避难所。(2) ｜ 任务允许您探索新的地点，遇见新的居民和收集战利品。

建造监督者办公室，从您的避难所里派出一队居民去完成任务。

要访问任务列表，在监督者的办公室按或从哔哔小子选择地图图标。任务列表显示您的可用任务、奖励、需求和状态。

在任务中，通过选择您希望居民前往的房间来探索地点。

居民在战斗中自动战斗，但您可以命令一个选定的居民攻击一个特定的敌人，只需按住使一个目标出现，然后选择一个敌人。

当您的居民战斗，他们将显示一个暴击计量器；时机成熟时，一个复选标记图标将出现在您的居民正攻击的敌人身上。

当一个居民被选中后，用左摇杆选择复选标记，然后按住发动致命一击。

按以停止出现的移动的箭头；箭头越靠近十字线的中心，您的致命一击的伤害倍数就越高。

居民的运气属性越高，暴击计量器填充得越快，您的居民观察力越高，暴击箭头移动得就越慢。

按可以查看必须完成和可选完成的任务目标。

当您完成探索后，可通过任务目标界面将任务小队召回避难所。(2)
地点	Vault Door	9	驱逐居民时，将他们拖到废土上，然后点击红色大门的按钮，而不是派他们去探险。

给居民配备的所有物品将会返还给避难所库存。(2) ｜ 将居民拖到废土上并点击红色门按钮可以驱逐他们。(2) ｜ 您的避难所随时都会发生灾害！当极速模式失败时，也会造成灾害。灾害是随机的，请注意以下情况：

火灾-在火势蔓延到其他房间之前赶紧扑灭。

辐射蟑螂-这些烦人的小虫子很难根除。趁它们还没扩散，赶紧消灭。

掠夺者- 掠夺者们会闯入避难所然后破坏资源。赶紧阻止他们！如果不小心的话，强悍的掠夺者们还会偷走瓶盖！升级您的避难所入口将会使得掠夺者花费更长时间进入，因此给您更多时间准备。您可以派居民驻守入口，在他们进入时形成良好的前线防御。您可以从死亡的掠夺者身上掠夺瓶盖和物品！

鼹鼠- 这些坏蛋喜欢从土里挖进您的避难所，吃掉每个房间的电线。迅速消灭它们，不然您的电力将枯竭！

死爪-您每一次打开避难所的大门，都是在给这些野兽们发送邀请信息。它们会毫不留情地来避难所破坏资源。请备好充足的治疗针和武器，不然它们会像切蛋糕一样劈开您的居民！

狂尸鬼- 狂尸鬼会在您的避难所里四处跑动，制造混乱，给居民带来物理和辐射伤害。

辐射蝎- 这些变种的蝎子能钻洞，然后随机攻击避难所里任何的房间。请迅速解决掉它们，因为它们的攻击也会带来辐射伤害。

孕妇和孩子在灾害发生时会躲起来。(1)
地点	New Vegas	8	避难所科技已将诺瓦克认定为推进我们在莫哈维地区利益的战略要地。招募忠诚盟友，将诺瓦克收入麾下，并在新维加斯璀璨霓虹的映照下将其打造成一座闪耀的灯塔！我们押注你，监督者！(1) ｜ 新维加斯大道(1) ｜ 那个卖蛇油的把我们派到新维加斯所谓“西区”的一栋摇摇欲坠的楼里。等我们收拾完他们，他们就再也造不出“奇迹血清”了。(1)
地点	Experimental Vault	8	在本赛季新实验避难所中考验您作为监督者的实力！实验避难所引入全新玩法和独家奖励。赛季时间有限——千万别错过！(5) ｜ 请前往您的普通避难所，领取实验避难所中所有未领取的奖励以及剩余的量子核子可乐。(1) ｜ 在实验避难所中执行以下操作以提升评分：(1)
地点	Vault-Tec's	7	经过大家的共同努力，我们取得了一个重要的里程碑：

超过1亿名监督者已经创建了属于他们自己的避难所！
请收下这份免费礼物，这是避难所科技在向您说……谢谢！(1) ｜ 本来是为那些最不守时的避难所科技的员工准备的。(1) ｜ 任何走近它的人都消失了。我想它一定是闹鬼了！避难所科技当地的办公室应该会有更多的信息。(1)
地点	Vault's	7	当任何一项资源不足时，屏幕顶端的资源条都会变红。

电力不足时，房间将陆续停止运作。
食物不足时，居民会开始损失生命值。
水不足时，居民会受到辐射伤害。

资源条上的所需资源线显示了避难所当前的资源需求。(1) ｜ 我们几乎已经向钢铁兄弟会证明了避难所的价值！最后的任务——核子可乐工厂的救援行动。(1) ｜ 对抗毒害避难所供水的阴谋。(1)
地点	Nuka-Cola Plant	7	探索核子可乐工厂。(2) ｜ 核子可乐工厂主题(1) ｜ 你所有已完全合并并升级的核子可乐工厂主题将从{0}更改为{1}。确认吗？(1)
地点	Radio Room	6	广播室能吸引来自废土的新居民。

- 广播室会周期性地发出信号，召唤新居民加入。有时会收到回应。

- 如果广播室的计时器走到零还没有新的居民回应，计时器会自动重启。

- 将魅力值高的居民分配在广播室能够加速信号的发出。

- 升级广播室能增加吸引新居民的概率。

- 广播信号也可能把死爪引到您的避难所。

- 如果您不想吸引新居民，可以让广播室停止呼叫。

- 在广播室里分配居民能够提升避难所的整体幸福度，无论广播室是否正在招募新居民。(1) ｜ 提示：合并广播室将会增加吸引外来居民的概率。(1) ｜ 即使您停止了广播室的对外召唤功能，它仍能提升居民的幸福度。(1)
地点	Overseer of Vault	6	从144号避难所的监督者处了解“死亡”的真相！(1) ｜ 333号避难所的监督者也许能帮助我们找到宝拉·普朗布金，但首先我们得杀掉“坦克弗兰克”。(1) ｜ 和404号避难所的监督者讨论关于新号角报的事。(1)
地点	RobCo Building	6	搜索罗伯科大楼，寻找有关瓶瓶和盖盖的线索。(1) ｜ 他们去了罗伯科大楼，但你们活不到再侮辱我们同类的那一天！(1) ｜ 如果我告诉你他们在罗伯科大楼，你们能走开吗？(1)
地点	Nuka-Cola Factory	6	不要伤害我！掠夺者把他们带去了核子可乐工厂。(1) ｜ 他们去了核子可乐工厂。现在让我静静吧！(1) ｜ 从核子可乐工厂中拯救瓶瓶和盖盖。(1)
地点	Church	6	拯救教会失踪的修士。(1) ｜ 我们认为失踪的教会见习信徒威尔修士可能被驻扎在附近的一帮掠夺者绑架了。我们会派一支队伍去救他，等他平安回来之后，再视情况通知忏悔者阿尔瓦拉多。(1) ｜ 我们被邀请参加原子之子一年一度的死爪蛋寻宝活动！这是验证威尔修士说法的好机会——教会打算在复活节当天引爆一枚大型核弹……(1)
地点	Novac	6	把大汗帮赶出诺瓦克的恐龙迪莱特旅馆。(1) ｜ 驱逐诺瓦克(1) ｜ 避难所科技已将诺瓦克认定为推进我们在莫哈维地区利益的战略要地。招募忠诚盟友，将诺瓦克收入麾下，并在新维加斯璀璨霓虹的映照下将其打造成一座闪耀的灯塔！我们押注你，监督者！(1)
地点	Red Rocket Truck Stop	5	调查红火箭服务站。(2) ｜ 红火箭服务站里有人在大声呼救。(1) ｜ 在红火箭服务站有一窝恶心的辐射蟑螂。(1)
地点	Wasteland Logs	5	1. 废土-按打开废土日志。
2. 居民菜单-可方便地排序和选择您的居民。
3. 幸福-避难所整体幸福度。按查看它为您的避难所提供的加成。
4. 资源栏-当前资源的数量。不要让它们低于所需的资源线，否则您的避难所情况将开始恶化。点击左摇杆查看您有多少资源。
5. 瓶盖-您当前的瓶盖数量。
6. 建造锤子-按建造房间。
7. 哔哔小子-按打开哔哔小子菜单。哔哔小子上的数字意味着您有午餐盒要打开。感叹号表示有待收取的目标奖励。
8. 午餐盒-选择午餐盒图标进入午餐盒菜单。数字意味着您有午餐盒要打开。
9. 目标—选择缎带转到目标页面。感叹号表示有待收取的目标奖励。
10. 库存-选择箱子以进入库存菜单。
11. 生存指南-选择书以打开避难所居民生存指南。
12. 设置-选择齿轮以打开设置菜单。(2) ｜ 1. 废土- 点击避难所外面可查看废土日志。
2. 居民菜单- 可以用来快速整理和选择您的居民。
3. 幸福度- 避难所整体的幸福度。点击可以查看它为避难所带来哪些加成。
4. 资源条- 您现有的资源总量。勿让资源低于所需资源线，否则避难所将开始恶化。点击可查看您有多少资源。
5. 瓶盖- 点击瓶盖可以进入午餐盒商店。
6. 建造锤子-点击可建造房间
7. 哔哔小子- 点击哔哔小子可打开菜单。数字表示您有可以打开的午餐盒。感叹号表示有目标奖励可领取。
8. 午餐盒- 点击可进入午餐盒菜单
9. 目标- 点击缎带图标进入目标页面。一个感叹号表示有目标奖励可以领取。
10. 库存- 点击盒子图标进入库存菜单。
11. VDSG- 点击书图标可打开避难所居民生存指南
12. 设置- 点击齿轮图标可进入设置菜单。(1) ｜ 1. 废土- 点击避难所外面可查看废土日志。
2. 居民菜单- 可以用来快速整理和选择您的居民。
3. 幸福度- 避难所整体的幸福度。点击可以查看它能为避难所带来哪些加成。
4. 资源条- 您现有的资源总量。勿让资源低于所需资源线，否则避难所将开始恶化。点击可查看您有多少资源。
5. 瓶盖- 点击瓶盖可以进入午餐盒商店。
6. 建造锤子-点击可建造房间
7. 哔哔小子- 点击哔哔小子可打开菜单。数字表示您有可以打开的午餐盒。感叹号表示有目标奖励可领取。
8. 午餐盒- 点击可进入午餐盒菜单
9. 目标- 点击缎带图标进入目标页面。一个感叹号表示有目标奖励可以领取。
10. 库存- 点击盒子图标进入库存菜单。
11. VDSG- 点击书图标可打开避难所居民生存指南
12. 设置- 点击齿轮图标可进入设置菜单。(1)
地点	Vault Happiness	5	1. 废土-按打开废土日志。
2. 居民菜单-可方便地排序和选择您的居民。
3. 幸福-避难所整体幸福度。按查看它为您的避难所提供的加成。
4. 资源栏-当前资源的数量。不要让它们低于所需的资源线，否则您的避难所情况将开始恶化。点击左摇杆查看您有多少资源。
5. 瓶盖-您当前的瓶盖数量。
6. 建造锤子-按建造房间。
7. 哔哔小子-按打开哔哔小子菜单。哔哔小子上的数字意味着您有午餐盒要打开。感叹号表示有待收取的目标奖励。
8. 午餐盒-选择午餐盒图标进入午餐盒菜单。数字意味着您有午餐盒要打开。
9. 目标—选择缎带转到目标页面。感叹号表示有待收取的目标奖励。
10. 库存-选择箱子以进入库存菜单。
11. 生存指南-选择书以打开避难所居民生存指南。
12. 设置-选择齿轮以打开设置菜单。(2) ｜ 1. 废土- 点击避难所外面可查看废土日志。
2. 居民菜单- 可以用来快速整理和选择您的居民。
3. 幸福度- 避难所整体的幸福度。点击可以查看它为避难所带来哪些加成。
4. 资源条- 您现有的资源总量。勿让资源低于所需资源线，否则避难所将开始恶化。点击可查看您有多少资源。
5. 瓶盖- 点击瓶盖可以进入午餐盒商店。
6. 建造锤子-点击可建造房间
7. 哔哔小子- 点击哔哔小子可打开菜单。数字表示您有可以打开的午餐盒。感叹号表示有目标奖励可领取。
8. 午餐盒- 点击可进入午餐盒菜单
9. 目标- 点击缎带图标进入目标页面。一个感叹号表示有目标奖励可以领取。
10. 库存- 点击盒子图标进入库存菜单。
11. VDSG- 点击书图标可打开避难所居民生存指南
12. 设置- 点击齿轮图标可进入设置菜单。(1) ｜ 1. 废土- 点击避难所外面可查看废土日志。
2. 居民菜单- 可以用来快速整理和选择您的居民。
3. 幸福度- 避难所整体的幸福度。点击可以查看它能为避难所带来哪些加成。
4. 资源条- 您现有的资源总量。勿让资源低于所需资源线，否则避难所将开始恶化。点击可查看您有多少资源。
5. 瓶盖- 点击瓶盖可以进入午餐盒商店。
6. 建造锤子-点击可建造房间
7. 哔哔小子- 点击哔哔小子可打开菜单。数字表示您有可以打开的午餐盒。感叹号表示有目标奖励可领取。
8. 午餐盒- 点击可进入午餐盒菜单
9. 目标- 点击缎带图标进入目标页面。一个感叹号表示有目标奖励可以领取。
10. 库存- 点击盒子图标进入库存菜单。
11. VDSG- 点击书图标可打开避难所居民生存指南
12. 设置- 点击齿轮图标可进入设置菜单。(1)
地点	Vault Dweller Surivival Guide	5	1. 废土-按打开废土日志。
2. 居民菜单-可方便地排序和选择您的居民。
3. 幸福-避难所整体幸福度。按查看它为您的避难所提供的加成。
4. 资源栏-当前资源的数量。不要让它们低于所需的资源线，否则您的避难所情况将开始恶化。点击左摇杆查看您有多少资源。
5. 瓶盖-您当前的瓶盖数量。
6. 建造锤子-按建造房间。
7. 哔哔小子-按打开哔哔小子菜单。哔哔小子上的数字意味着您有午餐盒要打开。感叹号表示有待收取的目标奖励。
8. 午餐盒-选择午餐盒图标进入午餐盒菜单。数字意味着您有午餐盒要打开。
9. 目标—选择缎带转到目标页面。感叹号表示有待收取的目标奖励。
10. 库存-选择箱子以进入库存菜单。
11. 生存指南-选择书以打开避难所居民生存指南。
12. 设置-选择齿轮以打开设置菜单。(2) ｜ 1. 废土- 点击避难所外面可查看废土日志。
2. 居民菜单- 可以用来快速整理和选择您的居民。
3. 幸福度- 避难所整体的幸福度。点击可以查看它为避难所带来哪些加成。
4. 资源条- 您现有的资源总量。勿让资源低于所需资源线，否则避难所将开始恶化。点击可查看您有多少资源。
5. 瓶盖- 点击瓶盖可以进入午餐盒商店。
6. 建造锤子-点击可建造房间
7. 哔哔小子- 点击哔哔小子可打开菜单。数字表示您有可以打开的午餐盒。感叹号表示有目标奖励可领取。
8. 午餐盒- 点击可进入午餐盒菜单
9. 目标- 点击缎带图标进入目标页面。一个感叹号表示有目标奖励可以领取。
10. 库存- 点击盒子图标进入库存菜单。
11. VDSG- 点击书图标可打开避难所居民生存指南
12. 设置- 点击齿轮图标可进入设置菜单。(1) ｜ 1. 废土- 点击避难所外面可查看废土日志。
2. 居民菜单- 可以用来快速整理和选择您的居民。
3. 幸福度- 避难所整体的幸福度。点击可以查看它能为避难所带来哪些加成。
4. 资源条- 您现有的资源总量。勿让资源低于所需资源线，否则避难所将开始恶化。点击可查看您有多少资源。
5. 瓶盖- 点击瓶盖可以进入午餐盒商店。
6. 建造锤子-点击可建造房间
7. 哔哔小子- 点击哔哔小子可打开菜单。数字表示您有可以打开的午餐盒。感叹号表示有目标奖励可领取。
8. 午餐盒- 点击可进入午餐盒菜单
9. 目标- 点击缎带图标进入目标页面。一个感叹号表示有目标奖励可以领取。
10. 库存- 点击盒子图标进入库存菜单。
11. VDSG- 点击书图标可打开避难所居民生存指南
12. 设置- 点击齿轮图标可进入设置菜单。(1)
地点	Vault Suit	5	我是一个有执照的避难所套装检查员。我需要紧紧地拥抱你。(1) ｜ 一件标准的避难所服装，用来适应废土的严酷环境。(1) ｜ 告诉圣诞老人我们真的需要一些新的避难所套装！(1)
地点	Vault Exterior THEME	5	用通行证获取赛季最大收益。解锁高级奖励赛道，包含避难所外观主题、日落沙士装瓶厂主题、新传奇居民等更多内容。奖励可在所有避难所领取。(1) ｜ 用通行证获取赛季最大收益。解锁高级奖励赛道，包含避难所外观主题、宿舍主题、新传奇居民等更多内容。奖励可在所有避难所领取。(1) ｜ 用通行证获取赛季最大收益。解锁高级奖励赛道，包含避难所外观主题、武器工厂主题、辐射极琉矿武器等更多内容。奖励可在所有避难所领取。(1)
地点	Mojave	5	避难所科技已将诺瓦克认定为推进我们在莫哈维地区利益的战略要地。招募忠诚盟友，将诺瓦克收入麾下，并在新维加斯璀璨霓虹的映照下将其打造成一座闪耀的灯塔！我们押注你，监督者！(1) ｜ 亚麻布：莫哈维沙漠中唯一合适的正装，除非你不在乎汗渍。(1) ｜ 尽管我们取得了成功，更多流氓保安机器人在莫哈维地区肆虐。罗伯科工厂或许能找到答案。(1)
地点	Broadcasting Tower	4	正试图找到进入广播塔的路。(1) ｜ 广播塔的入口完全被挡住了。没法进去。(1) ｜ 我找到一扇没上锁的门进了广播塔，里面有个物资储藏点。(1)
地点	Ultracite Mine	4	建造1座辐射极琉矿矿场(1) ｜ 将至少拥有{0}点{1}属性的居民分配至辐射极琉矿矿场(1) ｜ 无法摧毁。在此建造辐射极琉矿矿场。(1)
地点	Heaven	4	拜托，我是一个家务机器人，又不是一辆坦克。我来这干什么？！(2) ｜ 天哪，这里乱得都没有办法清理了，我都快恐慌发作了。(2) ｜ 长眠于冰冷坚硬的钢铁之中——这就是机器人的天堂。(2)
地点	General Atomics International	4	我是巧手先生型机器人，通用原子国际的骄傲！(2) ｜ 要是通用原子国际的制造者们看到我现在的样子……(2) ｜ 感谢通用原子国际让我免受恶心和肥胖的威胁。(2)
地点	General Atomics	4	我是巧手先生型机器人，通用原子国际的骄傲！(2) ｜ 那是？没错，那是个破败的通用原子工厂。看来他们造完我之后就把模具给砸了。这可是字面意思。(2) ｜ 要是通用原子国际的制造者们看到我现在的样子……(2)
地点	Wasteland's	4	大维斯在向你叫板！是时候把他拉下马，成为废土头号大型猎物猎人了！(1) ｜ 传说中的那副装甲，废土上最伟大的英雄曾穿着它……(1) ｜ 参加废土最有名望的选美比赛。(1)
地点	Cabin	4	探索小屋。(6) ｜ 你在废土上发现一幢旧的小屋。(2) ｜ 发现一座废弃小屋，进去看了看。(1)
地点	Kendall Hospital	4	在肯德尔医院找到普雷斯顿·加维。(2) ｜ 肯德尔医院。(1) ｜ 记得他好像提到了肯德尔医院。拿着这个。他不小心留下的。我觉得你们能用得上。(1)
地点	Nuka-World	4	请说出核子世界里一个掠夺者帮派的名字。(1) ｜ 瓶瓶和盖盖在核子世界被掠夺者们绑架了！最后一次被发现是在一座废弃的工厂里。赶紧去那里救他们，不然就太迟了！(1) ｜ 至少比和那些核子世界来的掠夺者关在一起强。(1)
地点	Lakeville Library	4	教练在莱克维尔图书馆的墙上喷了一条嘲讽的留言！我们快追上了！该去789号避难所的废墟搜一搜了。(1) ｜ 去莱克维尔图书馆找教练。(1) ｜ 好吧。所以圣心脏医院肯定是条死路了，但至少我们都还活着！下一站，莱克维尔图书馆的废墟。(1)
地点	Wilson Atomatoys Factory	4	一个居民告诉我“麦克森硬汉小队”去了威尔逊原子玩具厂。我下一站就去那里。(1) ｜ 前往威尔逊原子玩具厂寻找“麦克森硬汉小队”。(1) ｜ 探索威尔逊原子玩具厂。(1)
地点	RobCo Corporate Offices	4	需要让钢铁兄弟会相信我们的避难所值得成为一个哨所！是时候去支援罗伯科办公大楼里的那支士兵小队了。(1) ｜ 支援罗伯科办公大楼的士兵们。(1) ｜ 去罗伯科办公大楼支援兄弟会。(1)
地点	Atomatoys Offices	4	没什么，他们只是想抓合成人！我想他们去了旧原子玩具厂办公室……(1) ｜ 那些我们想要帮助的合成人好像去了旧原子玩具厂办公室……(1) ｜ 学院里来的机器人！他们不应该被强行拉到原子玩具厂办公室……(1)
地点	NEW Vault Exterior	4	解锁所有赛季奖励：
- 全新避难所外观[-][F7C531]主题[-]
- 全新宿舍[-][F7C531]主题[-]
- [-][F7C531]新居民[-]及[-][F7C531]更多！[-](1) ｜ 解锁所有赛季奖励：
- 全新避难所外观[-][F7C531]主题[-]
- 全新核子可乐装瓶室[-][F7C531]主题[-]
- [-][F7C531]新居民[-]及[-][F7C531]更多！[-](1) ｜ 解锁全部赛季奖励：
- 新的避难所外观[-][F7C531]主题[-]
- 新的英克雷避难所房间[-][F7C531]主题[-]
- [-][F7C531]新居民[-]及[-][F7C531]更多！[-](1)
地点	The Strip	4	新维加斯大道遭到死爪围攻。平民被困，急需一位英雄。(1) ｜ 当一回英雄：把新维加斯大道的人们从死爪手中拯救出来。(1) ｜ 出席新维加斯大道的市政厅会议，讨论防御策略并争取盟友。(1)
地点	Refrigerator	3	一个旧冰箱。里面可能有东西。(1) ｜ 我把冰箱打开。里面有一些物资。(1) ｜ 一冰箱量子核子可乐(1)
地点	Abandoned Cabin	3	发现一座废弃小屋，进去看了看。(1) ｜ {0}发现了一处废弃的小屋。(1) ｜ 除掉废弃小屋里的尸鬼。(1)
地点	Diners and Living Quarters	3	升级您的房间，来提高它们的性能。

- 大多数房间都可以升级两次。升级的资源房间能够生产更多资源。

- 同类型的房间最多可以合并三个，只要将它们建在彼此相邻的位置即可。

- 合并的房间能容纳更多居民，同时效率也会更高。

- 有些房间，比如工坊，开始就是一个大房间，是不能合并的。

- 主题只能应用于完全合并并升级至顶级的餐厅和宿舍。(1) ｜ 主题的介绍

- 在任务中找到主题配方的碎片。

- 建造新主题工坊来打造主题。

- 将主题应用在最大化合并及升级后的餐厅和宿舍上。(1) ｜ 主题只能应用在最大化合并及升级后的餐厅和宿舍里。(1)
地点	Standard Vault	3	你必须在标准避难所中才能领取此奖励。(1) ｜ 避难所科技建议初次担任监督者的玩家先创建标准避难所。是否继续创建实验避难所？(1) ｜ 实验避难所极具挑战！避难所科技建议初次上任的监督者先在标准避难所招募 {0} 名居民，再接受实验。(1)
地点	Chryslus Corvega	3	哦，看啊，一辆旧的克莱斯勒·可伟佳。核动力汽车可真是个“好”主意啊……(2) ｜ 对于修理漏水的阀门，或者给可伟佳加油来说再好不过了。(1)
地点	Diamond City	3	从丹恩城到钻石城，真正的废土传说。(1) ｜ 谁是钻石城最有名的记者？(1) ｜ 我只是个钻石城的普通人。(1)
地点	Warehouse	3	在街那头我们的仓库里。你一直说自己是来自泽塔母舰的外星人。(1) ｜ 昨晚，我们在旧仓库和掠夺者们一起开了个派对。我们应该搜索那边，找到关于杰克去向的线索。毕竟他是监督者的儿子。如果我们弄丢了他，就会被赶出避难所、落得一无所有……甚至更惨！(1) ｜ 我们在旧仓库里开派对！也许那边会有线索……(1)
地点	Galaxy News Radio	3	“饥荒”和“瘟疫”就在外面，无论他们是谁，追随者都大有人在。“战争”和“死亡”则是另外两位臭名昭著的“末日骑士”。他们也在废土上肆虐吗？如果有人知道，那一定是银河新闻电台的三狗。我们去跟他谈谈。(1) ｜ 谁是银河广播电台的DJ？(1) ｜ 我？我只是实习生！我靠听银河新闻电台来了解紧急情况和故事。(1)
地点	RobCo Plant	3	去见罗伯科工厂里的定居者们。(1) ｜ 你该去跟罗伯科工厂的定居者谈谈。他们是最先遭到袭击的。关于“号角男孩”和他的编辑，他们知道的应该更多。(1) ｜ 他拜访完罗伯科工厂的定居者之后，会来这里打听物资和宝物的最新消息，再带回去给编辑。(1)
地点	Sanctuary	3	谁在庇护山丘旁的红火箭加油站附近转悠？(1) ｜ 庇护山丘。(1) ｜ 谁修剪了庇护山丘的灌木丛？(1)
地点	Dugout	3	第九局下半！去球员休息区把那件棒球衫拿到手！(1) ｜ 就是这里，大结局了！在球员休息区跟教练来一场全线群架。是该让这个失败者退役，把罗基·杰宾森的棒球衫拿回来了！(1) ｜ 来我的藏身处——球员休息区。——教练”(1)
地点	Holy Heart Hospital	3	搜索圣心脏医院。(1) ｜ 就算是直觉吧，我看教练可能在圣心脏医院的废墟里歇脚。只要他在那儿，罗基·杰宾森的棒球衫也一定在！(1) ｜ 好吧。所以圣心脏医院肯定是条死路了，但至少我们都还活着！下一站，莱克维尔图书馆的废墟。(1)
地点	Poseidon Energy	3	搜索海神能源办公室寻找关于瓶瓶和盖盖的线索。(1) ｜ 探索海神能源办公室。(1) ｜ 前往海神能源办公室，找到“麦克森硬汉小队”的其余成员。(1)
地点	Miss Wasteland	3	女士们先生们，让我们来认识新任的“废土小姐”……(1) ｜ 好消息！我们受邀参加“废土小姐”选美比赛——虽然名字叫“小姐”，但男女都能报名。穿上你最漂亮的泳装，去把他们统统震住吧！(1) ｜ 欢迎来到由避难所科技赞助的第十六届“废土小姐”的比赛现场！(1)
地点	Vault-Tec Headquarters	3	别担心。他们，呃，在避难所科技总部那里，非常安全。(1) ｜ 前往避难所科技总部寻找“麦克森硬汉小队”。(1) ｜ 390号避难所废墟里的掠夺者首领告诉我，“麦克森硬汉小队”在避难所科技总部。我很担心他们的安危，所以我最好赶紧穿好装备赶过去！(1)
地点	Red Rocket Headquarters	3	避难所科技送往市长办公室的正式文件里说，通往525号避难所，也就是避难所大都会的入口隐藏在红火箭总部里。你还在等什么，赶紧前往525避难所吧！(1) ｜ 525号避难所的入口在红火箭总部！(1) ｜ 搜查红火箭总部。(1)
地点	Corvega Factory	3	拯救被困在可伟佳装配厂的定居者。(1) ｜ 我们找到了一条赎金字条，落款是掠夺者头目威拉德·格洛弗。他说他抓了一个定居者，把人带到了附近的可伟佳装配厂。(1) ｜ 在可伟佳装配厂寻找普雷斯顿。(1)
地点	Shaded Valley	3	如果你必须要知道的话，在“荫蔽山谷”！现在准备受死吧！(1) ｜ 避难所大都会在“荫蔽山谷”！带着这个秘密进坟墓吧！(1) ｜ 哦是的，我会的！我也知道它在哪儿，在“荫蔽山谷”！姆哈哈哈哈！(1)
地点	Freeside	3	我们在自由城买到的那瓶“奇迹血清”让我们好几个人病倒了！是时候去找到卖给我们的人要个说法了。(1) ｜ 自由城购物狂欢(1) ｜ 我们需要一些物资。不如去看看当地的商业中心——自由城——有什么好东西！(1)
地点	Strip	3	新维加斯大道(1) ｜ 我们要为豪斯先生办一场派对，想把所有最有趣的人都请来。最后一张请柬要送给马克西姆斯！去新维加斯大道上找他！(1) ｜ 一伙狡猾的掠夺者闯进我们的避难所，偷走了关键物资。我们一路追踪，追到新维加斯大道附近一座废弃的避难所科技基地。(1)
地点	BeachVacation	3	总算来了。上顶楼去。密码是“BeachVacation2077”。(1) ｜ 拆楼？太好了。把整栋都拆了。那我终于能去“BeachVacation2077”了。(1) ｜ 试试 BeachVacation2077。(1)
地点	Abandoned Diner	2	一处貌似废弃的小餐馆。(1) ｜ 我在废弃餐厅里发现了掠夺者的痕迹。趁还走得掉，赶紧离开吧。(1)
地点	Abandoned Shack	2	一个废弃的小屋。(1) ｜ 正在搜查废弃小屋。(1) ｜ 废弃小屋里什么都没有。继续向前吧。(1)
地点	National Guard Depot	2	一个看起来像是旧国民警卫队仓库的地方。(1) ｜ 我成功进入国民警卫队仓库，探索了一番。(1)
地点	Hubris Comics	2	铅笔厂里没有收获，但我们并不气馁。罗基·杰宾森的棒球衫一定是我们的！我们去老“虎不理漫画”店找找看。(1) ｜ “虎不理漫画”公司总部。(1)
地点	Vault Rating	2	每天系统都会依据避难所居民的开心程度发放相应奖励。

- 您的避难所评级将会结合所有居民的幸福度。 

- 您的奖励是基于避难所每天的评级。

- 避难所评级越高，获得的瓶盖奖励就越高。(1)
地点	Vault Entrance	2	您的避难所随时都会发生灾害！当极速模式失败时，也会造成灾害。灾害是随机的，请注意以下情况：

火灾-在火势蔓延到其他房间之前赶紧扑灭。

辐射蟑螂-这些烦人的小虫子很难根除。趁它们还没扩散，赶紧消灭。

掠夺者- 掠夺者们会闯入避难所然后破坏资源。赶紧阻止他们！如果不小心的话，强悍的掠夺者们还会偷走瓶盖！升级您的避难所入口将会使得掠夺者花费更长时间进入，因此给您更多时间准备。您可以派居民驻守入口，在他们进入时形成良好的前线防御。您可以从死亡的掠夺者身上掠夺瓶盖和物品！

鼹鼠- 这些坏蛋喜欢从土里挖进您的避难所，吃掉每个房间的电线。迅速消灭它们，不然您的电力将枯竭！

死爪-您每一次打开避难所的大门，都是在给这些野兽们发送邀请信息。它们会毫不留情地来避难所破坏资源。请备好充足的治疗针和武器，不然它们会像切蛋糕一样劈开您的居民！

狂尸鬼- 狂尸鬼会在您的避难所里四处跑动，制造混乱，给居民带来物理和辐射伤害。

辐射蝎- 这些变种的蝎子能钻洞，然后随机攻击避难所里任何的房间。请迅速解决掉它们，因为它们的攻击也会带来辐射伤害。

孕妇和孩子在灾害发生时会躲起来。(1)
地点	Rivet City	2	用这东西能把一艘航空母舰拼在一起，不信你可以问问铆钉城的居民。(1) ｜ 我们从铆钉城安保长官哈克尼斯那里收到一条讯息，他要亲自给我们传达一些重要信息。穿上你最好的衣服，在避难所北边被遗弃的大无敌超市见见他。(1) ｜ 战前的铆钉城是什么？(1)
地点	Seventh Circle of Hell	2	我的温度计显示当前温度接近“地狱第七层”。(2)
地点	Heaven's	2	拜托，我是一个家务机器人，又不是一辆坦克。我来这干什么？！(2)
地点	Diner	2	升级您的房间，来提高它们的性能。

- 大多数房间都可以升级两次。升级的资源房间能够生产更多资源。

- 同类型的房间最多可以合并三个，只要将它们建在彼此相邻的位置即可。

- 合并的房间能容纳更多居民，同时效率也会更高。

- 有些房间，比如工坊，开始就是一个大房间，是不能合并的。

- 主题只能应用于完全合并并升级至顶级的餐厅和宿舍。(1) ｜ 感恩节餐厅(1) ｜ 一处貌似废弃的小餐馆。(1)
地点	Corvega Auto Plant	2	新年第一天……昨夜避难所举行了隆重的派对活动。但是监督者的儿子杰克失踪了。我们必须找到他！现在只知道12点之前他还和我们在一起，但之后发生了什么完全是一片模糊，我们都穿着防辐射服，所以我们应该是去过可伟佳汽车厂……(1) ｜ 在可伟佳汽车厂里寻找杰克。(1)
地点	Nuclear Arms Apartments	2	消灭核子武器公寓里的发光辐射蟑螂！(1) ｜ 两只发光辐射蟑螂把“核子武器公寓”的居民赶出了家门。是时候杀杀虫了。(1)
地点	Vault Overseer	2	通常是给监督者和他们的家人们准备的。(1) ｜ 我们从哈克尼斯那里收到的信息令人担忧：一位同我们竞争的避难所监督者是最近所有攻击的幕后黑手。我们需要派一名刺客潜入他们的避难所，毫不留情地干掉他们的首领。(1) ｜ 拯救避难所监督者。(1)
地点	Capital Wasteland	2	谁是首都废土的军事雇佣军？(1) ｜ 废土上哪座最著名的雕像没了脑袋？(1)
地点	Vault-Tec Archives	2	那是个陷阱！无论“死亡”是谁，他都在沉睡……而144号避难所的居民认为杀死人能让“骑士”醒来！我们杀了他们的监督者，但我们仍然需要找到他们的避难所。如果我们足够幸运，避难所科技的档案里应该会有它的位置……(1) ｜ 你好！是我，德鲁西拉，来自避难所科技档案馆的档案管理员。(1)
地点	Atomatoys	2	一个居民告诉我“麦克森硬汉小队”去了威尔逊原子玩具厂。我下一站就去那里。(1) ｜ 前往威尔逊原子玩具厂寻找“麦克森硬汉小队”。(1) ｜ 监督者艾玛说比格斯比曾在他们的避难所停留，后来一个回收队带着它去了原子玩具仓库，就再没有回来。(1)
地点	Vault-Tec Lunchbox	2	或者你们更愿意要这些我们找到的午餐盒吗？(1) ｜ 你已经找到了避难所科技午餐盒的地点！现在我们只需派些志愿者居民去把它取回来。(1)
地点	Poseidon Energy Offices	2	探索海神能源办公室。(1) ｜ 前往海神能源办公室，找到“麦克森硬汉小队”的其余成员。(1) ｜ “麦克森硬汉小队”的一些人在威尔逊原子玩具厂被杀害了。其他人撤回到了海神能源办公室。我要去那里。(1)
地点	Wasteland Gear	2	废土服(1) ｜ 坚固废土服(1) ｜ 他们穿着废土装备吗？(1)
地点	Mass Chemical	2	吓一吓藏匿在大众化学大楼里的掠夺者首领。(1) ｜ 和大多数恶霸一样，掠夺者通常都是胆小鬼。有传言说，刚刚占领大众化学大楼的那位掠夺者首领正是如此——也许你能不战而把他吓跑。(1) ｜ 大众化学惊魂(1)
地点	Wasteland Settler	2	不要再讲什么奉献精神了！一些无情的掠夺者洗劫了一个废土定居者，偷走了他送给朋友的礼物。(1) ｜ 和那群偷走废土定居者礼物的掠夺者对峙。(1) ｜ 拯救废土定居者。(1)
地点	Wasteland Settlers	2	帮助那些在度假旅行时走丢的废土定居者。(1) ｜ 拯救走失的废土定居者。(1)
地点	Radio	2	“饥荒”和“瘟疫”就在外面，无论他们是谁，追随者都大有人在。“战争”和“死亡”则是另外两位臭名昭著的“末日骑士”。他们也在废土上肆虐吗？如果有人知道，那一定是银河新闻电台的三狗。我们去跟他谈谈。(1) ｜ 广播室能吸引来自废土的新居民。

- 广播室会周期性地发出信号，召唤新居民加入。有时会收到回应。

- 如果广播室的计时器走到零还没有新的居民回应，计时器会自动重启。

- 将魅力值高的居民分配在广播室能够加速信号的发出。

- 升级广播室能增加吸引新居民的概率。

- 广播信号也可能把死爪引到您的避难所。

- 如果您不想吸引新居民，可以让广播室停止呼叫。

- 在广播室里分配居民能够提升避难所的整体幸福度，无论广播室是否正在招募新居民。(1) ｜ 提示：合并广播室将会增加吸引外来居民的概率。(1)
地点	Hell	2	你好——有人吗？(2) ｜ 我的温度计显示当前温度接近“地狱第七层”。(2) ｜ 你好！是的，就是你，先生！我想知道……哦，你是具尸体。好吧，没事了。(2)
地点	RobCo R	2	进入罗伯科公司秘密研发基地，获取研究数据。(1) ｜ 罗伯科公司研发服(1) ｜ 我们破解了罗伯科公司工厂高管的日志，发现了一处秘密的研发设施。它占据了当地商场一家零售店下方的一系列秘密楼层。罗伯科公司竟然在利用外星科技推进他们的机器人研究。他们试图打造一些大玩意儿。如果我们能搞清楚他们知道些什么，就能对避难所进行大幅改进！(1)
地点	Experiment Vault	2	阻止实验避难所中的1次入侵(1) ｜ 阻止实验避难所中的{0}次入侵(1)
地点	Wasteland Return Speed	1	废土返回速度(1) ｜ x{0}废土返回速度(1)
地点	Wasteland Caps	1	废土瓶盖(1) ｜ +{0}%废土瓶盖(1)
地点	Wasteland Weapons	1	+{0}%废土武器和装备(1) ｜ 废土武器和装备(1)
地点	Wasteland Junk	1	废土杂物(1) ｜ +{0}%废土杂物(1)
地点	Chemistry Station	1	合成人和超级变种人的战斗把我困在了房间里，房间里就有化学工作站。(1)
地点	Weston Water Treatment Plant	1	韦斯顿水处理厂。(1)
地点	Gas Station	1	一个废弃的加油站。(1) ｜ 探索加油站。(1) ｜ 加油站早被搜刮得一干二净，连聚变燃料罐都空了。(1)
地点	Robot Factory	1	一个机器人工厂，损坏的保护者机器人散落在外。(1)
地点	Super Duper Mart I	1	偶然路过了一个大无敌超市，彻底搜查了一遍。(1)
地点	Your Vault	1	避难所的储存室储藏着所有居民从废土上找来的或者午餐盒里得到的物品。
点击哔哔小子菜单上的盒子图标可以查看储藏的物品。(3) ｜ 你的避难所不可能再找到比它更好的看门狗了。(1) ｜ 您的避难所需要稳定的
电力、食物和水来维持运行。(1)
地点	Vault Resource Gauges	1	建造宿舍，诞生更多的新居民。

- 建造更多房间来扩大您的避难所，生产更多的资源。

- 注意避难所资源的标尺。在选择下一间要建造的房间时，它们是很好的参考。

- 想要向下扩张时，请建造电梯。

- 与两侧都相连的房间无法拆除。

- 同种房间建造得越多就越贵。(1)
地点	Radio Rooms	1	广播室能吸引来自废土的新居民。

- 广播室会周期性地发出信号，召唤新居民加入。有时会收到回应。

- 如果广播室的计时器走到零还没有新的居民回应，计时器会自动重启。

- 将魅力值高的居民分配在广播室能够加速信号的发出。

- 升级广播室能增加吸引新居民的概率。

- 广播信号也可能把死爪引到您的避难所。

- 如果您不想吸引新居民，可以让广播室停止呼叫。

- 在广播室里分配居民能够提升避难所的整体幸福度，无论广播室是否正在招募新居民。(1)
地点	Radio Call	1	广播室能吸引来自废土的新居民。

- 广播室会周期性地发出信号，召唤新居民加入。有时会收到回应。

- 如果广播室的计时器走到零还没有新的居民回应，计时器会自动重启。

- 将魅力值高的居民分配在广播室能够加速信号的发出。

- 升级广播室能增加吸引新居民的概率。

- 广播信号也可能把死爪引到您的避难所。

- 如果您不想吸引新居民，可以让广播室停止呼叫。

- 在广播室里分配居民能够提升避难所的整体幸福度，无论广播室是否正在招募新居民。(1)
地点	The Radio Call	1	广播室能吸引来自废土的新居民。

- 广播室会周期性地发出信号，召唤新居民加入。有时会收到回应。

- 如果广播室的计时器走到零还没有新的居民回应，计时器会自动重启。

- 将魅力值高的居民分配在广播室能够加速信号的发出。

- 升级广播室能增加吸引新居民的概率。

- 广播信号也可能把死爪引到您的避难所。

- 如果您不想吸引新居民，可以让广播室停止呼叫。

- 在广播室里分配居民能够提升避难所的整体幸福度，无论广播室是否正在招募新居民。(1)
地点	Vault of Power	1	您的避难所随时都会发生灾害！当极速模式失败时，也会造成灾害。灾害是随机的，请注意以下情况：

火灾-在火势蔓延到其他房间之前赶紧扑灭。

辐射蟑螂-这些烦人的小虫子很难根除。趁它们还没扩散，赶紧消灭。

掠夺者- 掠夺者们会闯入避难所然后破坏资源。赶紧阻止他们！如果不小心的话，强悍的掠夺者们还会偷走瓶盖！升级您的避难所入口将会使得掠夺者花费更长时间进入，因此给您更多时间准备。您可以派居民驻守入口，在他们进入时形成良好的前线防御。您可以从死亡的掠夺者身上掠夺瓶盖和物品！

鼹鼠- 这些坏蛋喜欢从土里挖进您的避难所，吃掉每个房间的电线。迅速消灭它们，不然您的电力将枯竭！

死爪-您每一次打开避难所的大门，都是在给这些野兽们发送邀请信息。它们会毫不留情地来避难所破坏资源。请备好充足的治疗针和武器，不然它们会像切蛋糕一样劈开您的居民！

狂尸鬼- 狂尸鬼会在您的避难所里四处跑动，制造混乱，给居民带来物理和辐射伤害。

辐射蝎- 这些变种的蝎子能钻洞，然后随机攻击避难所里任何的房间。请迅速解决掉它们，因为它们的攻击也会带来辐射伤害。

孕妇和孩子在灾害发生时会躲起来。(1)
地点	Weapon Plants	1	你所有已完全合并并升级的武器工厂主题将从{0}更改为{1}。确认吗？(1)
地点	Vault and CAPS	1	自动收集避难所的资源和废土的瓶盖。(1)
地点	Vault Overseers	1	通常是给监督者和他们的家人们准备的。(1)
地点	Mojave Desert	1	亚麻布：莫哈维沙漠中唯一合适的正装，除非你不在乎汗渍。(1)
地点	Vault R	1	在废土上有一个新避难所，是掠夺者管理的！避难所科技早已不复存在，那又会是谁修建了 R41D 号避难所呢？赶紧去调查吧。(1) ｜ 和R41D号避难所的掠夺者首领对峙。(1) ｜ 建造宿舍，诞生更多的新居民。

- 建造更多房间来扩大您的避难所，生产更多的资源。

- 注意避难所资源的标尺。在选择下一间要建造的房间时，它们是很好的参考。

- 想要向下扩张时，请建造电梯。

- 与两侧都相连的房间无法拆除。

- 同种房间建造得越多就越贵。(1)
地点	Manager's Office	1	经理办公室里有很多物资，可以找找看，说不定有些能用。(1)
地点	Commonwealth Minutemen	1	我叫普雷斯顿·加维，联邦义勇军民兵组织的成员。(1)
地点	Red Rocket Fuel	1	除掉埋伏在红火箭加油站的领头死爪。(1) ｜ 聪明的领头死爪，藏在了红火箭加油站里伏击误入的旅行者。对付这种威胁只有一个办法。(1)
地点	Red Rocket Fuel Station	1	除掉埋伏在红火箭加油站的领头死爪。(1)
地点	Nuka-Cola Warehouse	1	不是吗？因为报头上写得清清楚楚，《新波士顿号角报》就是从核子可乐仓库发行出来的。(1)
地点	Cheese Factory	1	厨师又高兴又惊讶——你居然完好无损地回来了！他现在要的是加工奶酪，也就是“灰金”，这种神奇食物能经受住时间和核战争的考验。老奶酪厂里可能还剩下一些。(1)
地点	Super Duper-Mart	1	哦，是啊。我们一直在盯着他，就等着下手的机会。去试试从这里往北约一公里处的旧大无敌超市吧。(1)
地点	Rivet City's	1	我们从铆钉城安保长官哈克尼斯那里收到一条讯息，他要亲自给我们传达一些重要信息。穿上你最好的衣服，在避难所北边被遗弃的大无敌超市见见他。(1)
地点	Grotton Depot	1	两只领头死爪决定把旧的格罗顿仓库当成自己的家。太吓人了！是时候拿出大杀器了！(1)
地点	Raider-infested Super-Duper Mart	1	一名探索废土的居民发现了一个被掠夺者霸占的大无敌超市。抢在这些混蛋之前动手吧！(1)
地点	Trinity Tower	1	谁被困在了崔尼帝塔？(1)
地点	Cambridge Police Station	1	哪名钢铁兄弟会的成员将剑桥警察局当做了避难所？(1) ｜ 剑桥警察局。(1)
地点	Vault's Overseer Instruction Manual	1	但是看看这个。我设法保存了一份他们避难所监督者的指导手册。(1)
地点	Sandra's Stationary Store	1	教练不在789号避难所，但这地方有种熟悉的酸腐味……顺着这股味道去桑德拉文具店吧。(1)
地点	Overseer Zilewski's Vault	1	看起来鲁巴布只是刚刚开始。你收到了监督者扎勒斯基的避难所发来的求救信号。最好去调查一下！(1)
地点	Settlers of Vault	1	“坦克弗兰克”已经死了。现在333号的定居者应该能带我们去宝拉·普朗布金那里。(1)
地点	Vault Suits	1	告诉圣诞老人我们真的需要一些新的避难所套装！(1)
地点	Nuclear Bunker	1	这是一个避难所模拟器。我们称之为“核掩体”(1)
地点	Atomatoys Warehouse	1	前往原子玩具仓库寻找来自899号避难所的回收队。(1)
地点	IS Vault	1	但525号避难所究竟在哪儿？！宝拉在那里吗？我们必须得继续找！(1)
地点	Chryslus Rocket	1	我们的下一站是克莱斯勒69号火箭工厂。反正去哪儿都是找，这地方也一样。(1)
地点	Poseidon Energy's Offices	1	幸存者逃往了海神能源办公室。可惜你不会这么走运了！(1)
地点	Vault Fire	1	扑灭避难所火灾(1)
地点	Eiffel Tower	1	哦，埃菲尔铁塔，必须是它。多浪漫啊。前提是，你懂的……它还在的话。(1)
地点	Vault's Weapon and Outfit	1	建造储藏室以增加避难所储存武器和装备的容量。(1)
地点	Wasteland Raider	1	废土掠夺者的最爱。粗糙但实用。(1)
地点	New Vault Exterior	1	解锁所有赛季奖励：
- 全新避难所外观[-][F7C531]主题[-]
- 全新武器工厂[-][F7C531]主题[-]
- [-][F7C531]辐射极琉矿武器[-]及[-][F7C531]更多！[-](1)
地点	Ultracite Mines	1	建造{0}座辐射极琉矿矿场(1)
地点	Nuka-Cola Plants	1	你所有已完全合并并升级的核子可乐工厂主题将从{0}更改为{1}。确认吗？(1)
地点	Westside of New Vegas	1	那个卖蛇油的把我们派到新维加斯所谓“西区”的一栋摇摇欲坠的楼里。等我们收拾完他们，他们就再也造不出“奇迹血清”了。(1)
地点	IS the Mojave	1	热得就像莫哈维的正午。等等……这就是莫哈维的正午！(1)
地点	New Vegas'	1	新维加斯需要你的关注，监督者。建造一座新避难所，以保护并支持避难所科技在该地区的盟友。招募关键人员，消灭所有敌对势力，让新维加斯的灯塔照亮整片废土！愿幸运女神对你微笑！(1)
地点	Mine Ultracite	1	避难所科技将您分配到辐射极琉矿狂热实验中！您避难所下方的辐射极琉矿矿床将吸引一支凶残的辐尸人大军。开采辐射极琉矿以打造强大的辐射极琉矿武器，同时展示一下避难所科技的传统好客之道。别担心，在这些袭击中牺牲的居民将免费复活！祝您好运，监督者，别忘了保持微笑！(1) ｜ 开采辐射极琉矿(1) ｜ • 建造房间
• 升级房间
• 获得居民
• 在辐尸人袭击中生还
• 开采辐射极琉矿
• 打造辐射极琉矿武器(1)
地点	Hellfire Elites	1	你们的干预到此为止！你们不可能战胜地狱火精英！(1)
地点	Enclave Officer Uniform	1	英克雷军官制服(1) ｜ 将您的赛季通行证提升至更高等级。获得普通通行证的所有特权，外加以下内容：25枚赛季徽章、全新赛博狗宠物、全新英克雷军官制服、奥特姆上校的制服、重型避难所连体服、变种人猎人装备、“龙胃”等离子喷枪、2个宠物笼子和5000瓶盖。(1)
地点	Heavy Vault Suit	1	重型避难所套装(1) ｜ 将您的赛季通行证提升至更高等级。获得普通通行证的所有特权，外加以下内容：25枚赛季徽章、全新赛博狗宠物、全新英克雷军官制服、奥特姆上校的制服、重型避难所连体服、变种人猎人装备、“龙胃”等离子喷枪、2个宠物笼子和5000瓶盖。(1)
地点	NEW Enclave Vault Room	1	解锁全部赛季奖励：
- 新的避难所外观[-][F7C531]主题[-]
- 新的英克雷避难所房间[-][F7C531]主题[-]
- [-][F7C531]新居民[-]及[-][F7C531]更多！[-](1)
地点	Wasteland Gold Rush	1	这是废土淘金热！找到并交易金条，让我们的伟大避难所繁荣起来。但那是谁在敲打避难所大门？据说英克雷已经解散，可现在他们正冲着我们的黄金而来。监督者，去查出谁在掌控英克雷残部，并制止他们的掠夺！(1)
地点	RobCo Industries	1	欢迎！欢迎来到罗伯科工业。请问有什么需要帮忙的？(1)
地点	Vault Dweller Wyatt	1	你就是怀亚特赞不绝口的那个避难所居民？(1)
生物	Deathclaw	49	消灭领头死爪。(7) ｜ 死爪(2) ｜ 在没有人员伤亡的情况下撑过了{0}次死爪攻击(2)
生物	Synths	49	合成人和他们的铁路支持者们被掠夺者抓住了。必须在可怕的事情发生之前找到他们！(1) ｜ 合成人是什么？(1) ｜ 受过高强度战斗训练的合成人才穿它。(1)
生物	Mole	48	消灭鼹鼠妈妈。(6) ｜ 在没有人员伤亡的情况下撑过了{0}次鼹鼠的攻击(2) ｜ 鼹鼠(2)
生物	Ghouls	48	清理840号避难所的尸鬼。(2) ｜ 和尸鬼交谈。(2) ｜ 我叫曼迪麦金托什。狂尸鬼把我们其中一些人抓走了。(1)
生物	Deathclaws	30	死爪(1) ｜ 我们的几个采集者最近和一个旅行者聊天，他说他正在该地区寻找死爪聚集地，还计划在那里进行“社会实验”。他们担心他不过是在绕远路把自己送进死爪嘴里。去附近这个死爪经常出没的地方，去看看能不能救救这个可怜的家伙，别让他自寻死路。(1) ｜ 很久之前动力装甲就不能用了。我们不是这些死爪的对手。(1)
生物	Pests	24	停战协议已被抛在脑后，“战争”如今渴求鲜血，正准备把废土翻个底朝天去找“瘟疫”！拖得越久，死去的无辜定居者就越多。所以我们扮成“战争崇拜者”，说服“害虫”把“瘟疫”带到“战争”面前。群山之中那座废弃的226号避难所，将是他们末日对决的绝佳竞技场！(1) ｜ “战争”，“瘟疫”和“饥荒”的对决。“战争崇拜者”，“害虫”和“饥饿者”的对决。每个人都到达了226号避难所，准备战斗，但我们不能心存侥幸。让我们踏过这片屠杀现场，确保没有活着的末日骑士！(1) ｜ 他们称自己为“害虫”，是“瘟疫”的仆人，不停地说：“愿辐射保佑我们”(1)
生物	Ghoul	23	看啊。一个狂尸鬼正在啃一个人的手臂。这可不是每天都能看到的景象。(2) ｜ 狂尸鬼(2) ｜ 清理840号避难所的尸鬼。(2)
生物	Radroaches	23	去猎杀辐射蟑螂吧。(1) ｜ 我本来能有一整支辐射蟑螂大军听我差遣。(1) ｜ 在红火箭服务站有一窝恶心的辐射蟑螂。(1)
生物	Synth	20	不对，他是个合成人，白痴！意味着你该……“掉脑袋”了！(1) ｜ 拯救被绑架的合成人！(1) ｜ 合成人和他们的铁路支持者们被掠夺者抓住了。必须在可怕的事情发生之前找到他们！(1)
生物	Pestilence	20	让“瘟疫”的辐射照进你们心中！(2) ｜ 发现瘟疫的身份。(1) ｜ 他们给我服……不，赐予了我……“瘟疫”的……辐射……(1)
生物	Radscorpions	19	你！你们这些呆子！把我留在这儿和一群辐射蝎在一起！(1) ｜ 林肯本人用这枪杀过辐射蝎。真心话。(1) ｜ 吁！瞬间还以为你是只辐射蝎呢。(1)
生物	Securitrons	17	调查保安机器人失控的原因。(1) ｜ 让我猜，是保安机器人？(1) ｜ 查明保安机器人袭击事件的原因。(1)
生物	Radroach	16	消灭发光辐射蟑螂。(3) ｜ 辐射蟑螂(2) ｜ 我想小睡一会儿，顺便把轮子里的辐射蟑螂清一清。(1)
生物	Radscorpion	14	消灭发光辐射蝎。(7) ｜ 在没有人员伤亡的情况下撑过了{0}次辐射蝎攻击(2) ｜ 辐射蝎(2)
生物	Feral Ghouls	14	我叫曼迪麦金托什。狂尸鬼把我们其中一些人抓走了。(1) ｜ 您的避难所随时都会发生灾害！当极速模式失败时，也会造成灾害。灾害是随机的，请注意以下情况：

火灾-在火势蔓延到其他房间之前赶紧扑灭。

辐射蟑螂-这些烦人的小虫子很难根除。趁它们还没扩散，赶紧消灭。

掠夺者- 掠夺者们会闯入避难所然后破坏资源。赶紧阻止他们！如果不小心的话，强悍的掠夺者们还会偷走瓶盖！升级您的避难所入口将会使得掠夺者花费更长时间进入，因此给您更多时间准备。您可以派居民驻守入口，在他们进入时形成良好的前线防御。您可以从死亡的掠夺者身上掠夺瓶盖和物品！

鼹鼠- 这些坏蛋喜欢从土里挖进您的避难所，吃掉每个房间的电线。迅速消灭它们，不然您的电力将枯竭！

死爪-您每一次打开避难所的大门，都是在给这些野兽们发送邀请信息。它们会毫不留情地来避难所破坏资源。请备好充足的治疗针和武器，不然它们会像切蛋糕一样劈开您的居民！

狂尸鬼- 狂尸鬼会在您的避难所里四处跑动，制造混乱，给居民带来物理和辐射伤害。

辐射蝎- 这些变种的蝎子能钻洞，然后随机攻击避难所里任何的房间。请迅速解决掉它们，因为它们的攻击也会带来辐射伤害。

孕妇和孩子在灾害发生时会躲起来。(1) ｜ 枪匠的呼喊从广播里传来，声音大而清楚。“狂尸鬼！救命！谁要是能救我出去我会拿最好的武器报答他！”如果你想要这个奖励的话得赶快了。(1)
生物	Yao Guai	12	被妖怪熊一家人逼到了山洞的角落。我会尽力安抚它们。(1) ｜ 我帮助猎人找到了妖怪熊并杀死了它。(1) ｜ 辐射蝎和妖怪熊打架，谁会赢？(1)
生物	Mister Handy	11	我得重新考虑一下“把巧手先生送到废土”这个主意……(2) ｜ 不。不！走开，狗狗！走开！我不是消防栓！我是巧手先生……啊！不！坏狗！(2) ｜ 找到什么算什么，然后就回去。英雄主义什么的可不适合像我这样的巧手先生！(2)
生物	Glowing One	10	消灭发光种。(9) ｜ 两只发光种占领了一处旧的聚变核心工厂。把那帮尸鬼撵出去，让他们一个个摔个屁股蹲儿！(1) ｜ 我是一个……好人……但是成为一个发光种……可不是小孩子过家家！(1)
生物	Brahmin	9	你能给双头牛挤奶吗？那岂不是说……有冰淇淋可以吃了！(1) ｜ 帮助商人追逐双头牛。那东西很快！(1) ｜ 一名大篷车商人正在追逐一头受惊的双头牛。(1)
生物	Alpha Deathclaw	9	消灭领头死爪。(7) ｜ 据说一只凶猛的领头死爪在一幢旧办公楼里安了家。也许它把教练干掉了！想想总可以吧？(1) ｜ 有一个悬赏公告，要求杀死领头死爪“屠夫”。不用担心。我相信这个肯定只是个昵称。但把它拿下，你会得到一笔丰厚的奖金。(1)
生物	Scorched	9	辐尸人(2) ｜ 提示：辐射极琉矿武器能对辐尸人造成额外伤害。(2) ｜ 避难所科技将您分配到辐射极琉矿狂热实验中！您避难所下方的辐射极琉矿矿床将吸引一支凶残的辐尸人大军。开采辐射极琉矿以打造强大的辐射极琉矿武器，同时展示一下避难所科技的传统好客之道。别担心，在这些袭击中牺牲的居民将免费复活！祝您好运，监督者，别忘了保持微笑！(1)
生物	Feral Ghoul	8	看啊。一个狂尸鬼正在啃一个人的手臂。这可不是每天都能看到的景象。(2) ｜ 狂尸鬼(2) ｜ 在没有人员伤亡的情况下撑过了{0}次狂尸鬼攻击(2)
生物	Three Dog	7	听三狗的广播。(3) ｜ 这里有一台打开的收音机，听起来像三狗正在直播。(1) ｜ 跑，三狗，快跑！(1)
生物	Glowing Radscorpion	7	消灭发光辐射蝎。(7) ｜ 想要研究发光辐射蝎的致死性，有什么比亲自观察更好呢？派遣你的研究队深入怪兽洞穴吧。当然你得先杀了它。(1) ｜ 消灭第二只发光辐射蝎。(1)
生物	Super Mutant	6	嗯，远处有些大块头人类，也许……啊，没错，超级变种人。该掉头了。(2) ｜ 探测器显示……没错，那是个超级变种人。而且没错，我现在正朝反方向走……(2) ｜ 那个藏在波士顿公园池塘里的巨兽叫什么名字？(1)
生物	Pestilence's	5	让“瘟疫”的辐射照进你们心中！(2) ｜ 发现瘟疫的身份。(1) ｜ 他们给我服……不，赐予了我……“瘟疫”的……辐射……(1)
生物	Three Dog's	5	听三狗的广播。(3) ｜ 这里有一台打开的收音机，听起来像三狗正在直播。(1) ｜ 三狗装备(1)
生物	Super Mutant Behemoth	4	那个藏在波士顿公园池塘里的巨兽叫什么名字？(1) ｜ 巨兽逼近，准备攻击。(1) ｜ 打败这只巨兽根本没门儿！逃跑是我唯一的选择！(1)
生物	Glowing Radroach	4	消灭发光辐射蟑螂。(3) ｜ 消灭工厂里发光辐射蟑螂。(1) ｜ 消灭核子武器公寓里的发光辐射蟑螂！(1)
生物	Molerat	4	鼹鼠崽子！上头的增援拖到现在才来，可真够磨蹭的。(1) ｜ 天哪，监督者在上！会说话的鼹鼠！我能摸摸你吗？(1) ｜ 所以你们认罪了？是时候切点鼹鼠肉排了！(1)
生物	Fire Ant Warrior	3	火蚁战士可把我烧惨了！得赶紧逃跑养伤。(1) ｜ 火蚁战士逼近，准备攻击。(1) ｜ 一只火蚁战士。(1)
生物	Bloatfly	3	我杀死了巨大苍蝇，它炸成了一堆碎块。好恶心。(1) ｜ 巨大苍蝇逼近，准备攻击。(1) ｜ 一只巨大苍蝇，嗡嗡叫着逼近，近得危险。(1)
生物	Giant Radscorpion	3	巨型辐射蝎逼近，准备攻击。(1) ｜ 跟这只巨型辐射蝎动手，我不可能活着脱身的！赶紧跑吧！(1) ｜ 一只巨型辐射蝎？普通的就已经够可怕了！我这回可能要完蛋了！(1)
生物	Super Mutant Master	3	一个超级变种人大师。(1) ｜ 跟超级变种人大师动手，我是有多蠢！快跑！(1) ｜ 超级变种人大师逼近，准备攻击。(1)
生物	Super Mutants	3	嗯，远处有些大块头人类，也许……啊，没错，超级变种人。该掉头了。(2) ｜ 超级变种人战队。(1) ｜ 探险家日志。新条目：超级变种人没有性别。变异之前，有些原本是女性。(1)
生物	Protectron	3	哼，一个破烂的保护者机器人。典型的罗伯科劣质货。(2) ｜ 保护者机器人(2) ｜ 一个机器人工厂，损坏的保护者机器人散落在外。(1)
生物	Pest	3	让“瘟疫”的辐射照进你们心中！(2) ｜ 发现瘟疫的身份。(1) ｜ 他们给我服……不，赐予了我……“瘟疫”的……辐射……(1)
生物	Ghoulified	3	那是在她变成尸鬼之前还是之后？(1) ｜ 我设法避免了，但其他人没有那么幸运。有的甚至尸鬼化了。(1) ｜ 帮帮我们，居民们！我们的社区正在尸鬼化！(1)
生物	Quantum Creeper	3	有人请尼克去查明“量子爬行者”之谜——这头怪兽一直在啃食当地避难所的居民，还偷走他们的量子核子可乐。你们去帮他们一把怎么样？(1) ｜ 解决“量子爬行者”问题(1) ｜ 量子爬行者(1)
生物	Moley	3	你要保密，我们的一个高级特工，代号莫里，联系过我们，他说他发现了一个巨大的阴谋，影响深远。到322号避难所去听莫里的大故事！(1) ｜ 我们在找莫里。(1) ｜ 是我，莫里！走近一点，这样我就能分享[REDACTED]的秘密。(1)
生物	Agent Deathclaw	3	对付死爪特工。(1) ｜ 呃……还有更多像我这样的人，大概吧。还有几间储藏室。另外小心死爪特工。(1) ｜ 就算没有我们，还有死爪特工呢。它是我们最大的成功，它甚至还会说话，还有一堆别的本事。(1)
生物	Savage Dog	2	野狗逼近，准备攻击。(1) ｜ 我得在这只野狗杀了我之前先干掉它！(1) ｜ 一只凶残的野狗，正愤怒地低吼。(1)
生物	Mirelurk Hunter	2	一只泥沼蟹猎杀者。(1) ｜ 希望我能搞定这个泥沼蟹猎杀者，它正朝我飞奔过来！(1) ｜ 泥沼蟹猎杀者逼近，准备攻击。(1)
生物	Mirelurks	2	我发现有泥沼蟹躲在下面，于是掉头回去，把啤酒厂又搜了一遍。(1) ｜ 一群泥沼蟹在那下面打了我个措手不及！我勉强逃了出来。(1)
生物	Giant Soldier Ant	2	巨型兵蚁认为我是个威胁，正在攻击我！(1) ｜ 一只巨型兵蚁。(1) ｜ 这是一场艰苦的战斗，但我成功杀死了巨型兵蚁。(1)
生物	Guard Dog	2	一只看门狗，正警戒着四周。(1) ｜ 这看门狗不会让我过去的。看来只有干掉它了。(1) ｜ 这只看门狗看来是真不想让我过，还是后撤吧。(1)
生物	Mirelurk	2	一只泥沼蟹猎杀者。(1) ｜ 希望我能搞定这个泥沼蟹猎杀者，它正朝我飞奔过来！(1) ｜ 泥沼蟹不就是长了腿的蟹肉饼吗！点心时间到！(1)
生物	Feral Ghoul Roamer	2	狂尸鬼漫游者逼近，准备攻击。(1) ｜ 狂尸鬼漫游者疯狂地袭击了我！我不得不逃！(1) ｜ 一只癫狂的狂尸鬼漫游者。(1)
生物	Vicious Dog	2	恶犬逼近，准备攻击。(1) ｜ 恶犬已经嗅出了我的味道！不是它死，就是我亡！(1) ｜ 好险，但我还是杀死了这只恶犬。(1)
生物	Feral Ghoul Reaver	2	稍不留神，狂尸鬼掠夺者就会把我撕成两半！(1) ｜ 这是一次激烈的战斗，但狂尸鬼掠夺者死了。(1) ｜ 这只狂尸鬼掠夺者太强大了！我真是死里逃生！(1)
生物	Enclave Deathclaw	2	英克雷死爪就是被训练来杀戮的——这将是一场你死我活的死战！(1) ｜ 这只英克雷死爪受过训练，会把挡它路的一切都杀掉！我得跑！(1) ｜ 一只英克雷死爪。(1)
生物	Super Mutant Overlord	2	超级变种人霸王真凶悍！我必须得逃！(1) ｜ 超级变种人霸王逼近，准备攻击。(1) ｜ 超级变种人霸王是同类中最强的之一！能活下来算我走运！(1)
生物	Giant Ant	2	一只巨型蚂蚁。(1) ｜ 我受了些皮肉伤，但巨型蚂蚁死了。(1) ｜ 巨型蚂蚁的触角在颤动，正扑上来要我的命！(1)
生物	Scavenger's Dog	2	拾荒者的狗在逼近，准备攻击。(1) ｜ 我杀死了拾荒者的狗。很难过，但我别无选择。(1) ｜ 拾荒者的狗太凶残了，我打不过它！(1)
生物	Hunter	2	一只泥沼蟹猎杀者。(1) ｜ 希望我能搞定这个泥沼蟹猎杀者，它正朝我飞奔过来！(1) ｜ 我帮助猎人找到了妖怪熊并杀死了它。(1)
生物	Send the Mister Handy	2	我得重新考虑一下“把巧手先生送到废土”这个主意……(2)
生物	Radscorpion's	2	辐射蝎的诡异饲养者说宝拉·普朗布金去了核电站，我们决定去那里找她。(1) ｜ 不错的选择！没多少东西能穿透辐射蝎的甲壳！(1) ｜ 不过，你要知道，那只辐射蝎的壳和避难所的门一样厚。(1)
生物	Alpha Deathclaws	2	放倒一对发怒的领头死爪！(1) ｜ 双重毁灭：领头死爪(1) ｜ 两只领头死爪决定把旧的格罗顿仓库当成自己的家。太吓人了！是时候拿出大杀器了！(1)
生物	Glowing Ones	2	两只发光种占领了一处旧的聚变核心工厂。把那帮尸鬼撵出去，让他们一个个摔个屁股蹲儿！(1) ｜ 拿下旧聚变核心工厂的一对发光种！(1)
生物	Deathclaw Egg Hunt	2	就在明天那场例行仪式的死爪彩蛋狩猎之后。(1) ｜ 我们被邀请参加原子之子一年一度的死爪蛋寻宝活动！这是验证威尔修士说法的好机会——教会打算在复活节当天引爆一枚大型核弹……(1)
生物	Pestilence and War	2	为了更多人的利益，我先后创造了“饥荒”，“瘟疫”和“战争”。(1) ｜ 消灭“饥荒”，“瘟疫”和“战争”。(1)
生物	Radroach Queen	2	关于这个辐射蟑螂女王我们需要知道些什么？(1) ｜ 话说回来，你们把辐射蟑螂女王干掉了吗？(1) ｜ 消灭发光辐射蟑螂女王。(1)
生物	Glowing	2	消灭发光种。(9) ｜ 消灭发光辐射蝎。(7) ｜ 消灭发光辐射蟑螂。(3)
生物	The Quantum Creeper	2	有人请尼克去查明“量子爬行者”之谜——这头怪兽一直在啃食当地避难所的居民，还偷走他们的量子核子可乐。你们去帮他们一把怎么样？(1) ｜ 解决“量子爬行者”问题(1)
生物	Securitrons'	2	调查保安机器人失控的原因。(1) ｜ 查明保安机器人袭击事件的原因。(1)
生物	Fire Ant Soldier	1	一只火兵蚁。(1) ｜ 火兵蚁逼近，准备攻击。(1) ｜ 这火兵蚁烧了我的衣服！我打不过它！(1)
生物	Giant Worker Ant	1	巨型工蚁逼近，准备攻击。(1) ｜ 巨型工蚁死了。真是惊险的战斗。(1) ｜ 巨型工蚁死缠不放！跟它硬拼根本没用！(1)
生物	National Anthem	1	专为演唱那首著名的战歌——国歌——而准备。(1)
生物	Institute Synths	1	拯救学院的合成人。(1) ｜ 学院合成人的基本装备。(1)
生物	Glowing One I	1	我在这附近见过一只发光种。小心提防她。(1)
生物	One Ghoul	1	我们从819号避难所那里得到了一本过期报刊。在那之前我们只有一本旧的《一只尸鬼，两只尸鬼》影印本可以读。(1) ｜ 一位尸鬼顾客(1)
生物	Two Ghoul	1	我们从819号避难所那里得到了一本过期报刊。在那之前我们只有一本旧的《一只尸鬼，两只尸鬼》影印本可以读。(1)
生物	Ghoul Leader	1	和尸鬼首领聊聊。(1)
生物	Famine and Pestilence	1	“饥荒”和“瘟疫”就在外面，无论他们是谁，追随者都大有人在。“战争”和“死亡”则是另外两位臭名昭著的“末日骑士”。他们也在废土上肆虐吗？如果有人知道，那一定是银河新闻电台的三狗。我们去跟他谈谈。(1) ｜ “战争”，“饥荒”和“瘟疫”，无论他们是谁，都在争夺权力。(1)
生物	Glowing Radroaches	1	消灭核子武器公寓里的发光辐射蟑螂！(1) ｜ 双重毁灭：发光辐射蟑螂(1) ｜ 两只发光辐射蟑螂把“核子武器公寓”的居民赶出了家门。是时候杀杀虫了。(1)
生物	Glowing Radscorpions	1	两只发光辐射蝎正在512号避难所里兴风作浪！赶紧碾压这些害虫们！(1) ｜ 消灭512号避难所里的两只发光辐射蝎！(1) ｜ 双重毁灭：发光辐射蝎(1)
生物	Deathclaw Eggs	1	收获一些死爪蛋。(1)
生物	Deathclaw Wellington	1	好吧，那份辐射蝎蛋卷确实有点恶心。为了补偿，大厨提议做他的招牌菜——威灵顿死爪。他只需要新鲜的死爪肉，直接从它们的巢穴里弄来就行（据说光照会破坏味道）。(1)
生物	Non-Feral Ghoul	1	我们派了一名居民把食物送给一只人称“奶奶”的年老不狂化尸鬼，但我们好久没听到她的消息了。我们必须派一支小队去调查！(1)
生物	Pests and Hungry	1	在定居点搜寻“害虫”和“饥饿者”。(1)
生物	Glowing Radroach Queen	1	消灭发光辐射蟑螂女王。(1) ｜ 然后他们释放我们所有的辐射蟑螂，包括发光辐射蟑螂女王。(1)
生物	Warshippers and Pests	1	在建筑里搜寻“战争崇拜者”和“害虫”。(1)
生物	Combine Pests	1	“将害虫与罗勒、大蒜、帕尔马干酪、橄榄油和松仁混合。”(1)
生物	Radscorpion Earl	1	乡亲们好啊，大伙儿都叫我辐射蝎厄尔！(1)
生物	Earl's Radscorpion Emporium	1	乡亲们经常被咬，这都是因为厄尔的辐射蝎生意。是时候叫停这些买卖了。(1)
生物	Mole Rat Man	1	在鼹鼠人的基地和他对峙。(1) ｜ 鼹鼠人(1) ｜ 和鼹鼠人对峙。(1)
生物	Radscorpion Hold	1	看好了，我们的招牌技——辐射蝎锁！(1)
生物	Mole Men	1	嗯？可以把它变成武器。去打鼹鼠人。(1)
生物	Super Mutant's	1	强大到足以射穿一个超级变种人的眼睛。(1)
生物	Ghoul's Discount Furnishings	1	你好，欢迎来到尸鬼折扣家具！有什么可以帮你的？(1)
生物	Survive Scorched Attacks	1	在辐尸人袭击中生还(1) ｜ • 建造房间
• 升级房间
• 获得居民
• 在辐尸人袭击中生还
• 开采辐射极琉矿
• 打造辐射极琉矿武器(1)
生物	Securitron I	1	我想当什么保安机器人就当什么。而且你尽管放心，我会去参加派对的！(1)
生物	Fairy Queen	1	我们侍奉仙后，去把露珠洒满那绿野……(1)
生物	Roaches and Mole	1	他们逼我带蟑螂和鼹鼠来。干什么用？(1)
生物	Super Mole	1	准备好被超级鼹鼠的威力碾碎吧！(1)
生物	Mutant Hunter Gear	1	变种猎人服(1) ｜ 将您的赛季通行证提升至更高等级。获得普通通行证的所有特权，外加以下内容：25枚赛季徽章、全新赛博狗宠物、全新英克雷军官制服、奥特姆上校的制服、重型避难所连体服、变种人猎人装备、“龙胃”等离子喷枪、2个宠物笼子和5000瓶盖。(1)
生物	Hack the Protectrons	1	<黑入保护者机器人>(1)
组织	Raiders	110	击败掠夺者。(4) ｜ 除掉掠夺者。(2) ｜ 您可以利用杂物和瓶盖，在武器、装备和主题工坊中打造物品。

普通，稀有和传奇级别的杂物会在午餐盒、废土和任务中找到，分解武器和装备也能产出杂物。物品越稀有，需要的杂物就越稀有。

同时还需要打造物品的相应配方。工坊开始时会自带一些配方，其他的配方可以在死亡的掠夺者身上、废土探险或任务中找到。

主题配方以碎片形式出现。在任务中寻找这些碎片，或使用量子核子可乐来补全主题配方。

点击工坊的打造按钮可以看到能够打造的物品列表，选择您想要的。升级后的武器和装备工坊能够打造稀有和传奇级别的物品。

如果开始打造之后取消，您所用的杂物将全部返还，但花费的瓶盖只有部分返还。(2)
组织	Enclave	64	英克雷。(2) ｜ 英克雷死爪就是被训练来杀戮的——这将是一场你死我活的死战！(1) ｜ 英克雷保安制服(1)
组织	Institute	51	学院步枪(1) ｜ 加长型学院步枪(1) ｜ 学院的触角伸得很长。现在你的也是。(1)
组织	Brotherhood of Steel	27	钢铁兄弟会。(3) ｜ 多亏了我们的联系人，我们有信心说服钢铁兄弟会签字批准我们申领装备——而这些装备将被我们用来突袭他们自己的设施。啊，真是讽刺！(1) ｜ 为钢铁兄弟会的天才保留的。我猜就是你吧。(1)
组织	Brotherhood	27	钢铁兄弟会。(3) ｜ 你们在找那些兄弟会的士兵吗？(1) ｜ 多亏了我们的联系人，我们有信心说服钢铁兄弟会签字批准我们申领装备——而这些装备将被我们用来突袭他们自己的设施。啊，真是讽刺！(1)
组织	Pests	24	停战协议已被抛在脑后，“战争”如今渴求鲜血，正准备把废土翻个底朝天去找“瘟疫”！拖得越久，死去的无辜定居者就越多。所以我们扮成“战争崇拜者”，说服“害虫”把“瘟疫”带到“战争”面前。群山之中那座废弃的226号避难所，将是他们末日对决的绝佳竞技场！(1) ｜ “战争”，“瘟疫”和“饥荒”的对决。“战争崇拜者”，“害虫”和“饥饿者”的对决。每个人都到达了226号避难所，准备战斗，但我们不能心存侥幸。让我们踏过这片屠杀现场，确保没有活着的末日骑士！(1) ｜ 他们称自己为“害虫”，是“瘟疫”的仆人，不停地说：“愿辐射保佑我们”(1)
组织	Horsemen	18	后末日时代的骑士 第一部(1) ｜ 但如果我们不能阻止骑士的话就没所谓了。我们去找监督者吧！(1) ｜ “战争”，“瘟疫”和“饥荒”的对决。“战争崇拜者”，“害虫”和“饥饿者”的对决。每个人都到达了226号避难所，准备战斗，但我们不能心存侥幸。让我们踏过这片屠杀现场，确保没有活着的末日骑士！(1)
组织	Railroad	14	找到铁路特工。(2) ｜ 合成人和他们的铁路支持者们被掠夺者抓住了。必须在可怕的事情发生之前找到他们！(1) ｜ 铁路宿舍(1)
组织	Children of Atom	8	远港上的原子之子基地的名字是什么？(1) ｜ 你确定是原子之子吗？(1) ｜ 他们称自己为“原子之子”，崇拜辐射或类似的东西。(1)
组织	Hungry	7	“战争”，“瘟疫”和“饥荒”的对决。“战争崇拜者”，“害虫”和“饥饿者”的对决。每个人都到达了226号避难所，准备战斗，但我们不能心存侥幸。让我们踏过这片屠杀现场，确保没有活着的末日骑士！(1) ｜ “饥饿部落”只是跟在他后面四处游荡，被他身上的放射性光环迷得神魂颠倒。(1) ｜ 我们不想打架。我们只是给“饥饿”的头目们捎个口信。(1)
组织	Warshippers	7	停战协议已被抛在脑后，“战争”如今渴求鲜血，正准备把废土翻个底朝天去找“瘟疫”！拖得越久，死去的无辜定居者就越多。所以我们扮成“战争崇拜者”，说服“害虫”把“瘟疫”带到“战争”面前。群山之中那座废弃的226号避难所，将是他们末日对决的绝佳竞技场！(1) ｜ “战争”，“瘟疫”和“饥荒”的对决。“战争崇拜者”，“害虫”和“饥饿者”的对决。每个人都到达了226号避难所，准备战斗，但我们不能心存侥幸。让我们踏过这片屠杀现场，确保没有活着的末日骑士！(1) ｜ 在建筑里搜寻“战争崇拜者”和“害虫”。(1)
组织	Slavers	5	监督者的儿子和一个掠夺者结婚了，但她把他卖给了奴隶贩子！我们必须在他们消失在西部之前抓住他们！(1) ｜ 杰克已经被折腾得够呛——可现在他马上就要变成别人的晚餐了！奴隶贩子把他卖给了肉酱厂。我们应该去那里找他！(1) ｜ 他不是你的丈夫，他是我们的朋友。奴隶贩子们去哪里了？(1)
组织	Institute's	5	学院的触角伸得很长。现在你的也是。(1) ｜ 向学院的敌人们开火。字面意义上的。(1) ｜ 学院的间谍行径，玷污了研究的名声。(1)
组织	Rubarb's Raiders	4	调查700号避难所去看看鲁巴布的掠夺者们想干什么。(1) ｜ 从鲁巴布的掠夺者手中拯救监督者阿昌。(1) ｜ 鲁巴布和他的掠夺者们来找我，给我开了个条件——要么加入他们要么死！(1)
组织	Minutemen	4	义勇军？(1) ｜ 义勇军里那个上了年纪的灵媒是谁？(1) ｜ 他想让我们加入义勇军组织还是什么的，然后就走了。(1)
组织	Khan	4	把大汗帮赶出诺瓦克的恐龙迪莱特旅馆。(1) ｜ 很好！可汗对这个安排很满意！(1) ｜ 不，不是。这是大汗帮领地，我们抢来的！你要想夺回去，就跟我们打！(1)
组织	Bone Breakers	4	我想“碎骨者”总会有些多余的物资。拿着然后走吧！(1) ｜ 你们是谁？想加入“碎骨者”？(1) ｜ 站在你面前的，就是“碎骨者”的首领“扳关节者”！(1)
组织	Crazy Khans	4	你现在面对的是疯狂大汗帮！如果他们喜欢你，就不会杀你。疯狂大汗帮喜欢你吗？(1) ｜ 我想知道疯狂大汗帮喜不喜欢疯狂大汗帮自己。(1) ｜ 别让疯狂大汗帮动脑子！哲学是老大的专属！(1)
组织	Snakes	3	知道200个词，却只会说“隧道蛇统治一切！”(1) ｜ 把“蛇”赶出去(1) ｜ 隧道蛇外套(1)
组织	Screeching Falcons	3	我们叫“尖叫猎鹰”，就是那种又大又吓人的鸟，明白吗？(1) ｜ 卡-靠！欢迎加入“尖叫猎鹰”，雏儿们！(1) ｜ 你现在面前站的就是“鹰嘴”，“尖叫猎鹰”的首领！(1)
组织	Enclave's	3	情报显示英克雷正带着个“大家伙”冲我们而来，但我们已抢先一步。第一站：一座拿动物搞变态实验的实验室。(1) ｜ 哎呀呀。这台终端机直接连接着英克雷的主供水管道。(1) ｜ 阻止英克雷的怪物培育行动。(1)
组织	Brotherhood Patrol	2	一支兄弟会巡逻队。(1) ｜ 兄弟会巡逻队不信任我。他们命令我离开，否则他们会开枪。(1) ｜ 正在设法让兄弟会巡逻队相信我毫无威胁。(1)
组织	Enclave Deathclaw	2	英克雷死爪就是被训练来杀戮的——这将是一场你死我活的死战！(1) ｜ 这只英克雷死爪受过训练，会把挡它路的一切都杀掉！我得跑！(1) ｜ 一只英克雷死爪。(1)
组织	Scavenger's Dog	2	拾荒者的狗在逼近，准备攻击。(1) ｜ 我杀死了拾荒者的狗。很难过，但我别无选择。(1) ｜ 拾荒者的狗太凶残了，我打不过它！(1)
组织	Talon Company Mercs	2	我让鹰爪公司佣兵放下了戒心。我们互相讲了讲各自的经历，分别时已经成了朋友。(1) ｜ 一伙鹰爪公司雇佣兵。(1) ｜ 鹰爪公司的雇佣兵拔出他们的枪，让我离开。我照做了。(1)
组织	Horsemen's	2	在这段时间里，三狗一直在救人，帮助定居者躲避骑士的追随者，但也导致他被列入144号避难所的暗杀名单！他的最后一次广播让他被“死亡”的信徒追杀。我们必须在这些信徒之前找到他，其中一个追杀者可能知道“死亡”之穴的位置！(1) ｜ 你知道我们在哪里可以找到任何和“骑士”有关的邪教吗？(1)
组织	The Pack	2	正确，不过门徒和派克帮也是对的。(1) ｜ 正确，不过操作者和派克帮也是对的。(1) ｜ 派克帮。(1)
组织	Khan Killian's	2	但是遭到可汗·基利安的掠夺者帮派袭击之后他就消失了！(1) ｜ 杰克被可汗·基利安的掠夺者帮派偷走了，我们要把他找回来。(1) ｜ 从可汗·基利安的掠夺者帮派手里拯救杰克。(1)
组织	Khans	2	把大汗帮赶出诺瓦克的恐龙迪莱特旅馆。(1) ｜ 这些大汗帮真粗心，把这么多好东西随便乱放！(1) ｜ 你现在面对的是疯狂大汗帮！如果他们喜欢你，就不会杀你。疯狂大汗帮喜欢你吗？(1)
组织	Brotherhood Elder	2	与兄弟会长老会面(1) ｜ 嘿，呃，你就是兄弟会长老吗？(1)
组织	Children of Atom Camp	1	一处熙熙攘攘的原子之子营地，挡住了去路。(1)
组织	Starter Pack	1	避难所科技新手包(2) ｜ 每所避难所只能认领一个新手包。请稍后在另一个避难所尝试。(1)
组织	Brotherhood of Steel Star Paladin	1	一个值得钢铁兄弟会星骑士穿戴的装甲。你值得拥有。(1)
组织	Brotherhood of Steel's	1	被钢铁兄弟会里最棒最闪耀的人穿过。(1)
组织	Brotherhood of Steel Elders	1	荣耀的长袍，被钢铁兄弟会长老们穿过。(1)
组织	Institute Synths	1	拯救学院的合成人。(1) ｜ 学院合成人的基本装备。(1)
组织	Tunnel Snakes Rule	1	知道200个词，却只会说“隧道蛇统治一切！”(1)
组织	Commonwealth Minutemen	1	我叫普雷斯顿·加维，联邦义勇军民兵组织的成员。(1)
组织	War and Warshipper	1	你好，关于“战争”和“战争崇拜者”的报道，我都是根据卧底记者们寄来的材料写的。(1)
组织	Children of Atom's	1	我们被邀请参加原子之子一年一度的死爪蛋寻宝活动！这是验证威尔修士说法的好机会——教会打算在复活节当天引爆一枚大型核弹……(1)
组织	Khan Killian's Raider	1	但是遭到可汗·基利安的掠夺者帮派袭击之后他就消失了！(1)
组织	Pests and Hungry	1	在定居点搜寻“害虫”和“饥饿者”。(1)
组织	The Railroad	1	一群自称“铁路”的人正试图把难民偷偷送过这一带，结果被掠夺者抓住。趁还来得及，找到他们并把他们救出来。(1) ｜ 铁路。(1) ｜ 铁路希望我们拯救被学院回收的那群合成人。(1)
组织	Warshippers I	1	该死。我试过了，真的。这里，如果你告诉“战争崇拜者”我震慑住了你，我就给你这个。(1)
组织	Four Horsemen	1	先别提那个了。“瘟疫”是怎么回事？那不是四骑士中的一个吗？(1)
组织	Warshippers and Pests	1	在建筑里搜寻“战争崇拜者”和“害虫”。(1)
组织	Combine Pests	1	“将害虫与罗勒、大蒜、帕尔马干酪、橄榄油和松仁混合。”(1)
组织	Hungry Horde's	1	“害虫”将把“瘟疫”带到226号避难所，因此“战争”肯定会跟着来。如果我们也能让“饥荒”在那儿出现，骑士和他们的信徒说不定就会自相残杀！我们需要装扮成“害虫”，去和“饥饿”部落里那些尚未狂化的头领谈谈。(1)
组织	Hungry Horde	1	“饥饿部落”只是跟在他后面四处游荡，被他身上的放射性光环迷得神魂颠倒。(1) ｜ “害虫”将把“瘟疫”带到226号避难所，因此“战争”肯定会跟着来。如果我们也能让“饥荒”在那儿出现，骑士和他们的信徒说不定就会自相残杀！我们需要装扮成“害虫”，去和“饥饿”部落里那些尚未狂化的头领谈谈。(1) ｜ 饥饿的部落？所以你们不是“害虫”？(1)
组织	Minutemen and Brotherhood of Steel Themes	1	您可以在主题工坊中打造义勇军和钢铁兄弟会的主题。(1)
组织	Railroad and Institute Themes	1	您可以在主题工坊中打造铁路和学院的主题。(1)
组织	Enclave Remnants'	1	对付英克雷残部首领(1)
组织	WITH the Enclave	1	呃，我是说，跟英克雷“作对”。不是“纠缠”。总之。(1)
组织	Enclave AI	1	是时候揭开那个古怪英克雷AI的真相了。(1)
组织	Enclave Retirement Center	1	欢迎来到英克雷养老中心！我们这里不常有访客。(1)
组织	Enclave Officer Uniform	1	英克雷军官制服(1) ｜ 将您的赛季通行证提升至更高等级。获得普通通行证的所有特权，外加以下内容：25枚赛季徽章、全新赛博狗宠物、全新英克雷军官制服、奥特姆上校的制服、重型避难所连体服、变种人猎人装备、“龙胃”等离子喷枪、2个宠物笼子和5000瓶盖。(1)
组织	NEW Enclave Vault Room	1	解锁全部赛季奖励：
- 新的避难所外观[-][F7C531]主题[-]
- 新的英克雷避难所房间[-][F7C531]主题[-]
- [-][F7C531]新居民[-]及[-][F7C531]更多！[-](1)
组织	Enclave Remnants	1	这是废土淘金热！找到并交易金条，让我们的伟大避难所繁荣起来。但那是谁在敲打避难所大门？据说英克雷已经解散，可现在他们正冲着我们的黄金而来。监督者，去查出谁在掌控英克雷残部，并制止他们的掠夺！(1) ｜ 对付英克雷残部首领(1)
组织	Institute Courser	1	无所谓。作为学院的追猎者，我会阻止你们。(1)
组织	Institute I	1	想将功补过吗？告诉我点关于学院我不知道的事。(1)
角色	Rackie Jobinson's Baseball Jersey	42	寻找罗基·杰宾森的棒球衫。(69)
角色	Coach	35	一定是教练！他在嘲笑我们！(1) ｜ 教练在莱克维尔图书馆的墙上喷了一条嘲讽的留言！我们快追上了！该去789号避难所的废墟搜一搜了。(1) ｜ 不在这里。教练也不在。继续寻找吧！(1)
角色	Pip-Boy	32	完成目标，赚取瓶盖。目标能够通过点击哔哔小子菜单里的缎带图标找到。(3) ｜ 您获得了一个午餐盒。点击哔哔小子菜单里的午餐盒图标来打开午餐盒或者购买更多的午餐盒。(3) ｜ 避难所的储存室储藏着所有居民从废土上找来的或者午餐盒里得到的物品。
点击哔哔小子菜单上的盒子图标可以查看储藏的物品。(3)
角色	Vault Dwellers	25	其实我们是伪装的避难所居民。来这里暗中监视你们的！(5) ｜ 再见，避难所居民！(2) ｜ 希望这些人类今天开心。脾气暴躁的避难所居民可麻烦了。(2)
角色	Paula Plumbkin	24	前往909号避难所寻找宝拉·普朗布金。(2) ｜ 前往813号避难所寻找宝拉·普朗布金。(2) ｜ 前往核电站寻找宝拉·普朗布金。(2)
角色	Power Armor	23	哇哦……一套旧的动力装甲。这才叫底盘！(2) ｜ 圣骑士丹斯的动力装甲(2) ｜ 动力装甲。(1)
角色	Cappy	22	追踪瓶瓶和盖盖的绑匪。(4) ｜ 只要告诉我瓶瓶和盖盖去哪儿了，你这个怪咖！(1) ｜ 一位幸存者刚从掠夺者手中逃出来，他建议我们去177号避难所寻找瓶瓶和盖盖。如果抓紧时间的话，说不定能追上他们。(1)
角色	Bottle	19	追踪瓶瓶和盖盖的绑匪。(4) ｜ 只要告诉我瓶瓶和盖盖去哪儿了，你这个怪咖！(1) ｜ 一位幸存者刚从掠夺者手中逃出来，他建议我们去177号避难所寻找瓶瓶和盖盖。如果抓紧时间的话，说不定能追上他们。(1)
角色	Critical Hit	18	• 建造房间
• 升级房间
• 获得居民
• 完成任务
• 释放暴击(4) ｜ 任务能让您探索新的地点，遇见新的居民和收集战利品。

建造监督者办公室来派遣居民小队去完成任务。

点击监督者办公室里或者哔哔小子上的地图图标来进入任务列表。任务列表会显示您现在可以执行的任务，以及相对应的奖励，要求和状态。

在任务中，将居民拖到新房间中来探索或者直接点击您想要探索的房间。

居民会自动战斗，但是您可以先点击居民后点击敌人来让他们攻击一个特定目标。您也可以点击并按住一位居民，然后把出现的准星拖到敌人身上。

居民在战斗时会出现一个暴击蓄力器；一旦准备好，您的蓄力居民正在攻击的敌人上方会出现一个勾形图标，点击会对敌人进行致命暴击。

当箭头出现在十字线的中心时，请点击移动的箭头。离中心越近，暴击伤害的倍率就越高。

居民的运气（L）属性越高，暴击蓄力器的恢复速度也就越快。居民的观察力（P）属性越高，箭头移动的速度越慢。

点击右上角的地图图标查看必须完成和可选完成的任务目标。

当您结束探险时，点击地图图标让任务小队返回避难所。(2) ｜ 任务允许您探索新的地点，遇见新的居民和收集战利品。

建造监督者办公室，从您的避难所里派出一队居民去完成任务。

要访问任务列表，在监督者的办公室按或从哔哔小子选择地图图标。任务列表显示您的可用任务、奖励、需求和状态。

在任务中，通过选择您希望居民前往的房间来探索地点。

居民在战斗中自动战斗，但您可以命令一个选定的居民攻击一个特定的敌人，只需按住使一个目标出现，然后选择一个敌人。

当您的居民战斗，他们将显示一个暴击计量器；时机成熟时，一个复选标记图标将出现在您的居民正攻击的敌人身上。

当一个居民被选中后，用左摇杆选择复选标记，然后按住发动致命一击。

按以停止出现的移动的箭头；箭头越靠近十字线的中心，您的致命一击的伤害倍数就越高。

居民的运气属性越高，暴击计量器填充得越快，您的居民观察力越高，暴击箭头移动得就越慢。

按可以查看必须完成和可选完成的任务目标。

当您完成探索后，可通过任务目标界面将任务小队召回避难所。(2)
角色	Vault Dweller	17	其实我们是伪装的避难所居民。来这里暗中监视你们的！(5) ｜ 再见，避难所居民！(2) ｜ 希望这些人类今天开心。脾气暴躁的避难所居民可麻烦了。(2)
角色	Red Rocket	17	调查红火箭服务站。(2) ｜ 在红火箭加油站里寻找零件。(1) ｜ 红火箭服务站里有人在大声呼救。(1)
角色	Gobbler	16	对高步勒可不客气！(1) ｜ 我们顺着高步勒的蛋糕碎来到了布兰科工厂。(1) ｜ 找到更多有关高步勒的消息。(1)
角色	Rackie Jobinson's Jersey	16	一位名叫亨丽埃塔的人留下了一些信息，让我们去232号避难所。但愿她能指引我们找到罗基·杰宾森的棒球衫！(1) ｜ 还是没有教练或是罗基·杰宾森的棒球衫的影子。但他应该就在附近了！我能感觉到。还是说只是他的狐臭！无论如何，我们去搜搜宝贝爪爪宠物商店吧！(1) ｜ 我听说你们正在寻找罗基·杰宾森的棒球衫。(1)
角色	Spelun-King	16	监督者已经确定要送我们去参加洞穴探险大赛。(4) ｜ 监督者已经确定要送我们去参加洞穴探险大赛！(3) ｜ 一年一度的洞穴探险赛即将开始，但是该送哪一个居民过去呢？让我们派遣那些有魅力又观察力敏锐的居民去吧，看看他们有多厉害！(1)
角色	Feral Ghouls	14	我叫曼迪麦金托什。狂尸鬼把我们其中一些人抓走了。(1) ｜ 您的避难所随时都会发生灾害！当极速模式失败时，也会造成灾害。灾害是随机的，请注意以下情况：

火灾-在火势蔓延到其他房间之前赶紧扑灭。

辐射蟑螂-这些烦人的小虫子很难根除。趁它们还没扩散，赶紧消灭。

掠夺者- 掠夺者们会闯入避难所然后破坏资源。赶紧阻止他们！如果不小心的话，强悍的掠夺者们还会偷走瓶盖！升级您的避难所入口将会使得掠夺者花费更长时间进入，因此给您更多时间准备。您可以派居民驻守入口，在他们进入时形成良好的前线防御。您可以从死亡的掠夺者身上掠夺瓶盖和物品！

鼹鼠- 这些坏蛋喜欢从土里挖进您的避难所，吃掉每个房间的电线。迅速消灭它们，不然您的电力将枯竭！

死爪-您每一次打开避难所的大门，都是在给这些野兽们发送邀请信息。它们会毫不留情地来避难所破坏资源。请备好充足的治疗针和武器，不然它们会像切蛋糕一样劈开您的居民！

狂尸鬼- 狂尸鬼会在您的避难所里四处跑动，制造混乱，给居民带来物理和辐射伤害。

辐射蝎- 这些变种的蝎子能钻洞，然后随机攻击避难所里任何的房间。请迅速解决掉它们，因为它们的攻击也会带来辐射伤害。

孕妇和孩子在灾害发生时会躲起来。(1) ｜ 枪匠的呼喊从广播里传来，声音大而清楚。“狂尸鬼！救命！谁要是能救我出去我会拿最好的武器报答他！”如果你想要这个奖励的话得赶快了。(1)
角色	Bigsby	14	找到比格斯比。(4) ｜ 我不相信！怎么可能有人用比格斯比做热狗。我没法付钱给你，但你也许能用得上这个。(1) ｜ 所以比格斯比不在这里了吗？(1)
角色	Yao Guai	12	被妖怪熊一家人逼到了山洞的角落。我会尽力安抚它们。(1) ｜ 我帮助猎人找到了妖怪熊并杀死了它。(1) ｜ 辐射蝎和妖怪熊打架，谁会赢？(1)
角色	Mister Handy	11	我得重新考虑一下“把巧手先生送到废土”这个主意……(2) ｜ 不。不！走开，狗狗！走开！我不是消防栓！我是巧手先生……啊！不！坏狗！(2) ｜ 找到什么算什么，然后就回去。英雄主义什么的可不适合像我这样的巧手先生！(2)
角色	Left Stick	11	让我们看看{居民}的{状态}。以左摇杆{移动}到{废土}来{选择}第一个{居民}。(3) ｜ 用左摇杆选择房间。

选择房间后，按或用左摇杆切换房间内的居民。

使用右摇杆移动镜头，和放大和缩小。(3) ｜ 任务允许您探索新的地点，遇见新的居民和收集战利品。

建造监督者办公室，从您的避难所里派出一队居民去完成任务。

要访问任务列表，在监督者的办公室按或从哔哔小子选择地图图标。任务列表显示您的可用任务、奖励、需求和状态。

在任务中，通过选择您希望居民前往的房间来探索地点。

居民在战斗中自动战斗，但您可以命令一个选定的居民攻击一个特定的敌人，只需按住使一个目标出现，然后选择一个敌人。

当您的居民战斗，他们将显示一个暴击计量器；时机成熟时，一个复选标记图标将出现在您的居民正攻击的敌人身上。

当一个居民被选中后，用左摇杆选择复选标记，然后按住发动致命一击。

按以停止出现的移动的箭头；箭头越靠近十字线的中心，您的致命一击的伤害倍数就越高。

居民的运气属性越高，暴击计量器填充得越快，您的居民观察力越高，暴击箭头移动得就越慢。

按可以查看必须完成和可选完成的任务目标。

当您完成探索后，可通过任务目标界面将任务小队召回避难所。(2)
角色	Weekly Exposition	11	与每周博览会记者交谈。(2) ｜ 参观每周博览会的办公室。(2) ｜ 《每周博览会报》的一名记者，正以“害虫”的身份做卧底，他把“瘟疫”的事告诉了我们，并请我们给编辑转达一条消息。他还说，有些记者藏在“饥饿者”和“战争崇拜者”中间，所以我们去博览会办公室，看看他们知道些什么！(1)
角色	Maxson's Roughnecks	11	一个居民告诉我“麦克森硬汉小队”去了威尔逊原子玩具厂。我下一站就去那里。(1) ｜ 前往威尔逊原子玩具厂寻找“麦克森硬汉小队”。(1) ｜ 前往海神能源办公室，找到“麦克森硬汉小队”的其余成员。(1)
角色	Living Quarters	10	当您需要新居民时，您可以鼓励您的居民多生育。

- 将一个男人和女人放在宿舍里，看看他们是不是喜欢对方。

- 如果一切顺利的话，女方将会怀孕。

- 过一段时间，怀孕的居民就可以分娩了。

- 点击她头上的图标，会有新的小孩出生。

- 一旦孩子长大，您将拥有一个新的居民。(2) ｜ 宿舍主题(1) ｜ 赛季通行证即将到期！完成挑战或使用量子核子可乐来解锁奖励。
在高级赛道达到20级即可获得独家幸运38顶层套房宿舍主题，仅限本赛季。(1)
角色	Great War	10	我的时间传感器在大战中受损了，估计至少是一周前的事了。(2) ｜ 我听说大战是由一个反叛的人工智能引发的。真是怪了——它怎么会想要把一切弄得这么混乱？(2) ｜ 我们收到情报，317号避难所里有战前的三叶草样本。这种耐寒又营养丰富的野草据信已经灭绝了，却可能成为我们重要的口粮。我们得把这些样本带回来——如果还有剩下的话！(1)
角色	Glowing One	10	消灭发光种。(9) ｜ 两只发光种占领了一处旧的聚变核心工厂。把那帮尸鬼撵出去，让他们一个个摔个屁股蹲儿！(1) ｜ 我是一个……好人……但是成为一个发光种……可不是小孩子过家家！(1)
角色	Boss	10	消灭掠夺者首领。(10) ｜ 老大！我们想要点医疗物资！(5) ｜ 打败掠夺者首领。(4)
角色	Fallout Shelter	9	经过大家的共同努力，我们取得了一个重要的里程碑：

超过1亿名监督者已经创建了属于他们自己的避难所！
请收下这份免费礼物，这是避难所科技在向您说……谢谢！(1) ｜ 辐射避难所(1) ｜ - 先点击居民，再点击房间或废土，将居民派往该处。

- 点击储藏室打开库存。

- 在设备的主屏幕上点击辐射避难所图标，直接进入避难所。(1)
角色	Pet Carriers	9	提示：完成某些目标可获得午餐盒、宠物笼子或巧手先生盒子！(1) ｜ 宠物能够在午餐盒和宠物笼子中找到。

宠物能为所属居民提供加成效果、提升其在战斗中的伤害，还能跟随居民去废土上帮助。

一个房间里只允许有一到三只宠物，这取决于房间大小。

宠物也有普通，稀有和传奇三个等级。宠物越稀有，相关加成就越好。但即使是同样的宠物也有可能带来不同的加成。

像配备武器和装备那样指定一只宠物。(1) ｜ 将赛季通行证提升至新高度。获得普通通行证全部权益，外加以下内容：25枚赛季徽章、凯特和泽克、T-60f动力装甲、重型战斗甲、指挥官制服、2个宠物笼子、辐射极琉矿加特林激光枪，以及5000瓶盖。(1)
角色	Vault Door	9	驱逐居民时，将他们拖到废土上，然后点击红色大门的按钮，而不是派他们去探险。

给居民配备的所有物品将会返还给避难所库存。(2) ｜ 将居民拖到废土上并点击红色门按钮可以驱逐他们。(2) ｜ 您的避难所随时都会发生灾害！当极速模式失败时，也会造成灾害。灾害是随机的，请注意以下情况：

火灾-在火势蔓延到其他房间之前赶紧扑灭。

辐射蟑螂-这些烦人的小虫子很难根除。趁它们还没扩散，赶紧消灭。

掠夺者- 掠夺者们会闯入避难所然后破坏资源。赶紧阻止他们！如果不小心的话，强悍的掠夺者们还会偷走瓶盖！升级您的避难所入口将会使得掠夺者花费更长时间进入，因此给您更多时间准备。您可以派居民驻守入口，在他们进入时形成良好的前线防御。您可以从死亡的掠夺者身上掠夺瓶盖和物品！

鼹鼠- 这些坏蛋喜欢从土里挖进您的避难所，吃掉每个房间的电线。迅速消灭它们，不然您的电力将枯竭！

死爪-您每一次打开避难所的大门，都是在给这些野兽们发送邀请信息。它们会毫不留情地来避难所破坏资源。请备好充足的治疗针和武器，不然它们会像切蛋糕一样劈开您的居民！

狂尸鬼- 狂尸鬼会在您的避难所里四处跑动，制造混乱，给居民带来物理和辐射伤害。

辐射蝎- 这些变种的蝎子能钻洞，然后随机攻击避难所里任何的房间。请迅速解决掉它们，因为它们的攻击也会带来辐射伤害。

孕妇和孩子在灾害发生时会躲起来。(1)
角色	Alpha Deathclaw	9	消灭领头死爪。(7) ｜ 据说一只凶猛的领头死爪在一幢旧办公楼里安了家。也许它把教练干掉了！想想总可以吧？(1) ｜ 有一个悬赏公告，要求杀死领头死爪“屠夫”。不用担心。我相信这个肯定只是个昵称。但把它拿下，你会得到一笔丰厚的奖金。(1)
角色	Raider Boss	9	消灭掠夺者首领。(10) ｜ 打败掠夺者首领。(4) ｜ 消灭大无敌超市的掠夺者首领。(2)
角色	E-Ster	9	关于复活节你们知道些什么？(1) ｜ 他们不停地说我们应该高兴“复活节”的到来。不知道那意味着什么。(1) ｜ 我们被邀请参加原子之子一年一度的死爪蛋寻宝活动！这是验证威尔修士说法的好机会——教会打算在复活节当天引爆一枚大型核弹……(1)
角色	Feral Ghoul	8	看啊。一个狂尸鬼正在啃一个人的手臂。这可不是每天都能看到的景象。(2) ｜ 狂尸鬼(2) ｜ 在没有人员伤亡的情况下撑过了{0}次狂尸鬼攻击(2)
角色	New Vegas	8	避难所科技已将诺瓦克认定为推进我们在莫哈维地区利益的战略要地。招募忠诚盟友，将诺瓦克收入麾下，并在新维加斯璀璨霓虹的映照下将其打造成一座闪耀的灯塔！我们押注你，监督者！(1) ｜ 新维加斯大道(1) ｜ 那个卖蛇油的把我们派到新维加斯所谓“西区”的一栋摇摇欲坠的楼里。等我们收拾完他们，他们就再也造不出“奇迹血清”了。(1)
角色	Super Cup	8	一群掠夺者绑架了一位定居者做人质。救出人质，并解开“超级杯”之谜！(1) ｜ 超级杯？(1) ｜ 我一定会赢得今年的“超级杯”！(1)
角色	Experimental Vault	8	在本赛季新实验避难所中考验您作为监督者的实力！实验避难所引入全新玩法和独家奖励。赛季时间有限——千万别错过！(5) ｜ 请前往您的普通避难所，领取实验避难所中所有未领取的奖励以及剩余的量子核子可乐。(1) ｜ 在实验避难所中执行以下操作以提升评分：(1)
角色	Fusion Cores	8	兄弟会需要我们替他们从一座罗伯科研究设施取回一些“机密蓝图”。只要办成，他们就会加入我们的行动，先给我们一些聚变核心作为回报！(1) ｜ 为兄弟会获取一些蓝图，换取聚变核心。(1) ｜ 不惜一切代价保护我们的聚变核心！(1)
角色	Sugar Bombs	7	糖衣炸弹麦片？那东西会要了你的命。但是我给你一条捷径吧。(1) ｜ 忠诚但总是觉得饿。想要一块饼干，但关键时候糖衣炸弹麦片也行。(1) ｜ 大概来点什么马上能吃的吧。也许一碗糖衣炸弹麦片。(1)
角色	Three Dog	7	听三狗的广播。(3) ｜ 这里有一台打开的收音机，听起来像三狗正在直播。(1) ｜ 跑，三狗，快跑！(1)
角色	Glowing Radscorpion	7	消灭发光辐射蝎。(7) ｜ 想要研究发光辐射蝎的致死性，有什么比亲自观察更好呢？派遣你的研究队深入怪兽洞穴吧。当然你得先杀了它。(1) ｜ 消灭第二只发光辐射蝎。(1)
角色	Season Pass	7	赛季通行证即将结束！完成挑战或使用量子核子可乐来解锁奖励。(2) ｜ 赛季通行证即将到期！完成挑战或使用量子核子可乐来解锁奖励。
在高级赛道达到20级即可获得独家幸运38顶层套房宿舍主题，仅限本赛季。(1) ｜ 有了赛季通行证，Fallout赛季才更精彩。
立即领取你已解锁的所有赛季奖励！奖励可在所有避难所中领取。(1)
角色	Super Mutant	6	嗯，远处有些大块头人类，也许……啊，没错，超级变种人。该掉头了。(2) ｜ 探测器显示……没错，那是个超级变种人。而且没错，我现在正朝反方向走……(2) ｜ 那个藏在波士顿公园池塘里的巨兽叫什么名字？(1)
角色	Radio Room	6	广播室能吸引来自废土的新居民。

- 广播室会周期性地发出信号，召唤新居民加入。有时会收到回应。

- 如果广播室的计时器走到零还没有新的居民回应，计时器会自动重启。

- 将魅力值高的居民分配在广播室能够加速信号的发出。

- 升级广播室能增加吸引新居民的概率。

- 广播信号也可能把死爪引到您的避难所。

- 如果您不想吸引新居民，可以让广播室停止呼叫。

- 在广播室里分配居民能够提升避难所的整体幸福度，无论广播室是否正在招募新居民。(1) ｜ 提示：合并广播室将会增加吸引外来居民的概率。(1) ｜ 即使您停止了广播室的对外召唤功能，它仍能提升居民的幸福度。(1)
角色	Build Rooms	6	• 建造房间
• 升级房间
• 获得居民
• 完成任务
• 释放暴击(4) ｜ 有许多方式可以赚取瓶盖。
- 在废土和任务中找到
- 完成目标
- 居民升级
- 贩卖物品
- 每个午餐盒里都有一定数量的瓶盖
- 一些幸运的居民在收集资源时偶尔能获得瓶盖

一些动作需要花费瓶盖。
- 建造房间和电梯
- 摧毁岩石
- 升级房间
- 复活居民
- 打造武器、装备和主题
- 个性化居民(1) ｜ 建造房间(1)
角色	Upgrade Rooms	6	• 建造房间
• 升级房间
• 获得居民
• 完成任务
• 释放暴击(4) ｜ 有许多方式可以赚取瓶盖。
- 在废土和任务中找到
- 完成目标
- 居民升级
- 贩卖物品
- 每个午餐盒里都有一定数量的瓶盖
- 一些幸运的居民在收集资源时偶尔能获得瓶盖

一些动作需要花费瓶盖。
- 建造房间和电梯
- 摧毁岩石
- 升级房间
- 复活居民
- 打造武器、装备和主题
- 个性化居民(1) ｜ 升级房间(1)
角色	Quest List	6	任务能让您探索新的地点，遇见新的居民和收集战利品。

建造监督者办公室来派遣居民小队去完成任务。

点击监督者办公室里或者哔哔小子上的地图图标来进入任务列表。任务列表会显示您现在可以执行的任务，以及相对应的奖励，要求和状态。

在任务中，将居民拖到新房间中来探索或者直接点击您想要探索的房间。

居民会自动战斗，但是您可以先点击居民后点击敌人来让他们攻击一个特定目标。您也可以点击并按住一位居民，然后把出现的准星拖到敌人身上。

居民在战斗时会出现一个暴击蓄力器；一旦准备好，您的蓄力居民正在攻击的敌人上方会出现一个勾形图标，点击会对敌人进行致命暴击。

当箭头出现在十字线的中心时，请点击移动的箭头。离中心越近，暴击伤害的倍率就越高。

居民的运气（L）属性越高，暴击蓄力器的恢复速度也就越快。居民的观察力（P）属性越高，箭头移动的速度越慢。

点击右上角的地图图标查看必须完成和可选完成的任务目标。

当您结束探险时，点击地图图标让任务小队返回避难所。(2) ｜ 任务允许您探索新的地点，遇见新的居民和收集战利品。

建造监督者办公室，从您的避难所里派出一队居民去完成任务。

要访问任务列表，在监督者的办公室按或从哔哔小子选择地图图标。任务列表显示您的可用任务、奖励、需求和状态。

在任务中，通过选择您希望居民前往的房间来探索地点。

居民在战斗中自动战斗，但您可以命令一个选定的居民攻击一个特定的敌人，只需按住使一个目标出现，然后选择一个敌人。

当您的居民战斗，他们将显示一个暴击计量器；时机成熟时，一个复选标记图标将出现在您的居民正攻击的敌人身上。

当一个居民被选中后，用左摇杆选择复选标记，然后按住发动致命一击。

按以停止出现的移动的箭头；箭头越靠近十字线的中心，您的致命一击的伤害倍数就越高。

居民的运气属性越高，暴击计量器填充得越快，您的居民观察力越高，暴击箭头移动得就越慢。

按可以查看必须完成和可选完成的任务目标。

当您完成探索后，可通过任务目标界面将任务小队召回避难所。(2) ｜ 任务(1)
角色	Brother Will	6	我想我看到了我们失踪的威尔修士并试图跟随他。(1) ｜ 我们认为失踪的教会见习信徒威尔修士可能被驻扎在附近的一帮掠夺者绑架了。我们会派一支队伍去救他，等他平安回来之后，再视情况通知忏悔者阿尔瓦拉多。(1) ｜ 我们被邀请参加原子之子一年一度的死爪蛋寻宝活动！这是验证威尔修士说法的好机会——教会打算在复活节当天引爆一枚大型核弹……(1)
角色	Grandmamma	6	我们派了一名居民把食物送给一只人称“奶奶”的年老不狂化尸鬼，但我们好久没听到她的消息了。我们必须派一支小队去调查！(1) ｜ 你确定那是奶奶吗？(1) ｜ 我试图运送物资给奶奶，但她很奇怪。(1)
角色	Confessor Alvarado	6	我们认为失踪的教会见习信徒威尔修士可能被驻扎在附近的一帮掠夺者绑架了。我们会派一支队伍去救他，等他平安回来之后，再视情况通知忏悔者阿尔瓦拉多。(1) ｜ 和忏悔者阿尔瓦拉多交谈。(1) ｜ 停止忏悔者阿尔瓦拉多的计划。(1)
角色	Wyatt	6	谢谢你们。你们救了我。我是怀亚特，铁路的负责人。(1) ｜ 你们是谁？怀亚特在哪？我不是叛徒，我发誓。(1) ｜ 我们不是怀亚特的朋友。你要是能给我们点好处，我们就放你走。(1)
角色	Theme Recipes	5	您可以利用杂物和瓶盖，在武器、装备和主题工坊中打造物品。

普通，稀有和传奇级别的杂物会在午餐盒、废土和任务中找到，分解武器和装备也能产出杂物。物品越稀有，需要的杂物就越稀有。

同时还需要打造物品的相应配方。工坊开始时会自带一些配方，其他的配方可以在死亡的掠夺者身上、废土探险或任务中找到。

主题配方以碎片形式出现。在任务中寻找这些碎片，或使用量子核子可乐来补全主题配方。

点击工坊的打造按钮可以看到能够打造的物品列表，选择您想要的。升级后的武器和装备工坊能够打造稀有和传奇级别的物品。

如果开始打造之后取消，您所用的杂物将全部返还，但花费的瓶盖只有部分返还。(2) ｜ 在任务中集齐某套主题配方的全部碎片，就能获得这套主题配方。(1) ｜ 您可以利用杂物和瓶盖，在武器、装备和主题工坊中打造物品。

普通，稀有和传奇级别的杂物会在午餐盒、废土和任务中找到，分解武器和装备也能产出杂物。物品越稀有，需要的杂物就越稀有。

同时还需要打造物品的相应配方。工坊开始时会自带一些配方，其他的配方可以在死亡的掠夺者身上、废土探险或任务中找到。

主题配方以碎片形式出现。在任务中寻找这些碎片，或使用量子核子可乐来补全主题配方。

在工坊中按，可以看到能够打造的物品列表，选择您想要的。升级后的武器和装备工坊能够打造稀有和传奇级别的物品。

如果开始打造之后取消，您所用的杂物将全部返还，但花费的瓶盖只有部分返还。(1)
角色	Wasteland Logs	5	1. 废土-按打开废土日志。
2. 居民菜单-可方便地排序和选择您的居民。
3. 幸福-避难所整体幸福度。按查看它为您的避难所提供的加成。
4. 资源栏-当前资源的数量。不要让它们低于所需的资源线，否则您的避难所情况将开始恶化。点击左摇杆查看您有多少资源。
5. 瓶盖-您当前的瓶盖数量。
6. 建造锤子-按建造房间。
7. 哔哔小子-按打开哔哔小子菜单。哔哔小子上的数字意味着您有午餐盒要打开。感叹号表示有待收取的目标奖励。
8. 午餐盒-选择午餐盒图标进入午餐盒菜单。数字意味着您有午餐盒要打开。
9. 目标—选择缎带转到目标页面。感叹号表示有待收取的目标奖励。
10. 库存-选择箱子以进入库存菜单。
11. 生存指南-选择书以打开避难所居民生存指南。
12. 设置-选择齿轮以打开设置菜单。(2) ｜ 1. 废土- 点击避难所外面可查看废土日志。
2. 居民菜单- 可以用来快速整理和选择您的居民。
3. 幸福度- 避难所整体的幸福度。点击可以查看它为避难所带来哪些加成。
4. 资源条- 您现有的资源总量。勿让资源低于所需资源线，否则避难所将开始恶化。点击可查看您有多少资源。
5. 瓶盖- 点击瓶盖可以进入午餐盒商店。
6. 建造锤子-点击可建造房间
7. 哔哔小子- 点击哔哔小子可打开菜单。数字表示您有可以打开的午餐盒。感叹号表示有目标奖励可领取。
8. 午餐盒- 点击可进入午餐盒菜单
9. 目标- 点击缎带图标进入目标页面。一个感叹号表示有目标奖励可以领取。
10. 库存- 点击盒子图标进入库存菜单。
11. VDSG- 点击书图标可打开避难所居民生存指南
12. 设置- 点击齿轮图标可进入设置菜单。(1) ｜ 1. 废土- 点击避难所外面可查看废土日志。
2. 居民菜单- 可以用来快速整理和选择您的居民。
3. 幸福度- 避难所整体的幸福度。点击可以查看它能为避难所带来哪些加成。
4. 资源条- 您现有的资源总量。勿让资源低于所需资源线，否则避难所将开始恶化。点击可查看您有多少资源。
5. 瓶盖- 点击瓶盖可以进入午餐盒商店。
6. 建造锤子-点击可建造房间
7. 哔哔小子- 点击哔哔小子可打开菜单。数字表示您有可以打开的午餐盒。感叹号表示有目标奖励可领取。
8. 午餐盒- 点击可进入午餐盒菜单
9. 目标- 点击缎带图标进入目标页面。一个感叹号表示有目标奖励可以领取。
10. 库存- 点击盒子图标进入库存菜单。
11. VDSG- 点击书图标可打开避难所居民生存指南
12. 设置- 点击齿轮图标可进入设置菜单。(1)
角色	Vault Happiness	5	1. 废土-按打开废土日志。
2. 居民菜单-可方便地排序和选择您的居民。
3. 幸福-避难所整体幸福度。按查看它为您的避难所提供的加成。
4. 资源栏-当前资源的数量。不要让它们低于所需的资源线，否则您的避难所情况将开始恶化。点击左摇杆查看您有多少资源。
5. 瓶盖-您当前的瓶盖数量。
6. 建造锤子-按建造房间。
7. 哔哔小子-按打开哔哔小子菜单。哔哔小子上的数字意味着您有午餐盒要打开。感叹号表示有待收取的目标奖励。
8. 午餐盒-选择午餐盒图标进入午餐盒菜单。数字意味着您有午餐盒要打开。
9. 目标—选择缎带转到目标页面。感叹号表示有待收取的目标奖励。
10. 库存-选择箱子以进入库存菜单。
11. 生存指南-选择书以打开避难所居民生存指南。
12. 设置-选择齿轮以打开设置菜单。(2) ｜ 1. 废土- 点击避难所外面可查看废土日志。
2. 居民菜单- 可以用来快速整理和选择您的居民。
3. 幸福度- 避难所整体的幸福度。点击可以查看它为避难所带来哪些加成。
4. 资源条- 您现有的资源总量。勿让资源低于所需资源线，否则避难所将开始恶化。点击可查看您有多少资源。
5. 瓶盖- 点击瓶盖可以进入午餐盒商店。
6. 建造锤子-点击可建造房间
7. 哔哔小子- 点击哔哔小子可打开菜单。数字表示您有可以打开的午餐盒。感叹号表示有目标奖励可领取。
8. 午餐盒- 点击可进入午餐盒菜单
9. 目标- 点击缎带图标进入目标页面。一个感叹号表示有目标奖励可以领取。
10. 库存- 点击盒子图标进入库存菜单。
11. VDSG- 点击书图标可打开避难所居民生存指南
12. 设置- 点击齿轮图标可进入设置菜单。(1) ｜ 1. 废土- 点击避难所外面可查看废土日志。
2. 居民菜单- 可以用来快速整理和选择您的居民。
3. 幸福度- 避难所整体的幸福度。点击可以查看它能为避难所带来哪些加成。
4. 资源条- 您现有的资源总量。勿让资源低于所需资源线，否则避难所将开始恶化。点击可查看您有多少资源。
5. 瓶盖- 点击瓶盖可以进入午餐盒商店。
6. 建造锤子-点击可建造房间
7. 哔哔小子- 点击哔哔小子可打开菜单。数字表示您有可以打开的午餐盒。感叹号表示有目标奖励可领取。
8. 午餐盒- 点击可进入午餐盒菜单
9. 目标- 点击缎带图标进入目标页面。一个感叹号表示有目标奖励可以领取。
10. 库存- 点击盒子图标进入库存菜单。
11. VDSG- 点击书图标可打开避难所居民生存指南
12. 设置- 点击齿轮图标可进入设置菜单。(1)
角色	Luck Dwellers	5	任务能让您探索新的地点，遇见新的居民和收集战利品。

建造监督者办公室来派遣居民小队去完成任务。

点击监督者办公室里或者哔哔小子上的地图图标来进入任务列表。任务列表会显示您现在可以执行的任务，以及相对应的奖励，要求和状态。

在任务中，将居民拖到新房间中来探索或者直接点击您想要探索的房间。

居民会自动战斗，但是您可以先点击居民后点击敌人来让他们攻击一个特定目标。您也可以点击并按住一位居民，然后把出现的准星拖到敌人身上。

居民在战斗时会出现一个暴击蓄力器；一旦准备好，您的蓄力居民正在攻击的敌人上方会出现一个勾形图标，点击会对敌人进行致命暴击。

当箭头出现在十字线的中心时，请点击移动的箭头。离中心越近，暴击伤害的倍率就越高。

居民的运气（L）属性越高，暴击蓄力器的恢复速度也就越快。居民的观察力（P）属性越高，箭头移动的速度越慢。

点击右上角的地图图标查看必须完成和可选完成的任务目标。

当您结束探险时，点击地图图标让任务小队返回避难所。(2) ｜ 任务允许您探索新的地点，遇见新的居民和收集战利品。

建造监督者办公室，从您的避难所里派出一队居民去完成任务。

要访问任务列表，在监督者的办公室按或从哔哔小子选择地图图标。任务列表显示您的可用任务、奖励、需求和状态。

在任务中，通过选择您希望居民前往的房间来探索地点。

居民在战斗中自动战斗，但您可以命令一个选定的居民攻击一个特定的敌人，只需按住使一个目标出现，然后选择一个敌人。

当您的居民战斗，他们将显示一个暴击计量器；时机成熟时，一个复选标记图标将出现在您的居民正攻击的敌人身上。

当一个居民被选中后，用左摇杆选择复选标记，然后按住发动致命一击。

按以停止出现的移动的箭头；箭头越靠近十字线的中心，您的致命一击的伤害倍数就越高。

居民的运气属性越高，暴击计量器填充得越快，您的居民观察力越高，暴击箭头移动得就越慢。

按可以查看必须完成和可选完成的任务目标。

当您完成探索后，可通过任务目标界面将任务小队召回避难所。(2) ｜ 任务能让您探索新的地点，遇见新的居民和收集战利品。

建造监督者办公室来派遣居民小队去完成任务。

按下监督者办公室里的或者哔哔小子上的地图图标来进入任务列表。任务列表会显示您现在可以执行的任务，以及相对应的奖励，要求和状态。

在任务中，选择您希望居民前往的房间即可探索地点。

居民会自动战斗，但您可以命令选定的居民攻击一个特定目标：按住使目标出现，然后选择敌人。

居民在战斗时会出现一个暴击蓄力器；一旦准备好，居民攻击的敌人上方会出现一个勾形图标。

当选中一个居民时，用左摇杆选择勾形图标，按住来释放一次致命暴击。

当箭头出现在十字线的中心时，按下来停下移动的箭头。离中心越近，暴击伤害的倍率就越高。

居民的运气（L）属性越高，暴击蓄力器的恢复速度也就越快。居民的观察力（P）属性越高，箭头移动的速度越慢。

按下来查看必须和选择性完成的任务目标。

当您结束探险时，可以从任务目标里让任务小队返回避难所。(1)
角色	Dweller Perception	5	任务能让您探索新的地点，遇见新的居民和收集战利品。

建造监督者办公室来派遣居民小队去完成任务。

点击监督者办公室里或者哔哔小子上的地图图标来进入任务列表。任务列表会显示您现在可以执行的任务，以及相对应的奖励，要求和状态。

在任务中，将居民拖到新房间中来探索或者直接点击您想要探索的房间。

居民会自动战斗，但是您可以先点击居民后点击敌人来让他们攻击一个特定目标。您也可以点击并按住一位居民，然后把出现的准星拖到敌人身上。

居民在战斗时会出现一个暴击蓄力器；一旦准备好，您的蓄力居民正在攻击的敌人上方会出现一个勾形图标，点击会对敌人进行致命暴击。

当箭头出现在十字线的中心时，请点击移动的箭头。离中心越近，暴击伤害的倍率就越高。

居民的运气（L）属性越高，暴击蓄力器的恢复速度也就越快。居民的观察力（P）属性越高，箭头移动的速度越慢。

点击右上角的地图图标查看必须完成和可选完成的任务目标。

当您结束探险时，点击地图图标让任务小队返回避难所。(2) ｜ 任务允许您探索新的地点，遇见新的居民和收集战利品。

建造监督者办公室，从您的避难所里派出一队居民去完成任务。

要访问任务列表，在监督者的办公室按或从哔哔小子选择地图图标。任务列表显示您的可用任务、奖励、需求和状态。

在任务中，通过选择您希望居民前往的房间来探索地点。

居民在战斗中自动战斗，但您可以命令一个选定的居民攻击一个特定的敌人，只需按住使一个目标出现，然后选择一个敌人。

当您的居民战斗，他们将显示一个暴击计量器；时机成熟时，一个复选标记图标将出现在您的居民正攻击的敌人身上。

当一个居民被选中后，用左摇杆选择复选标记，然后按住发动致命一击。

按以停止出现的移动的箭头；箭头越靠近十字线的中心，您的致命一击的伤害倍数就越高。

居民的运气属性越高，暴击计量器填充得越快，您的居民观察力越高，暴击箭头移动得就越慢。

按可以查看必须完成和可选完成的任务目标。

当您完成探索后，可通过任务目标界面将任务小队召回避难所。(2) ｜ 居民平均观察力(1)
角色	Legendary Pet	5	稀有居民 (20.0%)
传奇居民 (4.9%)
巧手先生 (0.2%)
咔嚓 (0.02%)
稀有武器 (13.2%)
传奇武器 (7.1%)
稀有护甲 (12.9%)
传奇护甲 (7.8%)
普通宠物 (0.02%)
稀有宠物 (1.0%)
传奇宠物 (0.3%)
瓶盖 (32.6%)(1) ｜ 普通宠物 (45%)
稀有宠物 (35%)
传奇宠物 (20%)(1) ｜ 普通武器 (37.5%)
稀有武器 (8.8%)
传奇武器 (1.7%)
普通护甲 (41.4%)
稀有护甲 (5.8%)
传奇护甲 (1.8%)
普通宠物 (2.3%)
稀有宠物 (0.6%)
传奇宠物 (0.1%)(1)
角色	Vault Suit	5	我是一个有执照的避难所套装检查员。我需要紧紧地拥抱你。(1) ｜ 一件标准的避难所服装，用来适应废土的严酷环境。(1) ｜ 告诉圣诞老人我们真的需要一些新的避难所套装！(1)
角色	King	5	监督者已经确定要送我们去参加洞穴探险大赛。(4) ｜ 监督者已经确定要送我们去参加洞穴探险大赛！(3) ｜ 一年一度的洞穴探险赛即将开始，但是该送哪一个居民过去呢？让我们派遣那些有魅力又观察力敏锐的居民去吧，看看他们有多厉害！(1)
角色	Rackie Jobinson	5	寻找罗基·杰宾森的棒球衫。(69) ｜ 一位名叫亨丽埃塔的人留下了一些信息，让我们去232号避难所。但愿她能指引我们找到罗基·杰宾森的棒球衫！(1) ｜ 废土的某个地方有一件棒球衫，它是棒球界的传奇运动员罗基·杰宾森的。让我们找到它！(1)
角色	Radiation Suits	5	新年第一天……昨夜避难所举行了隆重的派对活动。但是监督者的儿子杰克失踪了。我们必须找到他！现在只知道12点之前他还和我们在一起，但之后发生了什么完全是一片模糊，我们都穿着防辐射服，所以我们应该是去过可伟佳汽车厂……(1) ｜ 你知道他们为什么要你的辐射服吗？(1) ｜ 派遣一队穿着防辐射服的居民去邻近的避难所。(1)
角色	Three Dog's	5	听三狗的广播。(3) ｜ 这里有一台打开的收音机，听起来像三狗正在直播。(1) ｜ 三狗装备(1)
角色	Commish	5	和“总裁”对峙。(1) ｜ 谁是“总裁”？(1) ｜ 拯救人质并与“总裁”对峙。(1)
角色	Door Buster	5	破门神器(1) ｜ 成为第一个找到“破门神器”的人！(1) ｜ 废土上流传着一些关于“破门神器”的传说。抓紧时间看看谁能先抢到这件神秘的宝贝！(1)
角色	Season Badges	5	将赛季通行证提升至新高度。获得普通通行证全部权益，外加以下内容：25枚赛季徽章、凯特和泽克、T-60f动力装甲、重型战斗甲、指挥官制服、2个宠物笼子、辐射极琉矿加特林激光枪，以及5000瓶盖。(1) ｜ 将赛季通行证提升至新高度。获得普通通行证全部权益，外加以下内容：25枚赛季徽章、维克托（相当于巧手先生）、露西的黄色连衣裙、重型雇佣兵装备、维尔齐格的旅行服、低调休闲装、“吐铅者”旋转机枪、2个宠物笼子，以及5000瓶盖。(1) ｜ 将赛季通行证提升至新高度。获得普通通行证全部权益，外加以下内容：25枚赛季徽章、豪斯先生、马克西姆斯夹克、T-45d动力装甲、修身西装、专家连身服、技术人员的报复、2个宠物笼子，以及5000瓶盖。(1)
角色	Acquire Dwellers	5	• 建造房间
• 升级房间
• 获得居民
• 完成任务
• 释放暴击(4) ｜ 获得居民(1) ｜ • 建造房间
• 升级房间
• 获得居民
• 在辐尸人袭击中生还
• 开采辐射极琉矿
• 打造辐射极琉矿武器(1)
角色	Maximus	5	我叫马克西姆斯。呃，我其实不应该在这儿，你可别告诉别人啊。(1) ｜ 马克西姆斯的夹克(1) ｜ 将赛季通行证提升至新高度。获得普通通行证全部权益，外加以下内容：25枚赛季徽章、豪斯先生、马克西姆斯夹克、T-45d动力装甲、修身西装、专家连身服、技术人员的报复、2个宠物笼子，以及5000瓶盖。(1)
角色	Broadcasting Tower	4	正试图找到进入广播塔的路。(1) ｜ 广播塔的入口完全被挡住了。没法进去。(1) ｜ 我找到一扇没上锁的门进了广播塔，里面有个物资储藏点。(1)
角色	Map Icon	4	任务能让您探索新的地点，遇见新的居民和收集战利品。

建造监督者办公室来派遣居民小队去完成任务。

点击监督者办公室里或者哔哔小子上的地图图标来进入任务列表。任务列表会显示您现在可以执行的任务，以及相对应的奖励，要求和状态。

在任务中，将居民拖到新房间中来探索或者直接点击您想要探索的房间。

居民会自动战斗，但是您可以先点击居民后点击敌人来让他们攻击一个特定目标。您也可以点击并按住一位居民，然后把出现的准星拖到敌人身上。

居民在战斗时会出现一个暴击蓄力器；一旦准备好，您的蓄力居民正在攻击的敌人上方会出现一个勾形图标，点击会对敌人进行致命暴击。

当箭头出现在十字线的中心时，请点击移动的箭头。离中心越近，暴击伤害的倍率就越高。

居民的运气（L）属性越高，暴击蓄力器的恢复速度也就越快。居民的观察力（P）属性越高，箭头移动的速度越慢。

点击右上角的地图图标查看必须完成和可选完成的任务目标。

当您结束探险时，点击地图图标让任务小队返回避难所。(2)
角色	Rare Weapon	4	收集{0}件稀有武器(2) ｜ 稀有级武器(1) ｜ 稀有居民 (20.0%)
传奇居民 (4.9%)
巧手先生 (0.2%)
咔嚓 (0.02%)
稀有武器 (13.2%)
传奇武器 (7.1%)
稀有护甲 (12.9%)
传奇护甲 (7.8%)
普通宠物 (0.02%)
稀有宠物 (1.0%)
传奇宠物 (0.3%)
瓶盖 (32.6%)(1)
角色	Legendary Dweller	4	稀有居民 (20.0%)
传奇居民 (4.9%)
巧手先生 (0.2%)
咔嚓 (0.02%)
稀有武器 (13.2%)
传奇武器 (7.1%)
稀有护甲 (12.9%)
传奇护甲 (7.8%)
普通宠物 (0.02%)
稀有宠物 (1.0%)
传奇宠物 (0.3%)
瓶盖 (32.6%)(1) ｜ 提示：稀有和传奇级别的居民能在午餐盒中找到，他们的属性通常很强。(1) ｜ 用通行证获取赛季最大收益。解锁高级奖励赛道，包含避难所外观主题、日落沙士装瓶厂主题、新传奇居民等更多内容。奖励可在所有避难所领取。(1)
角色	Ultracite Mine	4	建造1座辐射极琉矿矿场(1) ｜ 将至少拥有{0}点{1}属性的居民分配至辐射极琉矿矿场(1) ｜ 无法摧毁。在此建造辐射极琉矿矿场。(1)
角色	Red Menace	4	哼，就让这些人类来挑战我在《红色威胁》中的高分吧……(4)
角色	General Atomics	4	我是巧手先生型机器人，通用原子国际的骄傲！(2) ｜ 那是？没错，那是个破败的通用原子工厂。看来他们造完我之后就把模具给砸了。这可是字面意思。(2) ｜ 要是通用原子国际的制造者们看到我现在的样子……(2)
角色	Rubarb's Raiders	4	调查700号避难所去看看鲁巴布的掠夺者们想干什么。(1) ｜ 从鲁巴布的掠夺者手中拯救监督者阿昌。(1) ｜ 鲁巴布和他的掠夺者们来找我，给我开了个条件——要么加入他们要么死！(1)
角色	Wizard	4	找到水之术士的助手。(2) ｜ 捣毁水之术士的生意。(2) ｜ 是真的，我为水之术士工作了一段时间。我们到处卖“神奇”的水。(1)
角色	Kendall Hospital	4	在肯德尔医院找到普雷斯顿·加维。(2) ｜ 肯德尔医院。(1) ｜ 记得他好像提到了肯德尔医院。拿着这个。他不小心留下的。我觉得你们能用得上。(1)
角色	Henrietta	4	一位名叫亨丽埃塔的人留下了一些信息，让我们去232号避难所。但愿她能指引我们找到罗基·杰宾森的棒球衫！(1) ｜ 亨丽埃塔要我们代她向你问声好！(1) ｜ “我的名字叫亨丽埃塔，也许我能帮忙。”(1)
角色	Cappy's	4	追踪瓶瓶和盖盖的绑匪。(4)
角色	Ol One-Eye	4	悬赏：“独眼龙”(1) ｜ 消灭辐射蟑螂“独眼龙”。(1) ｜ 呃，“独眼龙”是你们见过的最凶的辐射蟑螂。(1)
角色	Snips	4	悬赏：“剪刀手”(1) ｜ 消灭发光辐射蝎“剪刀手”，然后拿着它的壳领取赏金吧！(1) ｜ 外界正悬赏一只叫做“剪刀手”的发光辐射蝎。拿下那只害虫，大把的奖赏就是你的了！(1)
角色	Glowing Radroach	4	消灭发光辐射蟑螂。(3) ｜ 消灭工厂里发光辐射蟑螂。(1) ｜ 消灭核子武器公寓里的发光辐射蟑螂！(1)
角色	Lakeville Library	4	教练在莱克维尔图书馆的墙上喷了一条嘲讽的留言！我们快追上了！该去789号避难所的废墟搜一搜了。(1) ｜ 去莱克维尔图书馆找教练。(1) ｜ 好吧。所以圣心脏医院肯定是条死路了，但至少我们都还活着！下一站，莱克维尔图书馆的废墟。(1)
角色	Boy	4	完成目标，赚取瓶盖。目标能够通过点击哔哔小子菜单里的缎带图标找到。(3) ｜ 您获得了一个午餐盒。点击哔哔小子菜单里的午餐盒图标来打开午餐盒或者购买更多的午餐盒。(3) ｜ 避难所的储存室储藏着所有居民从废土上找来的或者午餐盒里得到的物品。
点击哔哔小子菜单上的盒子图标可以查看储藏的物品。(3)
角色	Editor	4	和编辑对峙。(2) ｜ 那个可笑的号角“男孩”和他的编辑……我一看就知道他们是骗子，我根本不会买他们的账！(1) ｜ 你该去跟罗伯科工厂的定居者谈谈。他们是最先遭到袭击的。关于“号角男孩”和他的编辑，他们知道的应该更多。(1)
角色	Harkness	4	哈克尼斯突击步枪(1) ｜ 我们从哈克尼斯那里收到的信息令人担忧：一位同我们竞争的避难所监督者是最近所有攻击的幕后黑手。我们需要派一名刺客潜入他们的避难所，毫不留情地干掉他们的首领。(1) ｜ 哈克尼斯的保安制服(1)
角色	Road Rash	4	一些伪君子，想要干掉“道路丘疹”！(1) ｜ 没错！就是那个。他从这里出发，去了河对岸的那座工厂，要干掉“道路丘疹”和他那帮掠夺者！(1) ｜ 审问“道路丘疹”，索要更多信息。(1)
角色	Preston Garvey	4	在肯德尔医院找到普雷斯顿·加维。(2) ｜ 有几个掠夺者绑架了一些定居者，把他们扣在778号避难所当人质。也许这些定居者知道普雷斯顿·加维去了哪里。(1) ｜ 大名鼎鼎的义勇军民兵——普雷斯顿·加维，失踪了！在他最后出现的地方寻找有关他去向的线索。(1)
角色	Wizard of Water	4	你找到了我，强大的水之术士！饮品执事！干渴泰坦！(1) ｜ 是的，我们遇到了水之术士，我们买了他的……产品。(1) ｜ 水之术士(1)
角色	Herb Vest	4	不，不过去问问旧糖果厂的赫伯韦斯特吧。来，把我的戏服拿去。(1) ｜ 在旧糖果厂寻找赫伯韦斯特。(1) ｜ 向赫伯韦斯特询问关于31号避难所的事情。(1)
角色	Drusilla	4	与德鲁西拉交谈。(1) ｜ 隔壁房间有我送给你们的感谢礼。如果有需要，我会再联系你们。——德鲁西拉”(1) ｜ 别开枪，是我，德鲁西拉。(1)
角色	Giddyup Buttercup	4	寻找奶油小马。(2) ｜ 天哪！一匹“奶油小马”，真是优雅的坐骑。(2) ｜ 奶油小马(1)
角色	Atomatoys Offices	4	没什么，他们只是想抓合成人！我想他们去了旧原子玩具厂办公室……(1) ｜ 那些我们想要帮助的合成人好像去了旧原子玩具厂办公室……(1) ｜ 学院里来的机器人！他们不应该被强行拉到原子玩具厂办公室……(1)
角色	Paula Plumbkin's	4	根据宝拉·普朗布金日志里所说的，525号避难所确实是个避难所大都会，但她也不知道在哪里。也许市长办公室里会有相关的信息。(1) ｜ 我的妈呀！就在地上！宝拉日志里的一页！(1) ｜ 333号避难所遭到了抢劫，但那里也许有关于宝拉·普朗布金去向的线索！(1)
角色	Spelun-Kings	4	对我们来说一点希望都没有。你们注定是下一个洞穴探险之王。(1) ｜ 迅捷又安静，我们会毫发无伤地成为洞穴探险之王。(1) ｜ 我们将会成为洞穴探险之王，所以你们最好现在就认输。也就是说，你们“放弃吧”。(1)
角色	Bone Breakers	4	我想“碎骨者”总会有些多余的物资。拿着然后走吧！(1) ｜ 你们是谁？想加入“碎骨者”？(1) ｜ 站在你面前的，就是“碎骨者”的首领“扳关节者”！(1)
角色	Ultracite Weapons	4	避难所科技将您分配到辐射极琉矿狂热实验中！您避难所下方的辐射极琉矿矿床将吸引一支凶残的辐尸人大军。开采辐射极琉矿以打造强大的辐射极琉矿武器，同时展示一下避难所科技的传统好客之道。别担心，在这些袭击中牺牲的居民将免费复活！祝您好运，监督者，别忘了保持微笑！(1) ｜ 打造{0}件传奇辐射极琉矿武器(1) ｜ 制造辐射极琉矿武器(1)
角色	Crazy Khans	4	你现在面对的是疯狂大汗帮！如果他们喜欢你，就不会杀你。疯狂大汗帮喜欢你吗？(1) ｜ 我想知道疯狂大汗帮喜不喜欢疯狂大汗帮自己。(1) ｜ 别让疯狂大汗帮动脑子！哲学是老大的专属！(1)
角色	Miracle Serum	4	我们在自由城买到的那瓶“奇迹血清”让我们好几个人病倒了！是时候去找到卖给我们的人要个说法了。(1) ｜ 找到卖给我们所谓“奇迹血清”的人。(1) ｜ 那个卖蛇油的把我们派到新维加斯所谓“西区”的一栋摇摇欲坠的楼里。等我们收拾完他们，他们就再也造不出“奇迹血清”了。(1)
角色	Complete Quests	4	• 建造房间
• 升级房间
• 获得居民
• 完成任务
• 释放暴击(4) ｜ 完成任务(1)
角色	The Strip	4	新维加斯大道遭到死爪围攻。平民被困，急需一位英雄。(1) ｜ 当一回英雄：把新维加斯大道的人们从死爪手中拯救出来。(1) ｜ 出席新维加斯大道的市政厅会议，讨论防御策略并争取盟友。(1)
角色	The King	4	末日前猫王《监狱摇滚》演出服的复制品，曾由新维加斯帮派“猫王帮”穿着。(1) ｜ 这把武器或许派得上用场。你还应该去找一位自称为“猫王”的尸鬼。他很有用。(1) ｜ 又是一个阿谀奉承之辈！那“猫王”肯定会很喜欢你的。你也该去向他求援。拿着这个吧，算作你的辛苦费。(1)
角色	Theme Recipe	3	您可以利用杂物和瓶盖，在武器、装备和主题工坊中打造物品。

普通，稀有和传奇级别的杂物会在午餐盒、废土和任务中找到，分解武器和装备也能产出杂物。物品越稀有，需要的杂物就越稀有。

同时还需要打造物品的相应配方。工坊开始时会自带一些配方，其他的配方可以在死亡的掠夺者身上、废土探险或任务中找到。

主题配方以碎片形式出现。在任务中寻找这些碎片，或使用量子核子可乐来补全主题配方。

点击工坊的打造按钮可以看到能够打造的物品列表，选择您想要的。升级后的武器和装备工坊能够打造稀有和传奇级别的物品。

如果开始打造之后取消，您所用的杂物将全部返还，但花费的瓶盖只有部分返还。(2) ｜ 在任务中集齐某套主题配方的全部碎片，就能获得这套主题配方。(1) ｜ 想要使用{0}瓶量子核子可乐完成这个主题配方吗？(1)
角色	Lost Farmer	3	我成功地把迷路的农民送到了定居点。他现在安全了。(1) ｜ 我正引导迷路的农民找到最近的定居点。(1) ｜ 我找不到定居点。现在迷路的农民的状况比以前更糟了。(1)
角色	Giant Radscorpion	3	巨型辐射蝎逼近，准备攻击。(1) ｜ 跟这只巨型辐射蝎动手，我不可能活着脱身的！赶紧跑吧！(1) ｜ 一只巨型辐射蝎？普通的就已经够可怕了！我这回可能要完蛋了！(1)
角色	Abandoned Cabin	3	发现一座废弃小屋，进去看了看。(1) ｜ {0}发现了一处废弃的小屋。(1) ｜ 除掉废弃小屋里的尸鬼。(1)
角色	Dweller List	3	点击左上角的齿轮图标可以查看居民列表。

这里您可以整理您的居民，找到他们最适合的岗位。

点击居民将会自动放大画面到该居民处。(2) ｜ 居民列表(2) ｜ 按下来打开居民列表。

从这里您可以整理您的居民然后找到最适合某项工作的居民。

选择居民会将画面直接切到此居民身上。(1)
角色	Legendary Weapon	3	稀有居民 (20.0%)
传奇居民 (4.9%)
巧手先生 (0.2%)
咔嚓 (0.02%)
稀有武器 (13.2%)
传奇武器 (7.1%)
稀有护甲 (12.9%)
传奇护甲 (7.8%)
普通宠物 (0.02%)
稀有宠物 (1.0%)
传奇宠物 (0.3%)
瓶盖 (32.6%)(1) ｜ 传奇武器配方(1) ｜ 打造传奇武器(1)
角色	Rare Pet	3	稀有居民 (20.0%)
传奇居民 (4.9%)
巧手先生 (0.2%)
咔嚓 (0.02%)
稀有武器 (13.2%)
传奇武器 (7.1%)
稀有护甲 (12.9%)
传奇护甲 (7.8%)
普通宠物 (0.02%)
稀有宠物 (1.0%)
传奇宠物 (0.3%)
瓶盖 (32.6%)(1) ｜ 普通宠物 (45%)
稀有宠物 (35%)
传奇宠物 (20%)(1) ｜ 稀有级宠物(1)
角色	Standard Vault	3	你必须在标准避难所中才能领取此奖励。(1) ｜ 避难所科技建议初次担任监督者的玩家先创建标准避难所。是否继续创建实验避难所？(1) ｜ 实验避难所极具挑战！避难所科技建议初次上任的监督者先在标准避难所招募 {0} 名居民，再接受实验。(1)
角色	Theme Workshop	3	您可以利用杂物和瓶盖，在武器、装备和主题工坊中打造物品。

普通，稀有和传奇级别的杂物会在午餐盒、废土和任务中找到，分解武器和装备也能产出杂物。物品越稀有，需要的杂物就越稀有。

同时还需要打造物品的相应配方。工坊开始时会自带一些配方，其他的配方可以在死亡的掠夺者身上、废土探险或任务中找到。

主题配方以碎片形式出现。在任务中寻找这些碎片，或使用量子核子可乐来补全主题配方。

点击工坊的打造按钮可以看到能够打造的物品列表，选择您想要的。升级后的武器和装备工坊能够打造稀有和传奇级别的物品。

如果开始打造之后取消，您所用的杂物将全部返还，但花费的瓶盖只有部分返还。(2) ｜ 主题的介绍

- 在任务中找到主题配方的碎片。

- 建造新主题工坊来打造主题。

- 将主题应用在最大化合并及升级后的餐厅和宿舍上。(1) ｜ 您可以利用杂物和瓶盖，在武器、装备和主题工坊中打造物品。

普通，稀有和传奇级别的杂物会在午餐盒、废土和任务中找到，分解武器和装备也能产出杂物。物品越稀有，需要的杂物就越稀有。

同时还需要打造物品的相应配方。工坊开始时会自带一些配方，其他的配方可以在死亡的掠夺者身上、废土探险或任务中找到。

主题配方以碎片形式出现。在任务中寻找这些碎片，或使用量子核子可乐来补全主题配方。

在工坊中按，可以看到能够打造的物品列表，选择您想要的。升级后的武器和装备工坊能够打造稀有和传奇级别的物品。

如果开始打造之后取消，您所用的杂物将全部返还，但花费的瓶盖只有部分返还。(1)
角色	Super Mutants	3	嗯，远处有些大块头人类，也许……啊，没错，超级变种人。该掉头了。(2) ｜ 超级变种人战队。(1) ｜ 探险家日志。新条目：超级变种人没有性别。变异之前，有些原本是女性。(1)
角色	Chryslus Corvega	3	哦，看啊，一辆旧的克莱斯勒·可伟佳。核动力汽车可真是个“好”主意啊……(2) ｜ 对于修理漏水的阀门，或者给可伟佳加油来说再好不过了。(1)
角色	Rare Outfits	3	稀有级装备(1) ｜ 打造稀有装备(1) ｜ 打造{0}稀有装备(1)
角色	Rare Weapons	3	稀有级武器(1) ｜ 将房间升到2级可以打造稀有武器。(1) ｜ 打造{0}件稀有武器(1)
角色	Diamond City	3	从丹恩城到钻石城，真正的废土传说。(1) ｜ 谁是钻石城最有名的记者？(1) ｜ 我只是个钻石城的普通人。(1)
角色	Jobinson's Jersey	3	一位名叫亨丽埃塔的人留下了一些信息，让我们去232号避难所。但愿她能指引我们找到罗基·杰宾森的棒球衫！(1) ｜ 还是没有教练或是罗基·杰宾森的棒球衫的影子。但他应该就在附近了！我能感觉到。还是说只是他的狐臭！无论如何，我们去搜搜宝贝爪爪宠物商店吧！(1) ｜ 我发誓，如果死爪把罗基·杰宾森的棒球衫给扯烂了，我会发飙的！(1)
角色	Peabody	3	不要有任何可笑的想法！皮博迪想勾引我妻子已经够糟的了……(1) ｜ 我想一切都说通了。来，皮博迪先生会希望你收下这个。(1) ｜ 也许是退役士兵，或者是皮博迪的精神病儿子？(1)
角色	Fido	3	哦，那一定是我的菲多。在废土上发现的，可怜的小狗……(1) ｜ 我们到这里来是为了救菲多！(1) ｜ 有人没给菲多栓链子就让它跑了出来。你们应该把它找回来。(1)
角色	Ma June	3	欢迎来到菲利镇。我负责保护这里，大家都叫我玛·琼。(1) ｜ 玛·琼的夹克(1) ｜ 帮助玛·琼清除那些掠夺者。(1)
角色	Dave	3	恐怕那是个严密保守的秘密，戴夫在指挥链上的级别还不够高。(1) ｜ 戴维……答对了！我们喜欢先从简单的开始。(1) ｜ 你希望的是对的！是戴维，不然还能是谁呢？(1)
角色	Moira	3	莫伊拉想写的是什么书？(1) ｜ 莫伊拉的罗伯科连身衣(1) ｜ 莫伊拉姓什么？(1)
角色	Lone Wanderer	3	“独行者”手枪(1) ｜ 叮咚叮！对。她从来就没有派“孤独流浪者”去过那里。(1) ｜ 以下哪个地方，莫伊拉没有派“孤独流浪者”去过？(1)
角色	John Smith	3	你好，我是叫约翰·史密斯的人类，这是一个人类的名字。(1) ｜ 看，约翰·史密斯，是其他和我们一样的人类同胞，哈哈。(1) ｜ 我的朋友也叫约翰·史密斯，你可以看出他也是人类。(1)
角色	Poseidon Energy	3	搜索海神能源办公室寻找关于瓶瓶和盖盖的线索。(1) ｜ 探索海神能源办公室。(1) ｜ 前往海神能源办公室，找到“麦克森硬汉小队”的其余成员。(1)
角色	Miss Wasteland	3	女士们先生们，让我们来认识新任的“废土小姐”……(1) ｜ 好消息！我们受邀参加“废土小姐”选美比赛——虽然名字叫“小姐”，但男女都能报名。穿上你最漂亮的泳装，去把他们统统震住吧！(1) ｜ 欢迎来到由避难所科技赞助的第十六届“废土小姐”的比赛现场！(1)
角色	Rubarb	3	调查700号避难所去看看鲁巴布的掠夺者们想干什么。(1) ｜ 鲁巴布派我们来的，但后来死爪又来了，然后……(1) ｜ 从鲁巴布的掠夺者手中拯救监督者阿昌。(1)
角色	Corvega Factory	3	拯救被困在可伟佳装配厂的定居者。(1) ｜ 我们找到了一条赎金字条，落款是掠夺者头目威拉德·格洛弗。他说他抓了一个定居者，把人带到了附近的可伟佳装配厂。(1) ｜ 在可伟佳装配厂寻找普雷斯顿。(1)
角色	Santa Claus	3	我敢打赌，监督者就像圣诞老人：胖胖的，有魔力，还无时无刻不在看着我们。(1) ｜ 当我们四处散播圣诞节日气氛时，有人找到了圣诞老人。他遇到了麻烦。我们走！(1) ｜ 找到并拯救圣诞老人。(1)
角色	Screeching Falcons	3	我们叫“尖叫猎鹰”，就是那种又大又吓人的鸟，明白吗？(1) ｜ 卡-靠！欢迎加入“尖叫猎鹰”，雏儿们！(1) ｜ 你现在面前站的就是“鹰嘴”，“尖叫猎鹰”的首领！(1)
角色	Quantum Creeper	3	有人请尼克去查明“量子爬行者”之谜——这头怪兽一直在啃食当地避难所的居民，还偷走他们的量子核子可乐。你们去帮他们一把怎么样？(1) ｜ 解决“量子爬行者”问题(1) ｜ 量子爬行者(1)
角色	Shaded Valley	3	如果你必须要知道的话，在“荫蔽山谷”！现在准备受死吧！(1) ｜ 避难所大都会在“荫蔽山谷”！带着这个秘密进坟墓吧！(1) ｜ 哦是的，我会的！我也知道它在哪儿，在“荫蔽山谷”！姆哈哈哈哈！(1)
角色	Wizard's	3	找到水之术士的助手。(2) ｜ 捣毁水之术士的生意。(2) ｜ 在旧避难所科技办公室询问神奇水。(1)
角色	Moley	3	你要保密，我们的一个高级特工，代号莫里，联系过我们，他说他发现了一个巨大的阴谋，影响深远。到322号避难所去听莫里的大故事！(1) ｜ 我们在找莫里。(1) ｜ 是我，莫里！走近一点，这样我就能分享[REDACTED]的秘密。(1)
角色	Marcus	3	马克斯，萨莉不够珍惜你。(1) ｜ 是啊，你说得对。马克斯，再见，我再也不会回到你身边了！(1) ｜ 萨莉和马克斯本应该结婚的，但出了点问题。(1)
角色	Otto von Hurfburg	3	著名科学家欧拓凡霍夫伯格就在附近，正在研究可以探索太空的巧手先生，去看看他的进展吧！(1) ｜ 著名科学家欧拓凡霍夫伯格就在附近，正在研究辐射蝎的交配习惯。可别让他陷得太深。(1) ｜ 著名科学家欧拓凡霍夫伯格就在附近，正在寻找现代的“青春之泉”。找到他，看看他有什么发现！(1)
角色	Victor	3	您派往废土的维克托数量已达上限。(1) ｜ 维克托(1) ｜ 将赛季通行证提升至新高度。获得普通通行证全部权益，外加以下内容：25枚赛季徽章、维克托（相当于巧手先生）、露西的黄色连衣裙、重型雇佣兵装备、维尔齐格的旅行服、低调休闲装、“吐铅者”旋转机枪、2个宠物笼子，以及5000瓶盖。(1)
角色	Computer Voice	3	<电脑语音> 你想玩一局游戏吗？(1) ｜ <电脑语音> 你好。这里是黄金兑换广场的中心电脑。(1) ｜ <电脑语音> 欢迎使用任务选择控制台。请选择一项新任务。(1)
角色	Agent Deathclaw	3	对付死爪特工。(1) ｜ 呃……还有更多像我这样的人，大概吧。还有几间储藏室。另外小心死爪特工。(1) ｜ 就算没有我们，还有死爪特工呢。它是我们最大的成功，它甚至还会说话，还有一堆别的本事。(1)
角色	Quest Bosses	2	消灭10个任务首领(2)
角色	Crafting Time	2	-{0}%打造的时间和花费(1) ｜ -{0}%打造时间(1) ｜ 打造时间(1)
角色	Training Time	2	训练时间(1) ｜ -{0}%训练时间(1) ｜ 持续训练时间(1)
角色	Savage Dog	2	野狗逼近，准备攻击。(1) ｜ 我得在这只野狗杀了我之前先干掉它！(1) ｜ 一只凶残的野狗，正愤怒地低吼。(1)
角色	Mirelurk Hunter	2	一只泥沼蟹猎杀者。(1) ｜ 希望我能搞定这个泥沼蟹猎杀者，它正朝我飞奔过来！(1) ｜ 泥沼蟹猎杀者逼近，准备攻击。(1)
角色	Wounded Sheriff	2	正在为受伤的警长处理伤口，他疼得厉害。(1) ｜ 一名受伤的警长。(1)
角色	Brotherhood Patrol	2	一支兄弟会巡逻队。(1) ｜ 兄弟会巡逻队不信任我。他们命令我离开，否则他们会开枪。(1) ｜ 正在设法让兄弟会巡逻队相信我毫无威胁。(1)
角色	Abandoned Diner	2	一处貌似废弃的小餐馆。(1) ｜ 我在废弃餐厅里发现了掠夺者的痕迹。趁还走得掉，赶紧离开吧。(1)
角色	Abandoned Shack	2	一个废弃的小屋。(1) ｜ 正在搜查废弃小屋。(1) ｜ 废弃小屋里什么都没有。继续向前吧。(1)
角色	Guard Dog	2	一只看门狗，正警戒着四周。(1) ｜ 这看门狗不会让我过去的。看来只有干掉它了。(1) ｜ 这只看门狗看来是真不想让我过，还是后撤吧。(1)
角色	Vicious Dog	2	恶犬逼近，准备攻击。(1) ｜ 恶犬已经嗅出了我的味道！不是它死，就是我亡！(1) ｜ 好险，但我还是杀死了这只恶犬。(1)
角色	Enclave Deathclaw	2	英克雷死爪就是被训练来杀戮的——这将是一场你死我活的死战！(1) ｜ 这只英克雷死爪受过训练，会把挡它路的一切都杀掉！我得跑！(1) ｜ 一只英克雷死爪。(1)
角色	Giant Ant	2	一只巨型蚂蚁。(1) ｜ 我受了些皮肉伤，但巨型蚂蚁死了。(1) ｜ 巨型蚂蚁的触角在颤动，正扑上来要我的命！(1)
角色	Hubris Comics	2	铅笔厂里没有收获，但我们并不气馁。罗基·杰宾森的棒球衫一定是我们的！我们去老“虎不理漫画”店找找看。(1) ｜ “虎不理漫画”公司总部。(1)
角色	Vault Rating	2	每天系统都会依据避难所居民的开心程度发放相应奖励。

- 您的避难所评级将会结合所有居民的幸福度。 

- 您的奖励是基于避难所每天的评级。

- 避难所评级越高，获得的瓶盖奖励就越高。(1)
角色	Storage Rooms	2	储藏室会增加您的武器，装备，杂物和宠物的存储空间。

- 升级储藏室，增加存储容量。

- 通过哔哔小子菜单访问库存，卖掉不想要的物品。您还可以通过3D Touch重按储藏室来打开库存。

- 分解武器和装备，将其变回配方中的杂物。

- 如果其他房间都满员的话，储藏室可用来暂时安置居民。

- 建造医务室和实验室能增加治疗针和消辐宁的持有量。(1) ｜ 建造储藏室以增加避难所储存武器和装备的容量。(1) ｜ 储藏室会增加您的武器，装备，杂物和宠物的存储空间。

- 升级储藏室，增加存储容量。

- 通过哔哔小子菜单访问库存，卖掉不想要的物品。

- 分解武器和装备，可按对应配方获得杂物。

- 如果其他房间都满员的话，储藏室可用来暂时安置居民。

- 建造医务室和实验室能增加治疗针和消辐宁的持有量。(1)
角色	Storage Room	2	储藏室会增加您的武器，装备，杂物和宠物的存储空间。

- 升级储藏室，增加存储容量。

- 通过哔哔小子菜单访问库存，卖掉不想要的物品。您还可以通过3D Touch重按储藏室来打开库存。

- 分解武器和装备，将其变回配方中的杂物。

- 如果其他房间都满员的话，储藏室可用来暂时安置居民。

- 建造医务室和实验室能增加治疗针和消辐宁的持有量。(1) ｜ - 先点击居民，再点击房间或废土，将居民派往该处。

- 点击储藏室打开库存。

- 在设备的主屏幕上点击辐射避难所图标，直接进入避难所。(1) ｜ 建造储藏室以增加避难所储存武器和装备的容量。(1)
角色	Training Room	2	将居民放进训练房间里将会提升他们的SPECIAL属性。

每一个属性都有对应的训练房间。

力量：举重房
观察力：军械库
耐力：健身房
魅力：会客室
智力：教室
敏捷：体操房
运气：游戏室

每个属性最高能提升到10点。

居民的属性值越高，训练到下一级所需的时间就越长，但您可以使用量子核子可乐来加速训练。(1)
角色	Vault Entrance	2	您的避难所随时都会发生灾害！当极速模式失败时，也会造成灾害。灾害是随机的，请注意以下情况：

火灾-在火势蔓延到其他房间之前赶紧扑灭。

辐射蟑螂-这些烦人的小虫子很难根除。趁它们还没扩散，赶紧消灭。

掠夺者- 掠夺者们会闯入避难所然后破坏资源。赶紧阻止他们！如果不小心的话，强悍的掠夺者们还会偷走瓶盖！升级您的避难所入口将会使得掠夺者花费更长时间进入，因此给您更多时间准备。您可以派居民驻守入口，在他们进入时形成良好的前线防御。您可以从死亡的掠夺者身上掠夺瓶盖和物品！

鼹鼠- 这些坏蛋喜欢从土里挖进您的避难所，吃掉每个房间的电线。迅速消灭它们，不然您的电力将枯竭！

死爪-您每一次打开避难所的大门，都是在给这些野兽们发送邀请信息。它们会毫不留情地来避难所破坏资源。请备好充足的治疗针和武器，不然它们会像切蛋糕一样劈开您的居民！

狂尸鬼- 狂尸鬼会在您的避难所里四处跑动，制造混乱，给居民带来物理和辐射伤害。

辐射蝎- 这些变种的蝎子能钻洞，然后随机攻击避难所里任何的房间。请迅速解决掉它们，因为它们的攻击也会带来辐射伤害。

孕妇和孩子在灾害发生时会躲起来。(1)
角色	Lunchbox Store	2	1. 废土- 点击避难所外面可查看废土日志。
2. 居民菜单- 可以用来快速整理和选择您的居民。
3. 幸福度- 避难所整体的幸福度。点击可以查看它为避难所带来哪些加成。
4. 资源条- 您现有的资源总量。勿让资源低于所需资源线，否则避难所将开始恶化。点击可查看您有多少资源。
5. 瓶盖- 点击瓶盖可以进入午餐盒商店。
6. 建造锤子-点击可建造房间
7. 哔哔小子- 点击哔哔小子可打开菜单。数字表示您有可以打开的午餐盒。感叹号表示有目标奖励可领取。
8. 午餐盒- 点击可进入午餐盒菜单
9. 目标- 点击缎带图标进入目标页面。一个感叹号表示有目标奖励可以领取。
10. 库存- 点击盒子图标进入库存菜单。
11. VDSG- 点击书图标可打开避难所居民生存指南
12. 设置- 点击齿轮图标可进入设置菜单。(1) ｜ 1. 废土- 点击避难所外面可查看废土日志。
2. 居民菜单- 可以用来快速整理和选择您的居民。
3. 幸福度- 避难所整体的幸福度。点击可以查看它能为避难所带来哪些加成。
4. 资源条- 您现有的资源总量。勿让资源低于所需资源线，否则避难所将开始恶化。点击可查看您有多少资源。
5. 瓶盖- 点击瓶盖可以进入午餐盒商店。
6. 建造锤子-点击可建造房间
7. 哔哔小子- 点击哔哔小子可打开菜单。数字表示您有可以打开的午餐盒。感叹号表示有目标奖励可领取。
8. 午餐盒- 点击可进入午餐盒菜单
9. 目标- 点击缎带图标进入目标页面。一个感叹号表示有目标奖励可以领取。
10. 库存- 点击盒子图标进入库存菜单。
11. VDSG- 点击书图标可打开避难所居民生存指南
12. 设置- 点击齿轮图标可进入设置菜单。(1)
角色	Build Hammer	2	1. 废土-按打开废土日志。
2. 居民菜单-可方便地排序和选择您的居民。
3. 幸福-避难所整体幸福度。按查看它为您的避难所提供的加成。
4. 资源栏-当前资源的数量。不要让它们低于所需的资源线，否则您的避难所情况将开始恶化。点击左摇杆查看您有多少资源。
5. 瓶盖-您当前的瓶盖数量。
6. 建造锤子-按建造房间。
7. 哔哔小子-按打开哔哔小子菜单。哔哔小子上的数字意味着您有午餐盒要打开。感叹号表示有待收取的目标奖励。
8. 午餐盒-选择午餐盒图标进入午餐盒菜单。数字意味着您有午餐盒要打开。
9. 目标—选择缎带转到目标页面。感叹号表示有待收取的目标奖励。
10. 库存-选择箱子以进入库存菜单。
11. 生存指南-选择书以打开避难所居民生存指南。
12. 设置-选择齿轮以打开设置菜单。(2) ｜ 1. 废土- 点击避难所外面可查看废土日志。
2. 居民菜单- 可以用来快速整理和选择您的居民。
3. 幸福度- 避难所整体的幸福度。点击可以查看它为避难所带来哪些加成。
4. 资源条- 您现有的资源总量。勿让资源低于所需资源线，否则避难所将开始恶化。点击可查看您有多少资源。
5. 瓶盖- 点击瓶盖可以进入午餐盒商店。
6. 建造锤子-点击可建造房间
7. 哔哔小子- 点击哔哔小子可打开菜单。数字表示您有可以打开的午餐盒。感叹号表示有目标奖励可领取。
8. 午餐盒- 点击可进入午餐盒菜单
9. 目标- 点击缎带图标进入目标页面。一个感叹号表示有目标奖励可以领取。
10. 库存- 点击盒子图标进入库存菜单。
11. VDSG- 点击书图标可打开避难所居民生存指南
12. 设置- 点击齿轮图标可进入设置菜单。(1) ｜ 1. 废土- 点击避难所外面可查看废土日志。
2. 居民菜单- 可以用来快速整理和选择您的居民。
3. 幸福度- 避难所整体的幸福度。点击可以查看它能为避难所带来哪些加成。
4. 资源条- 您现有的资源总量。勿让资源低于所需资源线，否则避难所将开始恶化。点击可查看您有多少资源。
5. 瓶盖- 点击瓶盖可以进入午餐盒商店。
6. 建造锤子-点击可建造房间
7. 哔哔小子- 点击哔哔小子可打开菜单。数字表示您有可以打开的午餐盒。感叹号表示有目标奖励可领取。
8. 午餐盒- 点击可进入午餐盒菜单
9. 目标- 点击缎带图标进入目标页面。一个感叹号表示有目标奖励可以领取。
10. 库存- 点击盒子图标进入库存菜单。
11. VDSG- 点击书图标可打开避难所居民生存指南
12. 设置- 点击齿轮图标可进入设置菜单。(1)
角色	Complete Barbershop	2	

- 加速废土探索时间 

- 极速打造物品

- 每天跳过不止一个目标

- 跳过特定任务

- 极速完成美发店个性化


(1) ｜ 量子核子可乐可以被用来：

- 加速废土探索时间

- 极速打造物品

- 极速训练居民

- 每天可以跳过不止一个目标

- 跳过特定任务

- 极速完成美发店个性化

- 补全缺失的主题配方碎片(1)
角色	Rivet City	2	用这东西能把一艘航空母舰拼在一起，不信你可以问问铆钉城的居民。(1) ｜ 我们从铆钉城安保长官哈克尼斯那里收到一条讯息，他要亲自给我们传达一些重要信息。穿上你最好的衣服，在避难所北边被遗弃的大无敌超市见见他。(1) ｜ 战前的铆钉城是什么？(1)
角色	Rare Armor	2	稀有居民 (20.0%)
传奇居民 (4.9%)
巧手先生 (0.2%)
咔嚓 (0.02%)
稀有武器 (13.2%)
传奇武器 (7.1%)
稀有护甲 (12.9%)
传奇护甲 (7.8%)
普通宠物 (0.02%)
稀有宠物 (1.0%)
传奇宠物 (0.3%)
瓶盖 (32.6%)(1) ｜ 普通武器 (37.5%)
稀有武器 (8.8%)
传奇武器 (1.7%)
普通护甲 (41.4%)
稀有护甲 (5.8%)
传奇护甲 (1.8%)
普通宠物 (2.3%)
稀有宠物 (0.6%)
传奇宠物 (0.1%)(1)
角色	Legendary Armor	2	稀有居民 (20.0%)
传奇居民 (4.9%)
巧手先生 (0.2%)
咔嚓 (0.02%)
稀有武器 (13.2%)
传奇武器 (7.1%)
稀有护甲 (12.9%)
传奇护甲 (7.8%)
普通宠物 (0.02%)
稀有宠物 (1.0%)
传奇宠物 (0.3%)
瓶盖 (32.6%)(1) ｜ 普通武器 (37.5%)
稀有武器 (8.8%)
传奇武器 (1.7%)
普通护甲 (41.4%)
稀有护甲 (5.8%)
传奇护甲 (1.8%)
普通宠物 (2.3%)
稀有宠物 (0.6%)
传奇宠物 (0.1%)(1)
角色	Common Pet	2	稀有居民 (20.0%)
传奇居民 (4.9%)
巧手先生 (0.2%)
咔嚓 (0.02%)
稀有武器 (13.2%)
传奇武器 (7.1%)
稀有护甲 (12.9%)
传奇护甲 (7.8%)
普通宠物 (0.02%)
稀有宠物 (1.0%)
传奇宠物 (0.3%)
瓶盖 (32.6%)(1) ｜ 普通宠物 (45%)
稀有宠物 (35%)
传奇宠物 (20%)(1) ｜ 普通宠物(1)
角色	Legendary Junk	2	提示：有传闻说传奇级别的杂物可以在遥远的废土上找到。(1) ｜ 普通垃圾 (21.5%)
稀有垃圾 (46.7%)
传奇垃圾 (31.8%)(1) ｜ 打造稀有和传奇级别的物品分别需要稀有和传奇级别的杂物。(1)
角色	Snip Snip	2	稀有居民 (20.0%)
传奇居民 (4.9%)
巧手先生 (0.2%)
咔嚓 (0.02%)
稀有武器 (13.2%)
传奇武器 (7.1%)
稀有护甲 (12.9%)
传奇护甲 (7.8%)
普通宠物 (0.02%)
稀有宠物 (1.0%)
传奇宠物 (0.3%)
瓶盖 (32.6%)(1) ｜ 巧手先生 (92%)
咔嚓 (8%)(1) ｜ 我是咔嚓先生！我发现了一些玉米！请允许我与您同行，我会把它们全给您！(1)
角色	Survival Mode	2	生存模式(1) ｜ 我们强烈建议您先玩正常模式，学习游戏的基本知识，然后再尝试生存模式。(1) ｜ 避难所科技特级警报！我们发现您正选择参加我们迄今为止最严苛、最危险的社会实验——生存模式！在生存模式中，您的避难所将面临更致命的威胁，对资源的需求也会更大，而且您将无法复活已死亡的居民！(1)
角色	Million Overseers	2	经过大家的共同努力，我们取得了一个重要的里程碑：

超过1亿名监督者已经创建了属于他们自己的避难所！
请收下这份免费礼物，这是避难所科技在向您说……谢谢！(1) ｜ 经过大家的共同努力，我们取得了一个重要的里程碑：

超过1亿名监督者已经创建了属于他们自己的避难所！
请收下这份免费礼物，这是避难所科技在向您说……谢谢！
别忘了明天再来领取另一份特别的奖励！(1)
角色	Offline Mode	2	辐射避难所将在离线模式下运行，商店不可用。若想进入商店，请通过Bethesda.net启动器来重启游戏。(1) ｜ 商店在离线模式下无法使用。请通过Bethesda.net启动器来重启游戏，然后进入商店。(1)
角色	Science Lab	2	储藏室会增加您的武器，装备，杂物和宠物的存储空间。

- 升级储藏室，增加存储容量。

- 通过哔哔小子菜单访问库存，卖掉不想要的物品。您还可以通过3D Touch重按储藏室来打开库存。

- 分解武器和装备，将其变回配方中的杂物。

- 如果其他房间都满员的话，储藏室可用来暂时安置居民。

- 建造医务室和实验室能增加治疗针和消辐宁的持有量。(1) ｜ 建造一个科学实验室来生产消辐宁。(1) ｜ 建造医务室和科学实验室来增加治疗针和消辐宁的存储容量。(1)
角色	Beef Wellington	2	今晚的晚餐——惠灵顿牛排配一瓶波尔多！开个玩笑。又是饱饱牌肉罐头。(2)
角色	Rare Outfit	2	收集{0}件稀有装备(2) ｜ 稀有级装备(1) ｜ 稀有装备配方(1)
角色	Female Dweller	2	有1名女居民怀孕(1) ｜ 有{0}名女性居民怀孕(1) ｜ 有一对男女居民在宿舍里跳舞(1)
角色	Pet Carrier	2	宠物笼子(2) ｜ 不幸的是，一些掠夺者跳了出来，拿走了我的宠物笼子。(1) ｜ 提示：完成某些目标可获得午餐盒、宠物笼子或巧手先生盒子！(1)
角色	Gobbler's	2	我们顺着高步勒的蛋糕碎来到了布兰科工厂。(1) ｜ 我们顺着高步勒留下的蔓越莓酱的痕迹来到了261号避难所。现在该做个了断了！(1) ｜ 沿着高步勒的踪迹去布兰科工厂。(1)
角色	Singles Night	2	所以，你来这里参加单身之夜的，是吗？(1) ｜ 我们收到消息，附近的一个避难所正在为情人节举行单身之夜的活动，他们邀请了我们同去！(1)
角色	Overseer Chang	2	从鲁巴布的掠夺者手中拯救监督者阿昌。(1) ｜ 拯救监督者阿昌。(1) ｜ 好吧。不过监督者阿昌在哪儿？(1)
角色	New Bugle	2	和404号避难所的监督者讨论关于新号角报的事。(1) ｜ 同120号避难所监督者谈论新号角报。(1)
角色	Water Wizard	2	捣毁水之术士的生意。(2) ｜ 想打听水之术士的更多消息，唯一的办法就是先端掉这个掠夺者营地。这活儿应该小菜一碟！(1) ｜ “神奇”水到底是真管用，还是彻头彻尾的骗局？我们得找到这位水之术士，看看他是真有本事，还是个卖假药的骗子。(1)
角色	Bugle Boy	2	找到号角男孩。(2) ｜ 到头来，新波士顿号角报是某种骗局，而我们唯一的线索就是号角男孩——他正躲在大无敌超市里。去找到他，从他嘴里撬点情报出来吧！(1) ｜ 你该去跟罗伯科工厂的定居者谈谈。他们是最先遭到袭击的。关于“号角男孩”和他的编辑，他们知道的应该更多。(1)
角色	Wilson Automatoys	2	那儿有一个旧的威尔逊原子玩具厂，我们没有查看过。教练和罗基·杰宾森的棒球衫说不定会在那儿。(1) ｜ 教练不在威尔逊原子玩具厂，但是也许他在麦登健身房里锻炼！(1)
角色	Raider Camp	2	掠夺者窝点的圣诞节(1) ｜ 派遣一些伪装好的居民去掠夺者营地当间谍！(1)
角色	Star-Paladin Cross	2	为星骑士克罗丝提供火力支援。(2) ｜ 星骑士克罗丝正在大无敌超市收集相关技术，但不幸被死爪盯上了，快帮帮他。(1)
角色	Ghost Costumes	2	为了把31号避难所的掠夺者吓跑，一位乐于助人的旅行者建议我们去附近的工厂找到鬼服。(1) ｜ 嗯，也许你们可以从附近的旧服装厂弄些鬼服，穿上把他们吓跑！(1) ｜ 有了这些鬼服，就可以去31号避难所和掠夺者们决一死战了！(1)
角色	Good Fight	2	*这才叫*打好这场仗！我对你们这些英雄感激不尽！(1) ｜ 继续为正义而战吧，三狗。(1)
角色	Formal Wear	2	华丽正装(1) ｜ 正装(1) ｜ 谢谢！但你们能帮我们把这件正装也带回去吗？这是我们租来的。(1)
角色	Alpha Deathclaws	2	放倒一对发怒的领头死爪！(1) ｜ 双重毁灭：领头死爪(1) ｜ 两只领头死爪决定把旧的格罗顿仓库当成自己的家。太吓人了！是时候拿出大杀器了！(1)
角色	Glowing Ones	2	两只发光种占领了一处旧的聚变核心工厂。把那帮尸鬼撵出去，让他们一个个摔个屁股蹲儿！(1) ｜ 拿下旧聚变核心工厂的一对发光种！(1)
角色	Fusion Core	2	两只发光种占领了一处旧的聚变核心工厂。把那帮尸鬼撵出去，让他们一个个摔个屁股蹲儿！(1) ｜ 拿下旧聚变核心工厂的一对发光种！(1) ｜ 兄弟会需要我们替他们从一座罗伯科研究设施取回一些“机密蓝图”。只要办成，他们就会加入我们的行动，先给我们一些聚变核心作为回报！(1)
角色	Sixth Sun	2	第六个太阳(1) ｜ 它告诉我们复活节，以及即将到来的第六个太阳。(1) ｜ 那时他打算引爆一枚20兆吨的炸弹，又名“第六个太阳”。(1)
角色	Dandy Boy Apples	2	尸鬼喜欢“花花公子苹果”吗？(1) ｜ 呃，这可有点尴尬。如果你是在找“花花公子苹果”的话……我……全吃了。(1)
角色	Vault Overseer	2	通常是给监督者和他们的家人们准备的。(1) ｜ 我们从哈克尼斯那里收到的信息令人担忧：一位同我们竞争的避难所监督者是最近所有攻击的幕后黑手。我们需要派一名刺客潜入他们的避难所，毫不留情地干掉他们的首领。(1) ｜ 拯救避难所监督者。(1)
角色	Capital Wasteland	2	谁是首都废土的军事雇佣军？(1) ｜ 废土上哪座最著名的雕像没了脑袋？(1)
角色	The Pack	2	正确，不过门徒和派克帮也是对的。(1) ｜ 正确，不过操作者和派克帮也是对的。(1) ｜ 派克帮。(1)
角色	Laser Rifles	2	做好你自己的事。把你们的一把激光步枪给我们吧。(1) ｜ 呆子，给我们弄点激光步枪呗。(1)
角色	Potted Meat	2	我们把他卖给了肉酱罐头厂。但你们？我们会直接杀了你们！(1) ｜ 杰克已经被折腾得够呛——可现在他马上就要变成别人的晚餐了！奴隶贩子把他卖给了肉酱厂。我们应该去那里找他！(1)
角色	Zeta Reticuli	2	哈哈，你说是网罟座泽塔星a，我说是网罟座泽塔星b……(1)
角色	Khan Killian's	2	但是遭到可汗·基利安的掠夺者帮派袭击之后他就消失了！(1) ｜ 杰克被可汗·基利安的掠夺者帮派偷走了，我们要把他找回来。(1) ｜ 从可汗·基利安的掠夺者帮派手里拯救杰克。(1)
角色	Golden Retriever	2	自从几年前一只金毛猎犬成功赢得了比赛，我们就一直在做这个。(1) ｜ 接连五年的冠军：金毛猎犬辛迪！(1) ｜ 金毛猎犬(1)
角色	Eli Calvert	2	长久以来，邪恶的土匪依莱·卡尔弗特一直在劫掠废土上无辜的居民。为了避难所的安全，召集你的战士们，把死亡降在依莱和他那帮疯子头上吧！(1) ｜ 派遣你的军事敢死队摧毁依莱的掠夺者团伙。(1) ｜ 依莱·卡尔弗特，是你自作自受。(1)
角色	Wasteland Gear	2	废土服(1) ｜ 坚固废土服(1) ｜ 他们穿着废土装备吗？(1)
角色	Radroach Queen	2	关于这个辐射蟑螂女王我们需要知道些什么？(1) ｜ 话说回来，你们把辐射蟑螂女王干掉了吗？(1) ｜ 消灭发光辐射蟑螂女王。(1)
角色	Merry Christmas	2	好吧！“叮叮当……叮叮当……铃儿响叮当……”(1) ｜ 嗯，我这儿正好有一匹奶油小马。圣诞快乐！(1)
角色	Em Up	2	埋伏设计：“瘟疫”(1) ｜ 埋伏设计：“饥荒”(1)
角色	Water Wizard's	2	捣毁水之术士的生意。(2)
角色	Shadow Wolf	2	影狼(1) ｜ 我不知道。我们派了最好的追踪者影狼，顺着它们的地道去找源头。他往北去了，一个小时前就出发了。(1) ｜ 我的朋友叫我“影狼”，不过你们可以叫我史蒂夫。我猜你们已经听说过“鼹鼠人”了？(1)
角色	Spiked Spikes	2	我叫尖钉，“尖钉之钉”的首领！(1) ｜ 我们是“尖钉之钉”。我们太邪恶，所以尖钉之上还有尖钉。(1) ｜ 新加入“尖钉之钉”吗？到底是谁起的名字？(1)
角色	Burning Bullets	2	嘿，我不知道“火焰飞弹”来了新成员。(1) ｜ 正在和你们说话的人叫“地狱”，“火焰飞弹”的首领。(1) ｜ 我们是“燃烧子弹”。我们开枪打人，然后把他们点着。(1)
角色	Pencil Pushers	2	我们是“推铅笔帮”——用铅笔把人捅穿。(1) ｜ 站在你们面前的，就是“推铅笔帮”的首领“尖点”！(1) ｜ 你们是谁？新加入“推铅笔帮”的？(1)
角色	Mass Chemical	2	吓一吓藏匿在大众化学大楼里的掠夺者首领。(1) ｜ 和大多数恶霸一样，掠夺者通常都是胆小鬼。有传言说，刚刚占领大众化学大楼的那位掠夺者首领正是如此——也许你能不战而把他吓跑。(1) ｜ 大众化学惊魂(1)
角色	Wasteland Settler	2	不要再讲什么奉献精神了！一些无情的掠夺者洗劫了一个废土定居者，偷走了他送给朋友的礼物。(1) ｜ 和那群偷走废土定居者礼物的掠夺者对峙。(1) ｜ 拯救废土定居者。(1)
角色	Wasteland Settlers	2	帮助那些在度假旅行时走丢的废土定居者。(1) ｜ 拯救走失的废土定居者。(1)
角色	Space Trip	2	你是可鄙的宇宙碰撞书呆子，还是一流的太空旅行爱好者？(1) ｜ 现在有《太空旅行》的粉丝“趣皮士”，也有《宇宙碰撞》的行家。(1) ｜ 安抚太空旅行爱好者。(1)
角色	Cosmic Clash	2	安抚宇宙碰撞的粉丝。(1) ｜ 你是可鄙的宇宙碰撞书呆子，还是一流的太空旅行爱好者？(1) ｜ 现在有《太空旅行》的粉丝“趣皮士”，也有《宇宙碰撞》的行家。(1)
角色	Legendary Outfits	2	打造{0}件传奇装备(1) ｜ 传奇级装备(1) ｜ 打造传奇装备(1)
角色	Legendary Weapons	2	打造传奇武器(1) ｜ 将房间升到3级可以打造传奇武器。(1) ｜ 打造{0}件传奇武器(1)
角色	Commander Uniform	2	将赛季通行证提升至新高度。获得普通通行证全部权益，外加以下内容：25枚赛季徽章、凯特和泽克、T-60f动力装甲、重型战斗甲、指挥官制服、2个宠物笼子、辐射极琉矿加特林激光枪，以及5000瓶盖。(1) ｜ 指挥官制服(1) ｜ 将您的赛季通行证提升至更高等级。获得普通通行证的所有特权，外加以下内容：25枚赛季徽章、全新居里巧手小姐、全新传奇居民尼克·瓦伦坦、指挥官制服、专家实验室袍、派普的装备、复仇者加特林激光枪、2个宠物笼子和5000瓶盖。(1)
角色	Experiment Vault	2	阻止实验避难所中的1次入侵(1) ｜ 阻止实验避难所中的{0}次入侵(1)
角色	Lucky Spin	2	从幸运转盘领取1个奖励(1) ｜ 从幸运转盘领取{0}个奖励(1) ｜ 幸运转盘(1)
角色	Legendary Dwellers	2	提示：稀有和传奇级别的居民能在午餐盒中找到，他们的属性通常很强。(1) ｜ 用通行证获取赛季最大收益。解锁高级奖励赛道，包含避难所外观主题、日落沙士装瓶厂主题、新传奇居民等更多内容。奖励可在所有避难所领取。(1) ｜ 用通行证获取赛季最大收益。解锁高级奖励赛道，包含避难所外观主题、宿舍主题、新传奇居民等更多内容。奖励可在所有避难所领取。(1)
角色	Google Play	2	开启与 Google Play 共享排行榜数据(1) ｜ 由于您的 Google Play 隐私设置，无法获取排行榜。(1)
角色	Stay Silent	2	<保持沉默>(2)
角色	Capitalist Spin	2	从资本主义转盘领取一份奖励(1) ｜ 从资本主义转盘领取{0}份奖励(1)
角色	Brotherhood Elder	2	与兄弟会长老会面(1) ｜ 嘿，呃，你就是兄弟会长老吗？(1)
角色	Elder Maxson	2	兄弟会坑了我们。现在该好好回敬他们了。我们已经把麦克森长老和他的随从引入陷阱，就等你们来收网了。(1) ｜ 对付落入我们陷阱的麦克森长老。(1)
角色	Science Spin	2	从科学转盘领取一份奖励(1) ｜ 从科学转盘领取{0}份奖励(1)
角色	Elbow Grease	1	小小粉刷匠(1)
角色	Crafting Cost	1	打造花费(1) ｜ -{0}%打造花费(1)
角色	Twins Chance	1	{0}%双胞胎概率(1) ｜ 双胞胎概率(1)
角色	Pregnancy Time	1	怀孕时间(1) ｜ -{0}%怀孕时间(1)
角色	Healing Speed	1	x{0}恢复速度(1) ｜ 恢复速度(1) ｜ x{0}辐射恢复速度(1)
角色	Stranger Chance	1	陌生人概率(1) ｜ x{0}陌生人概率(1)
角色	Objective Completion	1	目标完成(1) ｜ x{0}目标完成(1)
角色	Damage Resistance	1	伤害减免(1) ｜ {0}%伤害减免(1)
角色	Wasteland Caps	1	废土瓶盖(1) ｜ +{0}%废土瓶盖(1)
角色	Wasteland Weapons	1	+{0}%废土武器和装备(1) ｜ 废土武器和装备(1)
角色	Wasteland Junk	1	废土杂物(1) ｜ +{0}%废土杂物(1)
角色	Chemistry Station	1	合成人和超级变种人的战斗把我困在了房间里，房间里就有化学工作站。(1)
角色	Slave Camp	1	一个守卫严密的奴隶营。(1) ｜ 奴隶营的戒备太森严了。那些可怜的人。光靠我自己无法帮助他们。(1)
角色	Gas Station	1	一个废弃的加油站。(1) ｜ 探索加油站。(1) ｜ 加油站早被搜刮得一干二净，连聚变燃料罐都空了。(1)
角色	Fugitive Slave	1	一名逃亡的奴隶。(1) ｜ 逃亡的奴隶腿部中枪了，他跑不远。(1)
角色	Drunken Drifter	1	醉酒的流浪者嫌我一口灌得太猛，气冲冲地走了，酒瓶也拿走了。(1) ｜ 一个喝醉酒的流浪汉。(1) ｜ 喝醉的流浪汉要和我喝一杯。(1)
角色	Convenience Store	1	一家用木板封死的便利店。(1)
角色	Dark Cave	1	树林中间的一个黑暗的山洞。(1)
角色	Caravan Merchant	1	一名大篷车商人正在追逐一头受惊的双头牛。(1)
角色	Raider Hideout	1	一处空荡荡、几近坍塌的掠夺者藏身处。(1)
角色	Irradiated Lake	1	一个被辐射污染的湖。(1)
角色	Sealed Room	1	地下室的一个封闭房间。(1)
角色	Apartment Building	1	一幢大型公寓楼。(1)
角色	Old Mansion	1	一座老公馆，早就被洗劫一空。(1)
角色	Robot Factory	1	一个机器人工厂，损坏的保护者机器人散落在外。(1)
角色	Production Rooms	1	等级

居民在生产房间中工作、在废土中探险以及在任务中击杀敌人时都会提升等级。

升级会增加居民的生命值。等级越高，生命值越高；但耐力值高的居民在升级时会获得更多生命值。

房间的解锁取决于您避难所中的居民数量。

稀有度

居民分为普通、稀有和传奇三种稀有度。

- 普通：等级和属性值较低

- 稀有：等级和属性值中等

- 传奇：等级和属性值较高(1) ｜ 生产型房间能够启动极速模式来赚取瓶盖，同时即时产生资源。

- 极速模式会立即完成当前的生产周期然后发放一定瓶盖奖励。

- 瓶盖奖励是基于风险值。风险越大，奖励越多。

- 极速模式如果失败，会导致灾害发生。(1)
角色	Your Vault	1	避难所的储存室储藏着所有居民从废土上找来的或者午餐盒里得到的物品。
点击哔哔小子菜单上的盒子图标可以查看储藏的物品。(3) ｜ 你的避难所不可能再找到比它更好的看门狗了。(1) ｜ 您的避难所需要稳定的
电力、食物和水来维持运行。(1)
角色	Most Rooms	1	升级您的房间，来提高它们的性能。

- 大多数房间都可以升级两次。升级的资源房间能够生产更多资源。

- 同类型的房间最多可以合并三个，只要将它们建在彼此相邻的位置即可。

- 合并的房间能容纳更多居民，同时效率也会更高。

- 有些房间，比如工坊，开始就是一个大房间，是不能合并的。

- 主题只能应用于完全合并并升级至顶级的餐厅和宿舍。(1)
角色	Merged Rooms	1	升级您的房间，来提高它们的性能。

- 大多数房间都可以升级两次。升级的资源房间能够生产更多资源。

- 同类型的房间最多可以合并三个，只要将它们建在彼此相邻的位置即可。

- 合并的房间能容纳更多居民，同时效率也会更高。

- 有些房间，比如工坊，开始就是一个大房间，是不能合并的。

- 主题只能应用于完全合并并升级至顶级的餐厅和宿舍。(1)
角色	Radio Rooms	1	广播室能吸引来自废土的新居民。

- 广播室会周期性地发出信号，召唤新居民加入。有时会收到回应。

- 如果广播室的计时器走到零还没有新的居民回应，计时器会自动重启。

- 将魅力值高的居民分配在广播室能够加速信号的发出。

- 升级广播室能增加吸引新居民的概率。

- 广播信号也可能把死爪引到您的避难所。

- 如果您不想吸引新居民，可以让广播室停止呼叫。

- 在广播室里分配居民能够提升避难所的整体幸福度，无论广播室是否正在招募新居民。(1)
角色	Assign Dwellers	1	广播室能吸引来自废土的新居民。

- 广播室会周期性地发出信号，召唤新居民加入。有时会收到回应。

- 如果广播室的计时器走到零还没有新的居民回应，计时器会自动重启。

- 将魅力值高的居民分配在广播室能够加速信号的发出。

- 升级广播室能增加吸引新居民的概率。

- 广播信号也可能把死爪引到您的避难所。

- 如果您不想吸引新居民，可以让广播室停止呼叫。

- 在广播室里分配居民能够提升避难所的整体幸福度，无论广播室是否正在招募新居民。(1) ｜ 每个房间都会使用一项 SPECIAL 属性。把 SPECIAL 属性最好的居民分配进去，能让他们开心并产出额外的资源。(1) ｜ 提示：将居民拖进或者拖出受到灾害的房间来保证他们的存活。(1)
角色	Radio Call	1	广播室能吸引来自废土的新居民。

- 广播室会周期性地发出信号，召唤新居民加入。有时会收到回应。

- 如果广播室的计时器走到零还没有新的居民回应，计时器会自动重启。

- 将魅力值高的居民分配在广播室能够加速信号的发出。

- 升级广播室能增加吸引新居民的概率。

- 广播信号也可能把死爪引到您的避难所。

- 如果您不想吸引新居民，可以让广播室停止呼叫。

- 在广播室里分配居民能够提升避难所的整体幸福度，无论广播室是否正在招募新居民。(1)
角色	Having Dwellers	1	广播室能吸引来自废土的新居民。

- 广播室会周期性地发出信号，召唤新居民加入。有时会收到回应。

- 如果广播室的计时器走到零还没有新的居民回应，计时器会自动重启。

- 将魅力值高的居民分配在广播室能够加速信号的发出。

- 升级广播室能增加吸引新居民的概率。

- 广播信号也可能把死爪引到您的避难所。

- 如果您不想吸引新居民，可以让广播室停止呼叫。

- 在广播室里分配居民能够提升避难所的整体幸福度，无论广播室是否正在招募新居民。(1)
角色	Complete Objectives	1	有许多方式可以赚取瓶盖。
- 在废土和任务中找到
- 完成目标
- 居民升级
- 贩卖物品
- 每个午餐盒里都有一定数量的瓶盖
- 一些幸运的居民在收集资源时偶尔能获得瓶盖

一些动作需要花费瓶盖。
- 建造房间和电梯
- 摧毁岩石
- 升级房间
- 复活居民
- 打造武器、装备和主题
- 个性化居民(1) ｜ 更快地完成目标。(1)
角色	Every Lunchbox	1	有许多方式可以赚取瓶盖。
- 在废土和任务中找到
- 完成目标
- 居民升级
- 贩卖物品
- 每个午餐盒里都有一定数量的瓶盖
- 一些幸运的居民在收集资源时偶尔能获得瓶盖

一些动作需要花费瓶盖。
- 建造房间和电梯
- 摧毁岩石
- 升级房间
- 复活居民
- 打造武器、装备和主题
- 个性化居民(1) ｜ 避难所科技的午餐盒能加快您的进程。

居民- 需要更快获得更多居民？每个午餐盒都有机会抽到一个居民。

武器- 所有能在废土生存中用到的好东西。从BB枪到小型核武器“胖子”都有。

装备- 给您的居民穿上这些又能增强属性又有型的好装备。

宠物- 找到一位忠诚的伴侣，它会帮助您的居民，还能让您的避难所充满生机！

量子核子可乐- 用这种清爽的饮料快速搞定一切。

杂物- 在您的工坊里用这些被长时间遗忘的物件打造武器装备。

资源- 储备充足的瓶盖，消辐宁，治疗针，食物，水和电。

午餐盒里可能有普通，稀有或者传奇的物品。每个午餐盒至少会有一个居民或者稀有的物品。(1)
角色	Lucky Dwellers	1	有许多方式可以赚取瓶盖。
- 在废土和任务中找到
- 完成目标
- 居民升级
- 贩卖物品
- 每个午餐盒里都有一定数量的瓶盖
- 一些幸运的居民在收集资源时偶尔能获得瓶盖

一些动作需要花费瓶盖。
- 建造房间和电梯
- 摧毁岩石
- 升级房间
- 复活居民
- 打造武器、装备和主题
- 个性化居民(1)
角色	Revive Dwellers	1	有许多方式可以赚取瓶盖。
- 在废土和任务中找到
- 完成目标
- 居民升级
- 贩卖物品
- 每个午餐盒里都有一定数量的瓶盖
- 一些幸运的居民在收集资源时偶尔能获得瓶盖

一些动作需要花费瓶盖。
- 建造房间和电梯
- 摧毁岩石
- 升级房间
- 复活居民
- 打造武器、装备和主题
- 个性化居民(1)
角色	Craft Weapons	1	有许多方式可以赚取瓶盖。
- 在废土和任务中找到
- 完成目标
- 居民升级
- 贩卖物品
- 每个午餐盒里都有一定数量的瓶盖
- 一些幸运的居民在收集资源时偶尔能获得瓶盖

一些动作需要花费瓶盖。
- 建造房间和电梯
- 摧毁岩石
- 升级房间
- 复活居民
- 打造武器、装备和主题
- 个性化居民(1)
角色	Customize Dwellers	1	有许多方式可以赚取瓶盖。
- 在废土和任务中找到
- 完成目标
- 居民升级
- 贩卖物品
- 每个午餐盒里都有一定数量的瓶盖
- 一些幸运的居民在收集资源时偶尔能获得瓶盖

一些动作需要花费瓶盖。
- 建造房间和电梯
- 摧毁岩石
- 升级房间
- 复活居民
- 打造武器、装备和主题
- 个性化居民(1)
角色	Fat Man	1	胖子核弹(1) ｜ 生锈的胖子核弹(1) ｜ 胖子核弹。(1)
角色	Extra Food	1	避难所科技的午餐盒能加快您的进程。

居民- 需要更快获得更多居民？每个午餐盒都有机会抽到一个居民。

武器- 所有能在废土生存中用到的好东西。从BB枪到小型核武器“胖子”都有。

装备- 给您的居民穿上这些又能增强属性又有型的好装备。

宠物- 找到一位忠诚的伴侣，它会帮助您的居民，还能让您的避难所充满生机！

量子核子可乐- 用这种清爽的饮料快速搞定一切。

杂物- 在您的工坊里用这些被长时间遗忘的物件打造武器装备。

资源- 储备充足的瓶盖，消辐宁，治疗针，食物，水和电。

午餐盒里可能有普通，稀有或者传奇的物品。每个午餐盒至少会有一个居民或者稀有的物品。(1)
角色	Tap the Pip-Boy	1	1. 废土- 点击避难所外面可查看废土日志。
2. 居民菜单- 可以用来快速整理和选择您的居民。
3. 幸福度- 避难所整体的幸福度。点击可以查看它能为避难所带来哪些加成。
4. 资源条- 您现有的资源总量。勿让资源低于所需资源线，否则避难所将开始恶化。点击可查看您有多少资源。
5. 瓶盖- 点击瓶盖可以进入午餐盒商店。
6. 建造锤子-点击可建造房间
7. 哔哔小子- 点击哔哔小子可打开菜单。数字表示您有可以打开的午餐盒。感叹号表示有目标奖励可领取。
8. 午餐盒- 点击可进入午餐盒菜单
9. 目标- 点击缎带图标进入目标页面。一个感叹号表示有目标奖励可以领取。
10. 库存- 点击盒子图标进入库存菜单。
11. VDSG- 点击书图标可打开避难所居民生存指南
12. 设置- 点击齿轮图标可进入设置菜单。(1)
角色	Click the Pip-Boy	1	1. 废土- 点击避难所外面可查看废土日志。
2. 居民菜单- 可以用来快速整理和选择您的居民。
3. 幸福度- 避难所整体的幸福度。点击可以查看它为避难所带来哪些加成。
4. 资源条- 您现有的资源总量。勿让资源低于所需资源线，否则避难所将开始恶化。点击可查看您有多少资源。
5. 瓶盖- 点击瓶盖可以进入午餐盒商店。
6. 建造锤子-点击可建造房间
7. 哔哔小子- 点击哔哔小子可打开菜单。数字表示您有可以打开的午餐盒。感叹号表示有目标奖励可领取。
8. 午餐盒- 点击可进入午餐盒菜单
9. 目标- 点击缎带图标进入目标页面。一个感叹号表示有目标奖励可以领取。
10. 库存- 点击盒子图标进入库存菜单。
11. VDSG- 点击书图标可打开避难所居民生存指南
12. 设置- 点击齿轮图标可进入设置菜单。(1)
角色	Train Dwellers	1	量子核子可乐可以被用来：

- 加速废土探索时间

- 极速打造物品

- 极速训练居民

- 每天可以跳过不止一个目标

- 跳过特定任务

- 极速完成美发店个性化

- 补全缺失的主题配方碎片(1)
角色	Common Armor	1	普通武器 (37.5%)
稀有武器 (8.8%)
传奇武器 (1.7%)
普通护甲 (41.4%)
稀有护甲 (5.8%)
传奇护甲 (1.8%)
普通宠物 (2.3%)
稀有宠物 (0.6%)
传奇宠物 (0.1%)(1)
角色	Rare Junk	1	普通垃圾 (21.5%)
稀有垃圾 (46.7%)
传奇垃圾 (31.8%)(1)
角色	Remove All	1	您将失去死去的居民。您确定要全部移除吗？(1)
角色	Starter Pack	1	避难所科技新手包(2) ｜ 每所避难所只能认领一个新手包。请稍后在另一个避难所尝试。(1)
角色	Local Game	1	云存档将取代您目前的本地存档。您想继续吗？(1)
角色	Rush Mode	1	有房间正处于极速模式。(1)
角色	Weapon Plants	1	你所有已完全合并并升级的武器工厂主题将从{0}更改为{1}。确认吗？(1)
角色	Living Space	1	提示：避难所有足够的居住空间时，怀孕的女性才能分娩。(1)
角色	Dwellers Rads	1	建造一个实验室可以生产消辐宁来降低居民的辐射值。(1)
角色	Apply Themes	1	主题的介绍

- 在任务中找到主题配方的碎片。

- 建造新主题工坊来打造主题。

- 将主题应用在最大化合并及升级后的餐厅和宿舍上。(1)
角色	Windows Store	1	请用{0}Xbox LIVE账号登录进入Windows Store。(1)
角色	Serve You	1	很高兴能为您服务！(1)
角色	Mysterious Stranger	1	找到{0}次神秘陌生人(1) ｜ 神秘陌生人？(1) ｜ 恭喜你找到了神秘陌生人，他给你带来了一些瓶盖（基本上你就是在“抢劫”他）。(1)
角色	Outfit Workshops	1	您可以利用杂物和瓶盖，在武器、装备和主题工坊中打造物品。

普通，稀有和传奇级别的杂物会在午餐盒、废土和任务中找到，分解武器和装备也能产出杂物。物品越稀有，需要的杂物就越稀有。

同时还需要打造物品的相应配方。工坊开始时会自带一些配方，其他的配方可以在死亡的掠夺者身上、废土探险或任务中找到。

主题配方以碎片形式出现。在任务中寻找这些碎片，或使用量子核子可乐来补全主题配方。

点击工坊的打造按钮可以看到能够打造的物品列表，选择您想要的。升级后的武器和装备工坊能够打造稀有和传奇级别的物品。

如果开始打造之后取消，您所用的杂物将全部返还，但花费的瓶盖只有部分返还。(2) ｜ 您可以利用杂物和瓶盖，在武器、装备和主题工坊中打造物品。

普通，稀有和传奇级别的杂物会在午餐盒、废土和任务中找到，分解武器和装备也能产出杂物。物品越稀有，需要的杂物就越稀有。

同时还需要打造物品的相应配方。工坊开始时会自带一些配方，其他的配方可以在死亡的掠夺者身上、废土探险或任务中找到。

主题配方以碎片形式出现。在任务中寻找这些碎片，或使用量子核子可乐来补全主题配方。

在工坊中按，可以看到能够打造的物品列表，选择您想要的。升级后的武器和装备工坊能够打造稀有和传奇级别的物品。

如果开始打造之后取消，您所用的杂物将全部返还，但花费的瓶盖只有部分返还。(1) ｜ 装备工坊制成了一件装备！(1)
角色	Weapon Workshops	1	武器工坊制成了一件武器！(1)
角色	Bald Dweller	1	在避难所里有1位光头的居民(1) ｜ 在避难所里有{0}位光头的居民(1)
角色	Bald Dwellers	1	在避难所里有{0}位光头的居民(1)
角色	Daily Reward	1	收集1次每日奖励(1) ｜ 收集{0}次每日奖励(1)
角色	Daily Rewards	1	收集{0}次每日奖励(1)
角色	Female Dwellers	1	有{0}名女性居民怀孕(1) ｜ 女性居民(1)
角色	National Anthem	1	专为演唱那首著名的战歌——国歌——而准备。(1)
角色	Burned Condition	1	+50%抵抗灼烧状态(1)
角色	Tunnel Snake	1	知道200个词，却只会说“隧道蛇统治一切！”(1) ｜ 隧道蛇外套(1) ｜ 为什么？因为你是隧道蛇，你统治一切！(1)
角色	Christmas Elf	1	过度工作？不被赏识？服装搞笑？避难所居民还是圣诞精灵——你来选择。(1)
角色	Institute Synths	1	拯救学院的合成人。(1) ｜ 学院合成人的基本装备。(1)
角色	Vault Overseers	1	通常是给监督者和他们的家人们准备的。(1)
角色	Mojave Desert	1	亚麻布：莫哈维沙漠中唯一合适的正装，除非你不在乎汗渍。(1)
角色	Abe Lincoln	1	它喜欢和亚伯拉罕·林肯做伴——或者说，林肯剩下的部分。(1)
角色	Contact Us	1	[212F21]联系我们/查看或者删除已收集信息(1)
角色	Payment Information	1	[212F21]哪些信息可能被收集[365136]
• 注册和个人资料信息（例如，联系方式和登录信息）
• 来自Steam、Twitch和Facebook等第三方账户的信息（如好友和公众资料信息）
• 支付信息（例如，购买历史）
• 技术（如设备ID、IP地址和广告标签）
• 人口统计（如国家和年龄）
• 使用信息（例如，游戏内消息、统计数据和使用数据）(1)
角色	Usage Information	1	[212F21]哪些信息可能被收集[365136]
• 注册和个人资料信息（例如，联系方式和登录信息）
• 来自Steam、Twitch和Facebook等第三方账户的信息（如好友和公众资料信息）
• 支付信息（例如，购买历史）
• 技术（如设备ID、IP地址和广告标签）
• 人口统计（如国家和年龄）
• 使用信息（例如，游戏内消息、统计数据和使用数据）(1)
角色	Effective Date	1	[365136]生效日期：2025年9月15日(1)
角色	Point Buck	1	成精的死爪(1)
角色	Salisbury Steak	1	探险家日志。新条目：肚子饿了。馋索尔兹伯里牛排了。(1) ｜ 最后一次看到它，它正在狼吞虎咽地吃着索尔斯伯利牛肉饼，肉汁溅得到处都是……(1)
角色	D's Raider Boss	1	和R41D号避难所的掠夺者首领对峙。(1)
角色	Cruddy Bonez	1	你拿下了科鲁迪博纳兹和他的团伙？我猜他们再也不敢叫我们“傻子”了……(1)
角色	Commonwealth Minutemen	1	我叫普雷斯顿·加维，联邦义勇军民兵组织的成员。(1)
角色	Griffith Observatory	1	兄弟会正在攻击格里菲斯天文台，企图从新加州共和国手中夺回一种致命武器。虽然不知道具体是什么武器，但无论落入任何一方手中，都可能产生灾难性后果。为了保护所有人的安全，快去把它处理掉。(1)
角色	Artie Moore	1	阿蒂，阿蒂·摩尔。探险家、拾荒者，一个各方面都挺了不起的家伙。(1)
角色	The Editor	1	和编辑对峙。(1) ｜ 至于那名编辑……你们永远都不会找到他！(1)
角色	Raider Boss Bash	1	拿下掠夺者首领“暴击”，领取奖赏！(1)
角色	Ol One-Eye's	1	呃，“独眼龙”是你们见过的最凶的辐射蟑螂。(1)
角色	One Ghoul	1	我们从819号避难所那里得到了一本过期报刊。在那之前我们只有一本旧的《一只尸鬼，两只尸鬼》影印本可以读。(1) ｜ 一位尸鬼顾客(1)
角色	Two Ghoul	1	我们从819号避难所那里得到了一本过期报刊。在那之前我们只有一本旧的《一只尸鬼，两只尸鬼》影印本可以读。(1)
角色	Bleacher Seats	1	看台座椅上的廉价啤酒(1)
角色	Ghoul Leader	1	和尸鬼首领聊聊。(1)
角色	Cheese Factory	1	厨师又高兴又惊讶——你居然完好无损地回来了！他现在要的是加工奶酪，也就是“灰金”，这种神奇食物能经受住时间和核战争的考验。老奶酪厂里可能还剩下一些。(1)
角色	Pain Train	1	所以你就是“会痛的火车”？别逗了！(1) ｜ 你的一位居民一直称自己是“会痛的火车”。我们来让他梦想成真……(1)
角色	Railway Rifle	1	射钉步枪(1) ｜ 派一位拿着射钉步枪的居民去搞一场大破坏吧！(1) ｜ 生锈的射钉步枪(1)
角色	North Pole	1	你死定了。北极是下一个目标！(1)
角色	Boss McScrooge	1	我是首领麦斯克鲁奇。我一度很讨厌圣诞节。(1) ｜ 和首领麦斯克鲁奇交谈。(1)
角色	Commodore Tramiel	1	啊，侦探！我是特拉米尔准将，这是我侄女维琪。(1)
角色	Rod Murphy	1	我是罗德·墨菲，有钱但粗俗的实业家，这位是我的花瓶老婆普莉希拉。(1) ｜ 是实业家罗德·墨菲。(1)
角色	William Peabody III	1	天哪！我们刚刚得到消息，威廉·皮博迪三世先生被发现死在他的卧室里。我们必须派我们最聪明的侦探和他值得信赖的助手去解开这个可怕的谜团！(1)
角色	Bat Boy	1	为了蝙蝠男孩！(1)
角色	Saint Paddy	1	我说，是时候学圣帕特里克，把你们这些蛇赶出去了！(1)
角色	Grotton Depot	1	两只领头死爪决定把旧的格罗顿仓库当成自己的家。太吓人了！是时候拿出大杀器了！(1)
角色	Glowing Radroaches	1	消灭核子武器公寓里的发光辐射蟑螂！(1) ｜ 双重毁灭：发光辐射蟑螂(1) ｜ 两只发光辐射蟑螂把“核子武器公寓”的居民赶出了家门。是时候杀杀虫了。(1)
角色	Glowing Radscorpions	1	两只发光辐射蝎正在512号避难所里兴风作浪！赶紧碾压这些害虫们！(1) ｜ 消灭512号避难所里的两只发光辐射蝎！(1) ｜ 双重毁灭：发光辐射蝎(1)
角色	E-Ster Egg Hunt	1	欢迎参加我们首届复活节彩蛋寻宝活动！(1) ｜ 复活节彩蛋寻宝(1)
角色	E-Ster Sunday	1	我们被邀请参加原子之子一年一度的死爪蛋寻宝活动！这是验证威尔修士说法的好机会——教会打算在复活节当天引爆一枚大型核弹……(1)
角色	Deathclaw Eggs	1	收获一些死爪蛋。(1)
角色	Sister Olivia	1	我是萨德思修士，这位是奥利维亚修女。(1)
角色	Spy Quarterly	1	嗯，我确实上过间谍季刊的封面。(1)
角色	All Dwellers	1	“所有的居民都必须随身携带身份证。”我们必须得开枪了。(1)
角色	Preston Garvey's	1	寻找有关普雷斯顿下落的相关线索。(1)
角色	Ole Jess	1	马格的湿疹好了，作物也长齐了……甚至我们的双头牛奥利·杰斯也不再一瘸一拐了！(1)
角色	Glowrious Food	1	食物，发光的食物(1)
角色	Remain Silent	1	（保持安静）(1)
角色	Republic of Dave	1	请问，谁是戴维共和国的疯狂领袖？(1)
角色	Trinity Tower	1	谁被困在了崔尼帝塔？(1)
角色	Project Purity	1	什么军事组织在净水计划正式启动前占领了它？(1)
角色	Allistair Tenpenny	1	阿利斯泰尔·特佩尼老头想除掉的眼中钉是哪一个？(1)
角色	Hannibal Hamlin	1	汉尼拔哈姆林想要修复的是哪座纪念碑？(1)
角色	Boston Common	1	那个藏在波士顿公园池塘里的巨兽叫什么名字？(1)
角色	Lorenzo Cabot	1	洛伦佐·卡伯特被关押在哪里？(1)
角色	Iner Day	1	别提那家餐厅了！不过你还是得……“掉脑袋”！(1)
角色	Fort Lynn	1	哈！联邦里根本就没有林恩堡。“掉脑袋”吧！(1) ｜ 林恩堡。(1)
角色	Far Harbor	1	远港上的原子之子基地的名字是什么？(1) ｜ 远港岛所在地的前身是哪个州？(1)
角色	Kasumi Nakano	1	为什么中野霞逃跑去了阿卡迪亚？(1)
角色	Rockville Ravens	1	你们是体育迷吗？还记得罗克韦尔乌鸦队吗？(1)
角色	Half Empty	1	半满，半空(1)
角色	Will Travel	1	拿起枪，我们走！(1)
角色	Boston Bugle	1	我们发现有人在印刷新一期的波士顿号角报，想把蠢货们变成明星。我们才是注定为名利而生！(1) ｜ 我们正在前往120号避难所……他们是最新一期新波士顿号角报的明星……(1) ｜ 404号避难所的监督者似乎有办法和新波士顿号角报的发行者取得联系。她是我们成为明星的希望！(1)
角色	Deathclaw Wellington	1	好吧，那份辐射蝎蛋卷确实有点恶心。为了补偿，大厨提议做他的招牌菜——威灵顿死爪。他只需要新鲜的死爪肉，直接从它们的巢穴里弄来就行（据说光照会破坏味道）。(1)
角色	Librarian Outfit	1	图书馆员服(1) ｜ 好吧。不过你们只能收下他们给我的那件丑衣服了。一件灰扑扑的图书管理员服？认真的？(1)
角色	Roach Coach	1	跳上蟑螂车(1)
角色	Ghost Costume	1	为了把31号避难所的掠夺者吓跑，一位乐于助人的旅行者建议我们去附近的工厂找到鬼服。(1) ｜ 嗯，也许你们可以从附近的旧服装厂弄些鬼服，穿上把他们吓跑！(1) ｜ 鬼服(1)
角色	Khan Killian's Raider	1	但是遭到可汗·基利安的掠夺者帮派袭击之后他就消失了！(1)
角色	Bit Outside	1	就……稍偏外一点(1)
角色	Em Down	1	干掉他们(1)
角色	Horseman War	1	我带来了伟大的骑士“战争”的口信，愿他永生。(1)
角色	Overseer Zilewski	1	看起来鲁巴布只是刚刚开始。你收到了监督者扎勒斯基的避难所发来的求救信号。最好去调查一下！(1) ｜ 回应监督者扎勒斯基的求救信号。(1) ｜ 同监督者扎勒斯基交谈。(1)
角色	The Railroad	1	一群自称“铁路”的人正试图把难民偷偷送过这一带，结果被掠夺者抓住。趁还来得及，找到他们并把他们救出来。(1) ｜ 铁路。(1) ｜ 铁路希望我们拯救被学院回收的那群合成人。(1)
角色	Johnny Jones	1	不仅如此，小强尼喝了它之后一天之内就病死了！(1)
角色	Into the Shadows	1	走出避难所，走进阴影中(1)
角色	The Missile	1	那是……呃。只是一件撕破的马特“导弹”默塔球衣。(1)
角色	Murtagh Jersey	1	那是……呃。只是一件撕破的马特“导弹”默塔球衣。(1)
角色	Four Horsemen	1	先别提那个了。“瘟疫”是怎么回事？那不是四骑士中的一个吗？(1)
角色	Scoring Position	1	得分位置的跑步者！(1)
角色	Radiation Suit	1	新年第一天……昨夜避难所举行了隆重的派对活动。但是监督者的儿子杰克失踪了。我们必须找到他！现在只知道12点之前他还和我们在一起，但之后发生了什么完全是一片模糊，我们都穿着防辐射服，所以我们应该是去过可伟佳汽车厂……(1) ｜ 你知道他们为什么要你的辐射服吗？(1) ｜ 防辐射服(1)
角色	Vault Suits	1	告诉圣诞老人我们真的需要一些新的避难所套装！(1)
角色	Water Chips	1	哦，还要一些水质芯片！(1)
角色	Overseer Nicholas	1	和监督者尼古拉斯交谈。(1) ｜ 我是监督者尼古拉斯！温暖的避难所欢迎你们！(1)
角色	Daylight Savings	1	你错了！别指望我们会告诉你，“夏令时”会怎么让我们活下去！(1)
角色	Fifth Sun	1	如果我们现在在第五个太阳上，其他的太阳都发生了什么？(1)
角色	Daylight Saving	1	你错了！别指望我们会告诉你，“夏令时”会怎么让我们活下去！(1) ｜ 神圣的夏令时将在爆炸之后，把我们安全地送去一小时之后的未来。(1) ｜ 我不认为夏令时是这样运作的……(1)
角色	Physics Club	1	一个物理俱乐部？果然是积极向上的牛顿精神！(1) ｜ 你们好！欢迎来到物理俱乐部！(1)
角色	Combine Pests	1	“将害虫与罗勒、大蒜、帕尔马干酪、橄榄油和松仁混合。”(1)
角色	Stealth Boys	1	好吧，谁忘了隐形小子了？(1)
角色	Fall Back	1	春天向前，秋天向后(1)
角色	Cracking Knuckles	1	站在你面前的，就是“碎骨者”的首领“扳关节者”！(1)
角色	Sharp Point	1	站在你们面前的，就是“推铅笔帮”的首领“尖点”！(1)
角色	Raider Outfits	1	让这些掠夺者装备物尽其用吧！派一些居民去掠夺者营地当间谍。(1)
角色	Your Worst	1	我是噩梦，你最可怕的噩梦。(1)
角色	Ball Game	1	带我去比赛。(1)
角色	Bigsby Brown	1	尼克的老伙计比格斯比·布朗失踪了。一份旧文件显示他出去侦查避难所居民失踪案件，之后就再也没有消息。赶紧去找找这名侦探吧！(1) ｜ 比格斯比·布朗(1) ｜ 找到比格斯比·布朗。(1)
角色	Bisgby Brown	1	追查失踪的侦探比格斯比·布朗。(1)
角色	Brothers Grime	1	消灭“污秽兄弟”二人。(2) ｜ 论手段之肮脏，很少有掠夺者比得上这两个号称“污秽兄弟”的掠夺者首领。给这对黑心肠的兄弟无赖一点颜色瞧瞧。(1) ｜ “污秽兄弟”(1)
角色	Nick Valentine	1	尼克·瓦伦坦，是废土侦探界的传奇。他手上有一些未解决的案件档案，首先一个就是——被抓住的狗。(1) ｜ 将您的赛季通行证提升至更高等级。获得普通通行证的所有特权，外加以下内容：25枚赛季徽章、全新居里巧手小姐、全新传奇居民尼克·瓦伦坦、指挥官制服、专家实验室袍、派普的装备、复仇者加特林激光枪、2个宠物笼子和5000瓶盖。(1)
角色	Captured Canine	1	被抓住的狗(1)
角色	Lost Lunch	1	消失的午餐(1)
角色	Missing Mitt	1	丢失的手套(1)
角色	Nuclear Bunker	1	这是一个避难所模拟器。我们称之为“核掩体”(1)
角色	Good Job	1	每当完成一个目标，我们就会在石板上刻下“干得漂亮！”。(1)
角色	Big Wes	1	找到大维斯并除掉他。(1) ｜ 大维斯在向你叫板！是时候把他拉下马，成为废土头号大型猎物猎人了！(1) ｜ 现在大维斯要你杀掉一只鼹鼠巢母，但有个附加条件：你只能用手枪。祝你能用那些手枪打穿鼹鼠皮吧！(1)
角色	John Francis Miller Raider Boss Killer	1	我的名字是约翰弗兰西斯米勒掠夺者首领杀手……叫我JF就行。(1)
角色	Top Secret	1	找回“绝密”文件。(1)
角色	Hardware Town	1	有一家旧的“五金小镇”商店我们还没去看过。也许教练去那里补给物资了。我们出发吧。(1)
角色	Radscorpion Earl	1	乡亲们好啊，大伙儿都叫我辐射蝎厄尔！(1)
角色	Confessor Alvarado's	1	停止忏悔者阿尔瓦拉多的计划。(1) ｜ 你必须在复活节到来之前阻止神父阿尔瓦拉多的计划。(1)
角色	Mash Tatos	1	我们已经一个月都没吃上红果泥和炸红果条了！(1)
角色	French Fries	1	我们已经一个月都没吃上红果泥和炸红果条了！(1)
角色	Atomatoys Warehouse	1	前往原子玩具仓库寻找来自899号避难所的回收队。(1)
角色	Thinly Veiled	1	迷雾重重(1)
角色	Plot Thickens	1	迷雾重重(1)
角色	Overseer Alvarez	1	哈喽，你们好呀！我是监督者阿尔瓦雷茨。让我猜猜……(1) ｜ 813号避难所监督者阿尔瓦雷茨告诉我们和告诉宝拉同样的事 - 去避难所科技的办公室找到关于大都会的信息！(1)
角色	Filthy Dwellers	1	嘶——肮脏的居民，想来偷我们的东西。(1)
角色	Baseball Jersey	1	寻找罗基·杰宾森的棒球衫。(69) ｜ 那个白痴穿着棒球衫？没见过他！现在滚吧。(1)
角色	Chryslus Rocket	1	我们的下一站是克莱斯勒69号火箭工厂。反正去哪儿都是找，这地方也一样。(1)
角色	Grand Slam	1	大满贯时间？(1)
角色	Wake Up	1	起床时间到！(1)
角色	Overseer Patel	1	诶……诶？等等。我是监督者帕特尔。(1) ｜ 啊哈！是监督者帕特尔的日志。这段是什么……(1) ｜ 监督者帕特尔死了！如果你不阻止她的话，我们就是下一个！求求你……(1)
角色	Hungry Horde	1	“饥饿部落”只是跟在他后面四处游荡，被他身上的放射性光环迷得神魂颠倒。(1) ｜ “害虫”将把“瘟疫”带到226号避难所，因此“战争”肯定会跟着来。如果我们也能让“饥荒”在那儿出现，骑士和他们的信徒说不定就会自相残杀！我们需要装扮成“害虫”，去和“饥饿”部落里那些尚未狂化的头领谈谈。(1) ｜ 饥饿的部落？所以你们不是“害虫”？(1)
角色	Military Fatigues	1	军装(1) ｜ 一个地下军事基地遭到攻击，正在召集他们所有的废土巡逻队。难道又是“害虫”吗？我们需要阻止他们！不过我们得穿上军装伪装成巡逻队的一员，才能混进基地……(1)
角色	Lady Luck	1	我是这儿的监督者。幸运女神总是站在我这边！(1) ｜ 新维加斯需要你的关注，监督者。建造一座新避难所，以保护并支持避难所科技在该地区的盟友。招募关键人员，消灭所有敌对势力，让新维加斯的灯塔照亮整片废土！愿幸运女神对你微笑！(1) ｜ 这个避难所都是为幸运女神而存在的！(1)
角色	Radscorpion Hold	1	看好了，我们的招牌技——辐射蝎锁！(1)
角色	Professor Tempus	1	而且，谁都知道《田普思教授》是最好的系列！(1)
角色	Planetary League	1	以行星联盟的名义，我命令你停止！(1)
角色	Chief Engineer	1	总工程师是什么时候合成“科技呓语素”来拯救飞船的？(1)
角色	Nebulous Intentions	1	我相信这是第二卷第七期，“模糊的意图”。(1)
角色	Energy Scimitars	1	你忘了我们还有能量弯刀！噗克嘶嘶轰……呜嗡……呜嗡……(1)
角色	Senator Kari	1	你好，我是协和会的卡里参议员。(1)
角色	To Atom	1	♪ 你终将在原子面前现身 ♪
♪ 升天之时，替我向他问好！♪(1)
角色	Mankind Redefined	1	♪ 我们的计划在暗中推进 ♪ 人类重塑，千真万确！♪
♪ 恐惧无法计-算！♪(1)
角色	The Overseer	1	监督者已经确定要送我们去参加洞穴探险大赛。(4) ｜ 监督者已经确定要送我们去参加洞穴探险大赛！(3) ｜ 监督者是我的英雄！(1)
角色	Sally Switchblade	1	臭名昭著的掠夺者“刀锋萨莉”要和声名狼藉的“铁锤马克斯”结婚了。但两人都还在犹豫，因为他们都不想再过掠夺者的日子了。他们要是肯沟通就好了！赶紧闯进去替他们解决问题吧。(1)
角色	Marcus Hammer	1	臭名昭著的掠夺者“刀锋萨莉”要和声名狼藉的“铁锤马克斯”结婚了。但两人都还在犹豫，因为他们都不想再过掠夺者的日子了。他们要是肯沟通就好了！赶紧闯进去替他们解决问题吧。(1)
角色	Willard Glover	1	消灭威拉德·格洛弗。(1) ｜ 我们找到了一条赎金字条，落款是掠夺者头目威拉德·格洛弗。他说他抓了一个定居者，把人带到了附近的可伟佳装配厂。(1) ｜ 那个叫威拉德·格洛弗的人一定是疯了。(1)
角色	Getting Warmer	1	“越来越近了”(1)
角色	Secret Room	1	搜刮秘密房间(1) ｜ 消灭秘密房间的全部敌人(1)
角色	Recipe Fragment	1	主题的介绍

- 在任务中找到主题配方的碎片。

- 建造新主题工坊来打造主题。

- 将主题应用在最大化合并及升级后的餐厅和宿舍上。(1) ｜ 主题配方碎片(1) ｜ 你可以使用量子核子可乐来得到缺失的主题配方碎片。(1)
角色	Vault Fire	1	扑灭避难所火灾(1)
角色	Rare Card	1	至少有一张稀有或更高级的卡牌。(1)
角色	Rare Dwellers	1	给您配备一切所需，来快速开始地下生活。包括一位传奇居民、两位稀有居民、一只传奇宠物和一位巧手先生，另外还有量子核子可乐和大量避难所资源。每所避难所限购1份。(1)
角色	Facebook Friends	1	邀请您的Facebook朋友来一起玩辐射避难所，互相交换杂物吧！(1)
角色	Eiffel Tower	1	哦，埃菲尔铁塔，必须是它。多浪漫啊。前提是，你懂的……它还在的话。(1)
角色	Mole Men	1	嗯？可以把它变成武器。去打鼹鼠人。(1)
角色	Cardio Room	1	我太懒了，不想去有氧运动室。真希望我们这里有一台跑步机。(1)
角色	Knitting League	1	如果我成立一个编织队，你觉得会有人参加吗？(1)
角色	Forever Alone	1	“孤独终老”——我的自传就叫这个名。(1)
角色	Steam Overlay	1	要进入商店，请在《辐射避难所》的 Steam 属性中启用 Steam 界面（Overlay）。(1)
角色	Critical Hits	1	• 建造房间
• 升级房间
• 获得居民
• 完成任务
• 释放暴击(4) ｜ 释放暴击(1) ｜ 在合适的时间释放暴击，可以对敌方造成最大伤害。(1)
角色	Secret Clues	1	有些任务需要秘密线索才能解锁。尽可能把能找到的容器都搜刮一遍！(1)
角色	Privacy Policy	1	[365136]点击“继续”，即表示我确认 ZeniMax 将按《隐私政策》所述处理我的个人信息，并接受《服务条款》《行为准则》和《最终用户许可协议》。(1)
角色	River Styx	1	据说是一个尸鬼雇佣兵通向冥河的钥匙。(1)
角色	Virgin Eater	1	出自《野蛮人古古那》第23期“处女吞噬者的巢穴”。(1)
角色	Sentry Bots	1	大多数人不会猎捕铁卫兵。但你不是大多数人。(1)
角色	Advanced Systems	1	来自高级系统部门的最新致命技术。(1)
角色	Old West	1	像旧西部传奇一样放倒那些坏蛋。(1)
角色	Old Longfellow	1	看上去像是个古董，但别让老朗费罗听到你这么说。(1)
角色	Metal Armored	1	想在 300 码外一枪崩掉穿金属装甲的雇佣兵吗？好好享受吧。(1)
角色	Wasteland Raider	1	废土掠夺者的最爱。粗糙但实用。(1)
角色	Power Armored	1	改装后连动力装甲里的四肢都能穿透并钉住。(1)
角色	Pip Boy	1	我们是76号避难所的。呃，这是我的哔哔小子。(1)
角色	Uncle Sam	1	我们到了！政府大楼！(1) ｜ 根据坠毁现场的日志，政府把他们一直念叨的“那个东西”交给了罗伯科公司。(1)
角色	Robot Hood	1	嗯，确实！机器人有很多东西可以分享！告诉商人，机器人罗宾汉不会再找他们的麻烦了！(1) ｜ 机器人罗宾汉(1)
角色	Merry Band	1	为了我们快乐的机器人团伙！(1)
角色	Normal Human	1	与普通人类对话(1)
角色	Ultracite Fever	1	避难所科技将您分配到辐射极琉矿狂热实验中！您避难所下方的辐射极琉矿矿床将吸引一支凶残的辐尸人大军。开采辐射极琉矿以打造强大的辐射极琉矿武器，同时展示一下避难所科技的传统好客之道。别担心，在这些袭击中牺牲的居民将免费复活！祝您好运，监督者，别忘了保持微笑！(1)
角色	Season Leaderboard	1	添加好友，在赛季排行榜上比拼名次！(1)
角色	Ultracite Mines	1	建造{0}座辐射极琉矿矿场(1)
角色	Ultracite Weapon	1	避难所科技将您分配到辐射极琉矿狂热实验中！您避难所下方的辐射极琉矿矿床将吸引一支凶残的辐尸人大军。开采辐射极琉矿以打造强大的辐射极琉矿武器，同时展示一下避难所科技的传统好客之道。别担心，在这些袭击中牺牲的居民将免费复活！祝您好运，监督者，别忘了保持微笑！(1) ｜ 打造{0}件传奇辐射极琉矿武器(1) ｜ 打造1件传奇辐射极琉矿武器(1)
角色	Legendary Outfit	1	打造{0}件传奇装备(1) ｜ 传奇装备配方(1) ｜ 传奇级装备(1)
角色	Ma June's	1	什么？哦，嗯，欢迎来到玛·琼的小店。我们有莫哈维最好的衣服。(1)
角色	NEW Nuka-Cola Bottler	1	解锁所有赛季奖励：
- 全新避难所外观[-][F7C531]主题[-]
- 全新核子可乐装瓶室[-][F7C531]主题[-]
- [-][F7C531]新居民[-]及[-][F7C531]更多！[-](1)
角色	Sunset Sarsaparilla Bottler THEME	1	用通行证获取赛季最大收益。解锁高级奖励赛道，包含避难所外观主题、日落沙士装瓶厂主题、新传奇居民等更多内容。奖励可在所有避难所领取。(1)
角色	Maximus' Jacket	1	马克西姆斯的夹克(1) ｜ 将赛季通行证提升至新高度。获得普通通行证全部权益，外加以下内容：25枚赛季徽章、豪斯先生、马克西姆斯夹克、T-45d动力装甲、修身西装、专家连身服、技术人员的报复、2个宠物笼子，以及5000瓶盖。(1)
角色	Sleek Suit	1	时尚西装(1) ｜ 将赛季通行证提升至新高度。获得普通通行证全部权益，外加以下内容：25枚赛季徽章、豪斯先生、马克西姆斯夹克、T-45d动力装甲、修身西装、专家连身服、技术人员的报复、2个宠物笼子，以及5000瓶盖。(1)
角色	Expert Jumpsuit	1	专家连身衣(1) ｜ 将赛季通行证提升至新高度。获得普通通行证全部权益，外加以下内容：25枚赛季徽章、豪斯先生、马克西姆斯夹克、T-45d动力装甲、修身西装、专家连身服、技术人员的报复、2个宠物笼子，以及5000瓶盖。(1)
角色	Sunset Sarsaparilla Bottler Theme	1	赛季通行证即将到期！完成挑战或使用量子核子可乐来解锁奖励。
在高级赛道达到20级即可获得独家日落沙士装瓶厂主题，仅限本赛季。(1)
角色	Season Rewards	1	有了赛季通行证，Fallout赛季才更精彩。
立即领取你已解锁的所有赛季奖励！奖励可在所有避难所中领取。(1) ｜ 解锁所有赛季奖励：
- 全新避难所外观[-][F7C531]主题[-]
- 全新武器工厂[-][F7C531]主题[-]
- [-][F7C531]辐射极琉矿武器[-]及[-][F7C531]更多！[-](1)
角色	Incognito Leisurewear	1	低调休闲装(1) ｜ 将赛季通行证提升至新高度。获得普通通行证全部权益，外加以下内容：25枚赛季徽章、维克托（相当于巧手先生）、露西的黄色连衣裙、重型雇佣兵装备、维尔齐格的旅行服、低调休闲装、“吐铅者”旋转机枪、2个宠物笼子，以及5000瓶盖。(1)
角色	Lead Belcher	1	“吐铅者”旋转机枪(1) ｜ 将赛季通行证提升至新高度。获得普通通行证全部权益，外加以下内容：25枚赛季徽章、维克托（相当于巧手先生）、露西的黄色连衣裙、重型雇佣兵装备、维尔齐格的旅行服、低调休闲装、“吐铅者”旋转机枪、2个宠物笼子，以及5000瓶盖。(1)
角色	The Kings	1	末日前猫王《监狱摇滚》演出服的复制品，曾由新维加斯帮派“猫王帮”穿着。(1)
角色	Mine Ultracite	1	避难所科技将您分配到辐射极琉矿狂热实验中！您避难所下方的辐射极琉矿矿床将吸引一支凶残的辐尸人大军。开采辐射极琉矿以打造强大的辐射极琉矿武器，同时展示一下避难所科技的传统好客之道。别担心，在这些袭击中牺牲的居民将免费复活！祝您好运，监督者，别忘了保持微笑！(1) ｜ 开采辐射极琉矿(1) ｜ • 建造房间
• 升级房间
• 获得居民
• 在辐尸人袭击中生还
• 开采辐射极琉矿
• 打造辐射极琉矿武器(1)
角色	Sweet Peach	1	你在这儿干什么，甜桃？你不知道这地方到处都是死爪吗？(1)
角色	Town Hall	1	出席新维加斯大道的市政厅会议，讨论防御策略并争取盟友。(1) ｜ 市政厅(1) ｜ 出席新维加斯大道的市政厅会议。(1)
角色	King Impersonator School	1	能加入猫王模仿者学校我太兴奋了！你觉得他会接纳我吗？(1)
角色	I'm the King	1	啊！避难所居民！真是稀客！没错，我就是猫王。(1)
角色	Colonel Autumn	1	你真觉得你们能对抗奥特姆上校？对抗英克雷？(1)
角色	Base Icks	1	基地秘辛(1)
角色	Game Center	1	开启与 Game Center 共享排行榜数据(1)
角色	Final Rest	1	这里是“终极安息”！没有比这更好的方式来度过你的“金色”晚年了。(1)
角色	Big Nurse	1	又在我背后叫我“大护士”？(1)
角色	Fairy Queen	1	我们侍奉仙后，去把露珠洒满那绿野……(1)
角色	Hellfire Elites	1	你们的干预到此为止！你们不可能战胜地狱火精英！(1)
角色	Pet Tender	1	这个程序写着：“宠物相亲探探”(1)
角色	Lord Puffington	1	<帕夫顿爵士已断线。帕夫顿的朋友们也已断线。当前占用：0。>(1)
角色	Fission Bros	1	我们是裂变兄弟……准备好接受辐射吧！(1)
角色	Gold War	1	英克雷已经记住我了。黄金之战我们正占上风。(1)
角色	Super Mole	1	准备好被超级鼹鼠的威力碾碎吧！(1)
角色	Thermonuclear War	1	来局热核战争怎么样？(1)
角色	Golden Age	1	我们是新黄金时代的先驱，届时每个避难所居民都将融化成发光的浆液。(1)
角色	Connecting Network	1	<检测到活体生物——正在连接网络>(1)
角色	Gold Bullion	1	这是废土淘金热！找到并交易金条，让我们的伟大避难所繁荣起来。但那是谁在敲打避难所大门？据说英克雷已经解散，可现在他们正冲着我们的黄金而来。监督者，去查出谁在掌控英克雷残部，并制止他们的掠夺！(1)
角色	Enclave Remnants	1	这是废土淘金热！找到并交易金条，让我们的伟大避难所繁荣起来。但那是谁在敲打避难所大门？据说英克雷已经解散，可现在他们正冲着我们的黄金而来。监督者，去查出谁在掌控英克雷残部，并制止他们的掠夺！(1) ｜ 对付英克雷残部首领(1)
角色	Velvet Glove	1	丝绒手套里的铁拳(1)
角色	Curie Miss Nanny	1	将您的赛季通行证提升至更高等级。获得普通通行证的所有特权，外加以下内容：25枚赛季徽章、全新居里巧手小姐、全新传奇居民尼克·瓦伦坦、指挥官制服、专家实验室袍、派普的装备、复仇者加特林激光枪、2个宠物笼子和5000瓶盖。(1)
角色	Institute Courser	1	无所谓。作为学院的追猎者，我会阻止你们。(1)
角色	Courser Recall	1	利用兄弟会的天线阵列，我们能严重干扰追猎者的“召回”。(1)
角色	Friendship Code	1	<输入友谊代码>(1) ｜ 一个“友谊代码”？怀亚特给我们的代码能在这儿用吗？(1)
角色	Vault Dweller Wyatt	1	你就是怀亚特赞不绝口的那个避难所居民？(1)
角色	Scrambled Noises	1	<受干扰的杂音>(1)
角色	Power Noodles	1	我发现一盒……能量面条？听起来很有营养。(1)
