key	家族	EN	现译
Junk_Desc_AlarmClock	Junk_Desc_AlarmClock	Because Dwellers that sleep in are sent to the Wasteland.	因为爱睡懒觉的居民被派到了废土上。
Junk_Desc_BaseballGlove	Junk_Desc_BaseballGlove	Catch a baseball, rock or grenade and throw it right back.	接住一个棒球，岩石或手榴弹，然后赶紧扔回去。
Junk_Desc_BrahminHide	Junk_Desc_BrahminHide	Great for making a full-grain leather jacket. Two heads means two hoods!	用来做全粒面皮夹克再好不过。有两个头，正好做两个兜帽！
Junk_Desc_Camera	Junk_Desc_Camera	Investigate hidden truths or take Vault family portraits.	调查隐藏的真相或者拍摄避难所全家福。
Junk_Desc_ChemistrySet	Junk_Desc_ChemistrySet	Lets everyone know you're serious about doing sciency things.	让所有人都知道你对科学是认真的。
Junk_Desc_DeskFan	Junk_Desc_DeskFan	Great at keeping the Wasteland heat away. If it worked.	很擅长隔离废土的热气，如果它还能工作的话。
Junk_Desc_DuctTape	Junk_Desc_DuctTape	Keep things in place with every handyman's secret weapon.	每个修理工的秘密武器——用它把东西牢牢固定住。
Junk_Desc_GiddyupButtercup	Junk_Desc_GiddyupButtercup	Go ahead, no one's watching. Get on and take a ride.	去吧，没人看着。骑上去溜一圈吧。
Junk_Desc_Globe	Junk_Desc_Globe	Look back at the world that was. Or just spin it when you're bored.	回头看看世界本来的样子，或者在无聊的时候旋转它。
Junk_Desc_GoldWatch	Junk_Desc_GoldWatch	For when a weapon or outfit needs just a touch of bling.	有的时候武器或装备需要看起来锃亮闪光。
Junk_Desc_MagnifyingGlass	Junk_Desc_MagnifyingGlass	This ant immolator might not work as well on Radroaches.	这个除蚁器大概对辐射蟑螂不大管用。
Junk_Desc_Microscope	Junk_Desc_Microscope	Probably more useful in the Wasteland as a blunt weapon.	也许在废土探险时作为钝器使用还不错。
Junk_Desc_MilitaryCircuitBoard	Junk_Desc_MilitaryCircuitBoard	Top-of-the-line circuitry to make top-of-the-line equipment.	顶级电路成就顶级设备。
Junk_Desc_MilitaryDuctTape	Junk_Desc_MilitaryDuctTape	You could hold an aircraft carrier together with this stuff. Just ask the residents of Rivet City.	用这东西能把一艘航空母舰拼在一起，不信你可以问问铆钉城的居民。
Junk_Desc_PreWarMoney	Junk_Desc_PreWarMoney	Make it rain like it's 2077.	像2077年那样大把撒钱吧！
Junk_Desc_Shovel	Junk_Desc_Shovel	Versatile and reliable. No Dweller should be without one.	用途多还结实。人手必备。
Junk_Desc_TeddyBear	Junk_Desc_TeddyBear	Wasteland life is no picnic, so he's always ready for a warm hug.	废土的日子可不好过，所以他随时都准备好给您一个温暖的拥抱。
Junk_Desc_ToyCar	Junk_Desc_ToyCar	Brings you back to the care-free days of being a kid in the Vault.	带你回到还是小孩的时候，在避难所里无忧无虑地生活。
Junk_Desc_TriFoldFlag	Junk_Desc_TriFoldFlag	Never forget the good ol' red, white and blue.	永远不要忘记曾经美好的红白蓝三色。
Junk_Desc_Ultracite	Junk_Desc_Ultracite	Radioactive glass-like ore	放射性玻璃状矿石
Junk_Desc_Wonderglue	Junk_Desc_Wonderglue	Be careful not to glue your hands together or your eyelids shut.	小心不要将你的双手或者眼皮粘在一起。
Junk_Desc_YaoGuaiHide	Junk_Desc_YaoGuaiHide	“Don't mess with me,” your hide-made outfits will say.	“别惹我。”你的兽皮装备会这么对你说。
Junk_Desc_Yarn	Junk_Desc_Yarn	Keep cats entertained and make fabulous outfits.	让猫科动物们开心，就能做出酷炫的装备。
Junk_Name_AlarmClock	Junk	Alarm Clock	闹钟
Junk_Name_BaseballGlove	Junk	Baseball Glove	棒球手套
Junk_Name_BrahminHide	Junk	Brahmin Hide	双头牛皮
Junk_Name_Camera	Junk	Camera	相机
Junk_Name_ChemistrySet	Junk	Chemistry Flask	化学烧瓶
Junk_Name_DeskFan	Junk	Desk Fan	电风扇
Junk_Name_DuctTape	Junk	Duct Tape	胶带
Junk_Name_GiddyupButtercup	Junk	Giddyup Buttercup	奶油小马
Junk_Name_Globe	Junk	Globe	地球仪
Junk_Name_GoldWatch	Junk	Gold Watch	金表
Junk_Name_MagnifyingGlass	Junk	Magnifying Glass	放大镜
Junk_Name_Microscope	Junk	Microscope	显微镜
Junk_Name_MilitaryCircuitBoard	Junk	Military Circuit Board	军用电路板
Junk_Name_MilitaryDuctTape	Junk	Military Duct Tape	军用胶带
Junk_Name_PreWarMoney	Junk	Pre-War Money	战前使用的钱币
Junk_Name_Shovel	Junk	Shovel	铲子
Junk_Name_TeddyBear	Junk	Teddy Bear	泰迪熊
Junk_Name_ToyCar	Junk	Toy Car	玩具车
Junk_Name_TriFoldFlag	Junk	Tri-Fold Flag	三色旗
Junk_Name_Ultracite	Junk	Ultracite	辐射极琉矿
Junk_Name_Wonderglue	Junk	Wonderglue	神奇胶水
Junk_Name_YaoGuaiHide	Junk	Yao Guai Hide	妖怪熊皮
Junk_Name_Yarn	Junk	Yarn	纱线
Outfit_Name_AbrahamSpecial	Outfit	Abraham's Relaxedwear	亚伯拉罕休闲服
Outfit_Name_ActionWeddingDress	Outfit	Action Wedding Dress	末世新娘礼服
Outfit_Name_AlienSpaceSuit	Outfit	Alien Space Suit	外星宇航服
Outfit_Name_AlistairSpecial	Outfit	Tenpenny's Suit	特佩尼西装
Outfit_Name_AllNighware	Outfit	Nightwear	睡衣
Outfit_Name_AllNighware_Lucky	Outfit	Lucky Nightwear	幸运的睡衣
Outfit_Name_AllNighware_Naughty	Outfit	Naughty Nightwear	淘气的睡衣
Outfit_Name_AmataSpecial	Outfit	Amata's Jumpsuit	阿玛塔连身衣
Outfit_Name_ArgyleSweater	Outfit	Accountant Outfit	会计服
Outfit_Name_BOSCasual_Expert	Outfit	BOS Casual	兄弟会便服
Outfit_Name_BOSUniform	Outfit	BoS Uniform	钢铁兄弟会制服
Outfit_Name_BOSUniform_Advanced	Outfit	Advanced BoS Uniform	高级钢铁兄弟制服
Outfit_Name_BOSUniform_Expert	Outfit	Expert BoS Uniform	专家钢铁兄弟制服
Outfit_Name_BaseballUniform	Outfit	Baseball Uniform	棒球服
Outfit_Name_BattleArmor	Outfit	Battle Armor	战斗装甲
Outfit_Name_BattleArmor_Heavy	Outfit	Heavy Battle Armor	重型战斗装甲
Outfit_Name_BattleArmor_Sturdy	Outfit	Sturdy Battle Armor	坚固战斗装甲
Outfit_Name_Bishop	Outfit	Clergy Outfit	牧师装备
Outfit_Name_BittercupSpecial	Outfit	Bittercup's Outfit	比特卡普外套
Outfit_Name_BowlingShirt	Outfit	Drag Racer	改装赛车服
Outfit_Name_BusinessDress	Outfit	Agent Provocateur	密探服
Outfit_Name_BusinessSuit	Outfit	Business Suit	商务套装
Outfit_Name_ButchSpecial	Outfit	Tunnel Snakes' Outfit	隧道蛇外套
Outfit_Name_CaitsCorset	Outfit	Cait's Corset	凯特的紧身衣
Outfit_Name_CheckeredShirt	Outfit	Spring Casualwear	春季休闲装
Outfit_Name_ColonelSpecial	Outfit	Autumn's Uniform	奥顿的制服
Outfit_Name_CombatArmor	Outfit	Combat Armor	战斗装甲
Outfit_Name_CombatArmor_Heavy	Outfit	Heavy Combat Armor	重型战斗装甲
Outfit_Name_CombatArmor_Sturdy	Outfit	Sturdy Combat Armor	坚固战斗装甲
Outfit_Name_ComedianSpecial	Outfit	Comedian Outfit	喜剧演员服
Outfit_Name_CourserUniform	Outfit	Courser Uniform	追猎者制服
Outfit_Name_CromwellSpecial	Outfit	Confessor Cromwell's Rags	忏悔者克伦威尔的旧衣
Outfit_Name_DetectiveOutfit	Outfit	Detective Outfit	侦探套装
Outfit_Name_DooWopOutfit	Outfit	Doo-Wop Singer	杜沃普摇滚乐歌手服
Outfit_Name_DrLiSpecial	Outfit	Doctor Li's Outfit	李医生外套
Outfit_Name_ElderLyonsSpecial	Outfit	Elder Lyon's Robe	里昂长老长袍
Outfit_Name_EmpressSpecial	Outfit	Republic Robes	共和国长袍
Outfit_Name_EnclaveOfficerUniform	Outfit	Enclave Officer Uniform	英克雷军官制服
Outfit_Name_EnclavePowerArmor	Outfit	Enclave Power Armor	英克雷动力装甲
Outfit_Name_EnclaveSecurityOutfit	Outfit	Enclave Security Outfit	英克雷保安制服
Outfit_Name_EngineerSpecial	Outfit	Engineer Outfit	工程师外套
Outfit_Name_EulogyJonesSpecial	Outfit	Eulogy Jones' Suit	歌颂者琼斯套装
Outfit_Name_FarHarborSpecial	Outfit	Tattered Longcoat	破旧长袍
Outfit_Name_FlightSuit	Outfit	Flight Suit	飞行服
Outfit_Name_FlightSuit_Advanced	Outfit	Advanced Flight Suit	高级飞行服
Outfit_Name_FlightSuit_Expert	Outfit	Expert Flight Suit	专家飞行服
Outfit_Name_GamblerSuit	Outfit	Formal Wear	正装
Outfit_Name_GamblerSuit_Fancy	Outfit	Fancy Formal Wear	华丽正装
Outfit_Name_GamblerSuit_Lucky	Outfit	Lucky Formal Wear	幸运正装
Outfit_Name_GreaserSpecial	Outfit	Greaser Outfit	油头族装备
Outfit_Name_HandymanJumpsuit	Outfit	Handyman Jumpsuit	勤杂工连身衣
Outfit_Name_HandymanJumpsuit_Advanced	Outfit	Advanced Jumpsuit	先进连身衣
Outfit_Name_HandymanJumpsuit_Expert	Outfit	Expert Jumpsuit	专家连身衣
Outfit_Name_HanksPowerArmor	Outfit	Hank's Power Armor	汉克的动力装甲
Outfit_Name_HarknessSpecial	Outfit	Harkness' Security Uniform	哈克尼斯的保安制服
Outfit_Name_HazmatSuit	Outfit	Wasteland Gear	废土服
Outfit_Name_HazmatSuit_Heavy	Outfit	Heavy Wasteland Gear	重型废土服
Outfit_Name_HazmatSuit_Sturdy	Outfit	Sturdy Wasteland Gear	坚固废土服
Outfit_Name_Horseman_DeathJacket	Outfit	Death's Jacket	“死亡”夹克
Outfit_Name_Horseman_FamineVestment	Outfit	Famine's Vestment	“饥荒”外套
Outfit_Name_Horseman_PestilencePlating	Outfit	Pestilence's Plating	“瘟疫”装甲
Outfit_Name_Horseman_WarArmor	Outfit	War's Armor	“战争”护甲
Outfit_Name_HunterGear_Bounty	Outfit	Bounty Hunter Gear	赏金猎人服
Outfit_Name_HunterGear_Mutant	Outfit	Mutant Hunter Gear	变种猎人服
Outfit_Name_HunterGear_Treasure	Outfit	Treasure Hunter Gear	寻宝猎人服
Outfit_Name_Incognito	Outfit	Incognito Leisurewear	低调休闲装
Outfit_Name_InstituteJumper	Outfit	Institute Jumper	学院套头衫
Outfit_Name_InstituteJumper_Advanced	Outfit	Advanced Institute Jumper	高级学院套头衫
Outfit_Name_InstituteJumper_Expert	Outfit	Expert Institute Jumper	专家学院套头衫
Outfit_Name_JacketTshirt	Outfit	Motorcycle Jacket	摩托车夹克
Outfit_Name_JailhouseRocker	Outfit	Jailhouse Rocker	监牢摇滚客
Outfit_Name_JamesSpecial	Outfit	Dad's Lab Uniform	爸爸实验室制服
Outfit_Name_JerichoSpecial	Outfit	Jericho's Leather Armor	耶利哥的皮甲
Outfit_Name_JobinsonsJersey	Outfit	Rackie Jobinson's Jersey	罗基·杰宾森的棒球衫
Outfit_Name_KelloggsOutfit	Outfit	Kellogg's Armor	克罗格的护甲
Outfit_Name_King	Outfit	Medieval Ruler Outfit	中世纪统治者装备
Outfit_Name_KnightSpecial	Outfit	Knight Armor	骑士铠甲
Outfit_Name_LabCoat	Outfit	Lab Coat	实验室外套
Outfit_Name_LabCoat_Advanced	Outfit	Advanced Lab Coat	高级实验室外套
Outfit_Name_LabCoat_Expert	Outfit	Expert Lab Coat	专家实验室外套
Outfit_Name_LegatesArmor	Outfit	Legate's Armor	军团使者的装甲
Outfit_Name_LibrarianSpecial	Outfit	Librarian Outfit	图书馆员服
Outfit_Name_LifeguardOutfit	Outfit	Lifeguard Outfit	救生员制服
Outfit_Name_LoungeShirt	Outfit	Bowling Shirt	保龄球运动衫
Outfit_Name_LucasSpecial	Outfit	Sheriff's Duster	警长防尘服
Outfit_Name_LucysVaultSuit	Outfit	Lucy's Vault Suit	露西的避难所制服
Outfit_Name_LucysYellowDress	Outfit	Lucy's Yellow Dress	露西的黄裙子
Outfit_Name_MaJuneJacket	Outfit	Ma June Jacket	玛·琼的夹克
Outfit_Name_MaximusJacket	Outfit	Maximus' Jacket	马克西姆斯的夹克
Outfit_Name_MayorSpecial	Outfit	Mayor Outfit	市长服
Outfit_Name_MechanicJumpsuit	Outfit	Mechanic Jumpsuit	技工连身衣
Outfit_Name_MetalArmor	Outfit	Metal Armor	金属盔甲
Outfit_Name_MetalArmor_Heavy	Outfit	Heavy Metal Armor	重型金属盔甲
Outfit_Name_MetalArmor_Sturdy	Outfit	Sturdy Metal Armor	坚固金属盔甲
Outfit_Name_MilitaryJumpsuit	Outfit	Military Fatigues	军装
Outfit_Name_MilitaryJumpsuit_Commander	Outfit	Commander Fatigues	指挥官军装
Outfit_Name_MilitaryJumpsuit_Officer	Outfit	Officer Fatigues	军官服
Outfit_Name_MoiraSpecial	Outfit	Moira's RobCo Jumpsuit	莫伊拉的罗伯科连身衣
Outfit_Name_MojaveWastelandSurvivor	Outfit	Mojave Wasteland Survivor	莫哈维废土幸存者
Outfit_Name_MoldaversArmor	Outfit	Moldaver's Armor	莫尔达弗的装甲
Outfit_Name_MoviefanSpecial	Outfit	Movie Fan Outfit	电影迷服
Outfit_Name_MrBurkeSpecial	Outfit	Mr. Burke's Businesswear	伯克先生商务装
Outfit_Name_MrHousesSuit	Outfit	Mr. House's Suit	豪斯先生的西装
Outfit_Name_NCRPowerArmor	Outfit	NCR Power Armor	NCR动力装甲
Outfit_Name_NCR_Ranger	Outfit	NCR Ranger Outfit	新加州共和国游骑兵制服
Outfit_Name_NinjaSuit	Outfit	Ninja Outfit	忍者装
Outfit_Name_OrionsExplorerGear	Outfit	Orion's Explorer Gear	奥赖恩的探险家服装
Outfit_Name_OverseerClaffJumpsuit	Outfit	Pioneer Overseer Suit	先驱监督者连体服
Outfit_Name_PaladinDansesPowerArmor	Outfit	Paladin Danse's Power Armor	圣骑士丹斯的动力装甲
Outfit_Name_PaladinDansesPowerArmorWithHelmet	Outfit	Paladin Danse's Power Armor	圣骑士丹斯的动力装甲
Outfit_Name_PaladinJacket	Outfit	BoS Paladin Jacket	兄弟会圣骑士夹克
Outfit_Name_PiperSpecial	Outfit	Piper's Outfit	派普装备
Outfit_Name_PolkaDotDress	Outfit	Polka Dot Sundress	圆点花纹背心裙
Outfit_Name_PowerArmor	Outfit	T-45a Power Armor	t-45a动力装甲
Outfit_Name_PowerArmor_51a	Outfit	T-51a Power Armor	t-51a动力装甲
Outfit_Name_PowerArmor_51d	Outfit	T-51d Power Armor	t-51d动力装甲
Outfit_Name_PowerArmor_51f	Outfit	T-51f Power Armor	t-51f动力装甲
Outfit_Name_PowerArmor_MkI	Outfit	X-01 Mk I Power Armor	x-01 MK I 动力装甲
Outfit_Name_PowerArmor_MkIV	Outfit	X-01 Mk IV Power Armor	x-01 MK IV动力装甲
Outfit_Name_PowerArmor_MkVI	Outfit	X-01 Mk VI Power Armor	x-01 Mk VI动力装甲
Outfit_Name_PowerArmor_T45d	Outfit	T-45d Power Armor	t-45d动力装甲
Outfit_Name_PowerArmor_T45f	Outfit	T-45f Power Armor	t-45f动力装甲
Outfit_Name_PowerArmor_T60a	Outfit	T-60a Power Armor	t-60a动力装甲
Outfit_Name_PowerArmor_T60d	Outfit	T-60d Power Armor	t-60d动力装甲
Outfit_Name_PowerArmor_T60f	Outfit	T-60f Power Armor	T-60f动力装甲
Outfit_Name_PrestonSpecial	Outfit	Minuteman Uniform	义勇军民兵制服
Outfit_Name_PrewarCowboy	Outfit	Prewar Cowboy Costume	战前牛仔装
Outfit_Name_PrinceSpecial	Outfit	Nobility Outfit	贵族服
Outfit_Name_ProfessorSpecial	Outfit	Professor Outfit	教授服
Outfit_Name_RadiationSuit	Outfit	Radiation Suit	防辐射服
Outfit_Name_RadiationSuit_Advanced	Outfit	Advanced Radiation Suit	高级防辐射服
Outfit_Name_RadiationSuit_Expert	Outfit	Expert Radiation Suit	专家防辐射服
Outfit_Name_RaiderArmor	Outfit	Raider Armor	掠夺者装甲
Outfit_Name_RaiderArmor_Heavy	Outfit	Heavy Raider Armor	重型掠夺者装甲
Outfit_Name_RaiderArmor_Sturdy	Outfit	Sturdy Raider Armor	坚固掠夺者装甲
Outfit_Name_RegsDirtyBlackSuit	Outfit	Regs' Dirty Black Suit	雷格斯的肮脏黑西装
Outfit_Name_RiotGear	Outfit	Merc Gear	雇佣兵服
Outfit_Name_RiotGear_Heavy	Outfit	Heavy Merc Gear	重型雇佣兵服
Outfit_Name_RiotGear_Sturdy	Outfit	Sturdy Merc Gear	坚固雇佣兵服
Outfit_Name_RobCoFactoryUniform	Outfit	RobCo Factory Uniform	罗伯科公司厂服
Outfit_Name_RobCoRdSuit	Outfit	RobCo R&D Suit	罗伯科公司研发服
Outfit_Name_RobotArmor	Outfit	Robot Armor	机器人装甲
Outfit_Name_RothchildSpecial	Outfit	Scribe Rothchild's Robe	罗瑟查尔德学士长袍
Outfit_Name_RottedDuster	Outfit	The Ghoul's Coat	尸鬼大衣
Outfit_Name_SantaSuit_Original	Outfit	Original Santa Suit	原版圣诞老人服
Outfit_Name_SarahSpecial	Outfit	Lyon's Pride Armor	里昂的骄傲盔甲
Outfit_Name_ScarredPowerArmor_Expert	Outfit	Scarred Power Armor	伤痕累累的动力装甲
Outfit_Name_ScientistScrubs	Outfit	Junior Officer Uniform	初级军官制服
Outfit_Name_ScientistScrubs_Commander	Outfit	Commander Uniform	指挥官制服
Outfit_Name_ScientistScrubs_Officer	Outfit	Officer Uniform	军官制服
Outfit_Name_ScifiSpecial	Outfit	Sci-Fi Fan Outfit	科幻迷装备
Outfit_Name_Scorched	Outfit	Scorched	辐尸人
Outfit_Name_ScorchedHeavy	Outfit	Scorched	辐尸人
Outfit_Name_ScribeRobe	Outfit	Scribe Robe	学士长袍
Outfit_Name_ScribeRobe_Elder	Outfit	Elder Robe	长老长袍
Outfit_Name_ScribeRobe_Initiate	Outfit	Initiate Robe	入门者长袍
Outfit_Name_SequinDress	Outfit	Vault Socialite	避难所名流装
Outfit_Name_SlasherSpecial	Outfit	Horror Fan Outfit	恐怖电影迷装备
Outfit_Name_SleazySuit	Outfit	Sleazy Suit	油腻西装
Outfit_Name_SleekSuit	Outfit	Sleek Suit	时尚西装
Outfit_Name_SodaFountainDress	Outfit	Soda Fountain Dress	冷饮柜台裙
Outfit_Name_SoldierSpecial	Outfit	Soldier Uniform	士兵制服
Outfit_Name_SpecialThemeHalloween	Outfit	Ghost Costume	鬼服
Outfit_Name_SpecialThemeHalloween2	Outfit	Skeleton Costume	骷髅服
Outfit_Name_SpecialThemeThanksGiving	Outfit	Pilgrim Outfit	朝圣者服
Outfit_Name_SpecialThemeXmas	Outfit	Santa Suit	圣诞老人服
Outfit_Name_SpecialThemeXmas2	Outfit	Elf Outfit	精灵装
Outfit_Name_SportsfanSpecial	Outfit	Sports Fan Outfit	体育迷装备
Outfit_Name_StarPaladinSpecial	Outfit	Cross' Power Armor	克罗丝动力装甲
Outfit_Name_SurgeonSpecial	Outfit	Surgeon Outfit	外科医生服
Outfit_Name_SurvivorSpecial	Outfit	Survivor Armor	幸存者盔甲
Outfit_Name_Suspenders	Outfit	Bespoke Attire	高级定制服装
Outfit_Name_SweaterVest	Outfit	Pre-War Suburbanite	战前郊区居民服
Outfit_Name_Swimsuit	Outfit	Swimsuit	泳装
Outfit_Name_SwingDress	Outfit	Swing Dress	摇摆舞裙
Outfit_Name_SynthArmor	Outfit	Synth Armor	合成人装甲
Outfit_Name_SynthArmor_Heavy	Outfit	Heavy Synth Armor	重型合成人装甲
Outfit_Name_SynthArmor_Sturdy	Outfit	Sturdy Synth Armor	坚固合成人装甲
Outfit_Name_Threedog	Outfit	Three Dog's Outfit	三狗装备
Outfit_Name_TiedBlouse	Outfit	Country Girl	乡村女孩装
Outfit_Name_UtilityJumpsuit	Outfit	Armored Vault Suit	避难所装甲套装
Outfit_Name_UtilityJumpsuit_Heavy	Outfit	Heavy Vault Suit	重型避难所套装
Outfit_Name_UtilityJumpsuit_Sturdy	Outfit	Sturdy Vault Suit	坚固避难所套装
Outfit_Name_ValentinesTrenchCoat	Outfit	Valentine's Trench Coat	瓦伦坦的风衣
Outfit_Name_Vault33Suit	Outfit	Vault 33 Suit	33号避难所制服
Outfit_Name_VaultSecurityOutfit	Outfit	Vault Security Outfit	避难所保安制服
Outfit_Name_Vest	Outfit	Post-War Casanova	战后花花公子装
Outfit_Name_WaitressUniform	Outfit	Waitress Uniform	女服务员制服
Outfit_Name_WandererArmor	Outfit	Leather Armor	皮甲
Outfit_Name_WandererArmor_Heavy	Outfit	Heavy Leather Armor	重型皮甲
Outfit_Name_WandererArmor_Sturdy	Outfit	Sturdy Leather Armor	坚固皮甲
Outfit_Name_Wasteland_Doctor	Outfit	Wasteland Doctor	废土医师服
Outfit_Name_Wasteland_Medic	Outfit	Wasteland Medic	废土卫生员服
Outfit_Name_Wasteland_Surgeon	Outfit	Wasteland Surgeon	废土外科医师服
Outfit_Name_WeddingDress	Outfit	Wedding Dress	婚纱
Outfit_Name_WilzigsTravelwear	Outfit	Wilzig's Travelwear	威尔齐格的旅行服
Outfit_Name_WorkDress	Outfit	Rural Schoolmarm	乡村女教师服
Outfit_Name_WrestlerSpecial	Outfit	Wrestler Outfit	摔跤手服
Outfit_Name_ZekesJacketAndJeans	Outfit	Zeke's Jacket and Jeans	齐克的夹克和牛仔裤
Outfit_Name_costume_01	Outfit	Casual01	休闲服01
Outfit_Name_costume_02	Outfit	Casual02	休闲服02
Outfit_Name_costume_03	Outfit	Casual03	休闲服03
Outfit_Name_costume_04	Outfit	Casual04	休闲服04
Outfit_Name_costume_05	Outfit	Casual05	休闲服05
Outfit_Name_costume_06	Outfit	Casual06	休闲服06
Outfit_Name_costume_07	Outfit	Casual07	休闲服07
Outfit_Name_costume_08	Outfit	Casual08	休闲服08
Outfit_Name_costume_09	Outfit	Casual09	休闲服09
Outfit_Name_costume_10	Outfit	Casual10	休闲服10
Outfit_Name_jump	Outfit	Vault Suit	避难所套装
Pet_Abyssinian	Pet_Abyssinian	Abyssinian	阿比西尼亚猫
Pet_Akita	Pet_Akita	Akita	秋田犬
Pet_AmericanShorthair	Pet_AmericanShorthair	American Shorthair	美国短毛猫
Pet_AustralianShepherd	Pet_AustralianShepherd	Australian Shepherd	澳大利亚牧羊犬
Pet_BlackLab	Pet_BlackLab	Black Lab	黑拉布拉多犬
Pet_Bloodhound	Pet_Bloodhound	Bloodhound	寻血猎犬
Pet_BlueYellowMacaw	Pet_BlueYellowMacaw	Vault-Tec Parrot	避难所科技鹦鹉
Pet_Bombay	Pet_Bombay	Bombay	孟买猫
Pet_Boxer	Pet_Boxer	Boxer	拳师狗
Pet_BritishShorthair	Pet_BritishShorthair	British Shorthair	英国短毛猫
Pet_Brittany	Pet_Brittany	Brittany	布列塔尼犬
Pet_Burmilla	Pet_Burmilla	Burmilla	波米拉猫
Pet_Carrier_PopUp_Btn1	Pet_Carrier_PopUp_Btn1	CLAIM	领取
Pet_Carrier_PopUp_Btn2	Pet_Carrier_PopUp_Btn2	NOT IN THIS VAULT	不在这个避难所
Pet_Carrier_PopUp_Footnote	Pet_Carrier_PopUp_Footnote	*FUR NOT GUARANTEED.	*不保证一定有毛。
Pet_Carrier_PopUp_Main	Pet_Carrier_PopUp_Main	HERE'S A PET CARRIER TO GET YOUR PET COLLECTION STARTED! OPEN IT TO WELCOME A FURRY* FRIEND TO YOUR VAULT.	这里有一个宠物笼子来开始您的宠物收集之旅！打开它，欢迎一个毛茸茸*的小伙伴加入避难所吧！
Pet_Carrier_PopUp_Title	Pet_Carrier_PopUp_Title	FREE PET CARRIER	免费的宠物笼子
Pet_CattleDog	Pet_CattleDog	Cattle Dog	牧牛犬
Pet_Collie	Pet_Collie	Collie	柯利牧羊犬
Pet_Dalmatian	Pet_Dalmatian	Dalmatian	达尔马提亚犬
Pet_DefaultFloatingDrone	Pet_DefaultFloatingDrone	Alien Drone	外星无人机
Pet_DefaultRollerbrain	Pet_DefaultRollerbrain	Rollerbrain	移动大脑
Pet_Description_Alien_b	Pet_Description_Alien_b	Moving a few wires around has made you a friend for life!	移动几条电线就能让你获得一个终身的朋友！
Pet_Description_abyssinian_b	Pet_Description_abyssinian_b	The epitome of the sleek, slim, feline form.	线条流畅、身形苗条，是猫科体态的典范。
Pet_Description_abyssinian_l	Pet_Description_abyssinian_l	Intelligence, elegance... excellence.	智慧，优雅……卓越。
Pet_Description_akita_b	Pet_Description_akita_b	Loves children. Other dogs, not so much.	喜欢小孩。对同类可就没那么热情了。
Pet_Description_akita_l	Pet_Description_akita_l	Likes to think he's in charge. You'll need to teach him otherwise.	喜欢自认为是老大，你得让它明白谁才是主人。
Pet_Description_akita_l2	Pet_Description_akita_l2	Such dwelling. Very Vault. Wow.	这样的住处。很有避难所的风格。哇哦。
Pet_Description_american_b	Pet_Description_american_b	Cats? Extinct? Just try getting rid of these babies.	猫？灭绝了？你倒试试看能不能摆脱这群小家伙。
Pet_Description_american_l	Pet_Description_american_l	A shining example of American breeding.	美国育种的一个光辉典范。
Pet_Description_australianshepherd_b	Pet_Description_australianshepherd_b	There isn't a ball he can't catch.	没有一个球是它接不到的。
Pet_Description_australianshepherd_l	Pet_Description_australianshepherd_l	Gets restless without exercise. “Restless” meaning he'll eat your shoes.	会因为没有锻炼而觉得不安。不安意味着它会吃掉你的鞋子。
Pet_Description_blacklab_b	Pet_Description_blacklab_b	Splashing on a beach or curled up at your feet... the quintessential pet pooch.	在沙滩上玩水或蜷在你的脚下……典型的宠物狗。
Pet_Description_blacklab_l	Pet_Description_blacklab_l	Raised by children, loved by all. Used to living underground.	由孩子们养大，人人都疼它。早就习惯了在地下生活。
Pet_Description_bloodhound_b	Pet_Description_bloodhound_b	The best tracker in the Commonwealth.	联邦里最好的追踪犬。
Pet_Description_bloodhound_l	Pet_Description_bloodhound_l	Smell that? No? He can!	闻到了吗？没有？它闻得到！
Pet_Description_bloodhound_l2	Pet_Description_bloodhound_l2	Someone missing? He's on the case!	有人失踪了？它可以帮忙！
Pet_Description_bloodhound_l3	Pet_Description_bloodhound_l3	The scourge of Mole rats and Radstags everywhere.	它是各地鼹鼠和辐射鹿的灾星。
Pet_Description_blueyellowmacaw_b	Pet_Description_blueyellowmacaw_b	Genetically engineered by Vault-Tec to fulfill your pirate fantasies.	避难所科技的基因工程，满足你的海盗幻想。
Pet_Description_blueyellowmacaw_l	Pet_Description_blueyellowmacaw_l	When it comes to birds made in a lab, he's the best of the nest!	在实验室研发的鸟儿当中，它可是数一数二的！
Pet_Description_blueyellowmacaw_l2	Pet_Description_blueyellowmacaw_l2	This big house bird doesn't eat crackers – he IS Crackers.	这只大房子的鸟不吃饼干，它就叫“饼干”。
Pet_Description_blueyellowmacaw_l3	Pet_Description_blueyellowmacaw_l3	When it comes to speech, he's up for the challenge.	要论学人说话，它可从不怯场。
Pet_Description_bombay_b	Pet_Description_bombay_b	That bad luck myth is ssoooo blown out of proportion.	招厄运那说法也太夸张了吧。
Pet_Description_bombay_l	Pet_Description_bombay_l	Who stole your sweet roll? One guess.	谁偷了你的甜面包？只能猜一次。
Pet_Description_boxer_b	Pet_Description_boxer_b	Playful, good with kids, capable of ripping a Raider's arm off. Yeah.	爱玩，对孩子也友善，还能一把拧下掠夺者的胳膊。没错，就是这样。
Pet_Description_boxer_l	Pet_Description_boxer_l	He can survive in the Wasteland, but is only truly alive by your side.	它可以在废土上生存，但只有在你的身边才算真正的活着。
Pet_Description_british_b	Pet_Description_british_b	All knowing, all seeing. Just ask Alice.	什么都知道，什么都在看。问爱丽丝就知道了。
Pet_Description_british_l	Pet_Description_british_l	An indoor cat with Wasteland proclivities. Keep that Vault door shut.	一个有废土倾向的室内猫。请确保避难所的门关好了。
Pet_Description_brittany_b	Pet_Description_brittany_b	Fast and rugged, he ain't nothin' but a bird dog.	一只猎鸟狗，跑得快，长得壮。
Pet_Description_brittany_l	Pet_Description_brittany_l	Quiet yet commanding, with a legendary ability to inspire.	安静而威严，具有振奋人心的神奇能力。
Pet_Description_burmilla_b	Pet_Description_burmilla_b	This pretty kitty cheers up even the gloomiest Vault Dweller.	这只漂亮的小猫咪甚至能让避难所最悲观的居民振作起来。
Pet_Description_burmilla_l	Pet_Description_burmilla_l	Little miss purr-fect.	真是只秀美的小猫咪。
Pet_Description_burmilla_l2	Pet_Description_burmilla_l2	He scratches you because he loves you. Honest.	说真的，它挠你是因为它爱你。
Pet_Description_cattledog_b	Pet_Description_cattledog_b	Children. Brahmin. Deathclaws. She can herd them all.	儿童。双头牛。死爪。它全都能放牧。
Pet_Description_cattledog_l	Pet_Description_cattledog_l	Loves to pal around with Abe Lincoln. Or what's left of him.	它喜欢和亚伯拉罕·林肯做伴——或者说，林肯剩下的部分。
Pet_Description_collie_b	Pet_Description_collie_b	Trapped in a well? She'll get help!	困在了井里？它会去搬救兵！
Pet_Description_collie_l	Pet_Description_collie_l	A coat so soft, you'll want to pet her forever.	一身如此柔软的皮毛，你会想一直抚摸它。
Pet_Description_cx404_l	Pet_Description_cx404_l	A highly trained ex-Enclave operative specializing in snoofs and borks.	一个训练有素的前英克雷特工，专精嗅嗅和汪汪叫。
Pet_Description_cyberdog_l	Pet_Description_cyberdog_l	Cybernetically enhanced to be man's bestest friend.	经过赛博强化，成为人类最忠实的朋友。
Pet_Description_dalmatian_b	Pet_Description_dalmatian_b	Rumors of huge litters are greatly exaggerated.	一胎生一大窝的传言被严重夸大了。
Pet_Description_dalmatian_l	Pet_Description_dalmatian_l	He may not be able to put out a fire, but he can offer moral support.	它也许不能扑灭火灾，但它能提供精神支持。
Pet_Description_dalmatian_l2	Pet_Description_dalmatian_l2	If your Vault catches on fire - and it will - he's your charm.	要是避难所着了火——迟早的事——它就是你的护身符。
Pet_Description_doberman_b	Pet_Description_doberman_b	Aggressive? Sure. Loyal and loving? You'd better believe it.	有攻击性？当然。又忠诚又亲人？那还用说。
Pet_Description_doberman_l	Pet_Description_doberman_l	Daring and dangerous, but oh so adorable.	大胆且危险，但……真是太可爱了。
Pet_Description_englishmastiff_b	Pet_Description_englishmastiff_b	Don't let his size fool you - he's a softie at heart.	不要被它的大个头给欺骗了——它内心是个小可爱。
Pet_Description_englishmastiff_l	Pet_Description_englishmastiff_l	We're gonna need a bigger dog bed...	我们需要一个更大的狗床……
Pet_Description_germanpointer_b	Pet_Description_germanpointer_b	The classic hunting dog. Now adjusting nicely to subterranean life.	经典的狩猎犬。现在很好地适应了地下生活。
Pet_Description_germanpointer_l	Pet_Description_germanpointer_l	His hunting days are over, but this dog never ducks his duties.	它打猎的日子已经结束了，但这只狗从来没有忘记它的职责。
Pet_Description_germanpointer_l2	Pet_Description_germanpointer_l2	Has a nose for chocolate treats, but don't let him eat any.	有着能找到任何巧克力的灵敏嗅觉，但千万不要让它吃任何巧克力。
Pet_Description_germanshepherd_b	Pet_Description_germanshepherd_b	The word “classic” barely does him justice.	“经典”一词都不足以形容它。
Pet_Description_germanshepherd_l	Pet_Description_germanshepherd_l	From the Den to Diamond City, the true legend of the Wastes.	从丹恩城到钻石城，真正的废土传说。
Pet_Description_goldenret_b	Pet_Description_goldenret_b	Happy. Bouncy. Yellow.	快乐。蹦跶。金黄。
Pet_Description_goldenret_l	Pet_Description_goldenret_l	Has been known to play fetch... with five balls at once.	据说它能一次接住五个球。
Pet_Description_greyhound_b	Pet_Description_greyhound_b	Fastest canine in the Wastes.	废土世界最快的犬科动物。
Pet_Description_greyhound_l	Pet_Description_greyhound_l	Don't bet against him in a race.	一场比赛里要是不赌它赢，你肯定要输钱。
Pet_Description_havanabrown_b	Pet_Description_havanabrown_b	Get used to saying “How did you get up there?”	你会习惯常常问它：“你是怎么爬上去的？”
Pet_Description_havanabrown_l	Pet_Description_havanabrown_l	Curls up on your lap and casts a sleeping spell on you.	蜷缩在你的腿上，并向你施了催眠咒。
Pet_Description_husky_b	Pet_Description_husky_b	She's equally adept at pulling a sled... and your heartstrings.	它擅长拉动雪橇……和你的心弦。
Pet_Description_husky_l	Pet_Description_husky_l	He served our troops in Anchorage. Now he proudly serves the Vault.	它曾在安克雷奇为我们的军队服务。现在它自豪地为避难所服务。
Pet_Description_laperm_b	Pet_Description_laperm_b	Loves keeping humans as pets.	就爱把人类当宠物养。
Pet_Description_laperm_l	Pet_Description_laperm_l	Thinks mice were created for his own personal amusement.	认为老鼠是为了供它玩耍而被创造的。
Pet_Description_laperm_l2	Pet_Description_laperm_l2	Looks like he's fresh out of the dryer.	看起来像是刚从烘干机中出来。
Pet_Description_laperm_l3	Pet_Description_laperm_l3	A fancy coat, and the attitude to match.	它一身华丽的皮毛，还有与之相配的傲气。
Pet_Description_lykoi_b	Pet_Description_lykoi_b	Those ears can hear you serving cat food from a mile away.	那些耳朵能听到你在一英里外喂猫食。
Pet_Description_lykoi_l	Pet_Description_lykoi_l	Strikes silently... at least where your toes are concerned.	默默地攻击……至少在你的脚趾那里。
Pet_Description_mainecoon_b	Pet_Description_mainecoon_b	Only looks like a wild child. He's as calm and cuddly as they come.	只是看起来像一个野孩子。它其实文静又可爱。
Pet_Description_mainecoon_l	Pet_Description_mainecoon_l	He misses the great outdoors. But not much.	它怀恋美好的户外活动。但没有那么想。
Pet_Description_manx_b	Pet_Description_manx_b	Your best friend, as long as you have tuna.	只要你有金枪鱼，它就是你最好的朋友。
Pet_Description_manx_l	Pet_Description_manx_l	To nap, or not to nap: that is the question.	小睡一会，还是不睡：这是一个问题。
Pet_Description_manx_l2	Pet_Description_manx_l2	Runs in circles endlessly. Chasing what? Exactly.	无休止地转圈圈。到底在追着什么？真是搞不懂。
Pet_Description_manx_l3	Pet_Description_manx_l3	Don't mention his tail, don't mention his tail...	别提它的尾巴，别提它的尾巴……
Pet_Description_militarymacaw_b	Pet_Description_militarymacaw_b	Can sing America the Beautiful... or swear at the Overseer.	能唱《美丽的美利坚》……也能咒骂监督者。
Pet_Description_militarymacaw_l	Pet_Description_militarymacaw_l	Loyal but hungry. Wants a cracker, but Sugar Bombs will do in a pinch.	忠诚但总是觉得饿。想要一块饼干，但关键时候糖衣炸弹麦片也行。
Pet_Description_militarymacaw_l2	Pet_Description_militarymacaw_l2	Knows 200 words, but will only say “Tunnel Snakes Rule!”	知道200个词，却只会说“隧道蛇统治一切！”
Pet_Description_ocicat_b	Pet_Description_ocicat_b	The closest you'll get to an ocelot. Revolver not included.	你最多能得到一只虎猫。可别想还会有什么左轮手枪。
Pet_Description_ocicat_l	Pet_Description_ocicat_l	He's got more spots than sense, but you'll love him all the same.	它身上的斑点比脑子还多，但你还是会一样喜欢它。
Pet_Description_pallascat_b	Pet_Description_pallascat_b	Rumor has it there's a cat somewhere under all that fur.	有传言说，那一大堆毛底下藏着一只猫。
Pet_Description_pallascat_l	Pet_Description_pallascat_l	Frequently mistaken for a feather duster.	经常被误认为是一个鸡毛掸子。
Pet_Description_persian_b	Pet_Description_persian_b	Long hair, round face, maximum cuddle factor.	长长的毛发，圆圆的脸蛋，带给你最暖的抱抱。
Pet_Description_persian_l	Pet_Description_persian_l	The first cat to enter space. The last to leave your heart.	第一只进入太空的猫，也是最后一只离开你心里的猫。
Pet_Description_persian_l_2	Pet_Description_persian_l_2	Queen of the Wasteland.	废土皇后。
Pet_Description_pitbullterrier_b	Pet_Description_pitbullterrier_b	Your stop for effective canine security.	满足你犬类安保需求的首选。
Pet_Description_pitbullterrier_l	Pet_Description_pitbullterrier_l	Don't let the bad rap fool you - he's as loyal as can be.	别被它的坏名声骗了——它忠诚无比。
Pet_Description_pitbullterrier_l2	Pet_Description_pitbullterrier_l2	Underneath all those muscles, there's a big heart.	在这些健壮的肌肉下面，有一颗宽厚的心。
Pet_Description_pitbullterrier_l3	Pet_Description_pitbullterrier_l3	Your Vault couldn't ask for a better guard dog.	你的避难所不可能再找到比它更好的看门狗了。
Pet_Description_poodle_b	Pet_Description_poodle_b	Don't misjudge this fancy pants – he's smart, sweet and strong.	别被这身花哨行头骗了——它聪明、乖巧又强壮。
Pet_Description_poodle_l	Pet_Description_poodle_l	Wanted a mohawk. Got... this. He's a hero on the inside.	想要一个莫霍克。得到了……这个。它内心是一个英雄。
Pet_Description_rollerbrain_b	Pet_Description_rollerbrain_b	A friend's preserved mind, mundane tidiness its key anchor to sanity.	保存着朋友的大脑，日常的整洁是它维系理智的关键。
Pet_Description_rottweiler_b	Pet_Description_rottweiler_b	Big and bad, but devoted and obedient. He's a friend for life.	它个头大又不好惹，却忠心又听话，会是你一辈子的朋友。
Pet_Description_rottweiler_l	Pet_Description_rottweiler_l	Benign soul in a brawny bod. She's love and loyalty exemplified.	一个强壮的身体里住着善良的灵魂。它是爱和忠诚的典范。
Pet_Description_scarletmacaw_b	Pet_Description_scarletmacaw_b	Avast, matey! He'll keep you company while you're swabbing the poop deck.	且慢，兄弟！在你擦拭甲板的时候它会一直陪伴你。
Pet_Description_scarletmacaw_l	Pet_Description_scarletmacaw_l	He'll happily sit on your shoulder. Angel, devil... or both.	它会高兴地坐在你肩膀上。是天使，还是恶魔……或两者都是。
Pet_Description_scottishfold_b	Pet_Description_scottishfold_b	Look, sometimes my ears fold back. Let's not make it a thing.	看，我的耳朵也会向后折叠。这不算什么。
Pet_Description_scottishfold_l	Pet_Description_scottishfold_l	A happy-go-lucky little gal, but a tad sensitive about her ears.	一个无忧无虑的小伙伴，就是耳朵有点敏感。
Pet_Description_siamese_b	Pet_Description_siamese_b	Not stuck up... just better than you.	不算傲慢……只是比你优秀罢了。
Pet_Description_siamese_l	Pet_Description_siamese_l	The prettiest, most patient princess on the planet.	地球上最美最有耐心的小公主。
Pet_Description_somali_b	Pet_Description_somali_b	Wants to be outside when in, and come inside when out.	在外面的时候想进去，在里面的时候又想出去。
Pet_Description_somali_l	Pet_Description_somali_l	Your own little four-legged starlet.	属于你自己的四条腿小明星。
Pet_Description_sphynx_b	Pet_Description_sphynx_b	Because who wouldn't want a hairless cat?! Right?!	你以为谁不想要一只无毛猫吗？！有谁吗？！
Pet_Description_sphynx_l	Pet_Description_sphynx_l	Thinks she's a goddess. May not be wrong.	它认为自己是女神。也许它并没有错。
Pet_Description_stbernard_b	Pet_Description_stbernard_b	If you're ever lost in the Alpine, expect him to come running.	要在阿尔卑斯山上迷了路，就等着它飞奔来找你吧。
Pet_Description_stbernard_l	Pet_Description_stbernard_l	Cask of Nuka-Cola not included.	不包括木桶装的核子可乐。
Pet_Description_toyger_b	Pet_Description_toyger_b	A lot safer than the full-sized version.	比完整版的更安全。
Pet_Description_toyger_l	Pet_Description_toyger_l	Not nearly as fierce as he looks.	一点都不像看上去那么凶。
Pet_Description_turkishvan_b	Pet_Description_turkishvan_b	Thinks every day is Caturday.	认为天天都是爱猫日。
Pet_Description_turkishvan_l	Pet_Description_turkishvan_l	A true aristocrat.	一个真正的贵族。
Pet_Description_turkishvan_l2	Pet_Description_turkishvan_l2	Struggling with a catnip addiction, but still adorable.	容易对猫薄荷上瘾。但还是很可爱。
Pet_Doberman	Pet_Doberman	Doberman	杜宾犬
Pet_EnglishMastiff	Pet_EnglishMastiff	English Mastiff	英国獒犬
Pet_GermanPointer	Pet_GermanPointer	German Pointer	德国指示犬
Pet_GermanShepherd	Pet_GermanShepherd	German Shepherd	德国牧羊犬
Pet_GoldenRetriever	Pet_GoldenRetriever	Golden Retriever	金毛猎犬
Pet_Greyhound	Pet_Greyhound	Greyhound	灰狗
Pet_HavanaBrown	Pet_HavanaBrown	Havana Brown	哈瓦那猫
Pet_Husky	Pet_Husky	Husky	哈士奇
Pet_LaPerm	Pet_LaPerm	LaPerm	拉邦猫
Pet_Lykoi	Pet_Lykoi	Lykoi	狼猫
Pet_MaineCoon	Pet_MaineCoon	Maine Coon	缅因猫
Pet_Manx	Pet_Manx	Manx	曼岛无尾猫
Pet_MilitaryMacaw	Pet_MilitaryMacaw	Trained Parrot	训练有素的鹦鹉
Pet_Ocicat	Pet_Ocicat	Ocicat	欧西猫
Pet_PallasCat	Pet_PallasCat	Pallas's Cat	帕拉斯猫
Pet_Persian	Pet_Persian	Persian	波斯猫
Pet_PitBullTerrier	Pet_PitBullTerrier	Pit Bull Terrier	斗牛犬
Pet_Poodle	Pet_Poodle	Poodle	贵宾犬
Pet_Rollerbrain	Pet_Rollerbrain	Rollerbrain	移动大脑
Pet_Rottweiler	Pet_Rottweiler	Rottweiler	罗特韦尔犬
Pet_ScarletMacaw	Pet_ScarletMacaw	Pirate Parrot	海盗鹦鹉
Pet_ScottishFold	Pet_ScottishFold	Scottish Fold	苏格兰折耳猫
Pet_Siamese	Pet_Siamese	Siamese	暹罗猫
Pet_Somali	Pet_Somali	Somali	索马里猫
Pet_Sphynx	Pet_Sphynx	Sphynx	加拿大无毛猫
Pet_StBernard	Pet_StBernard	St. Bernard	圣伯纳犬
Pet_Toyger	Pet_Toyger	Toyger	虎皮猫
Pet_TurkishVan	Pet_TurkishVan	Turkish Van	土耳其梵猫
Pet_YoungBlackBrahmin	Pet_YoungBlackBrahmin	Young Black Brahmin	年轻的黑色双头牛
Pet_YoungBrownBrahmin	Pet_YoungBrownBrahmin	Young Brown Brahmin	年轻的褐色双头牛
Pet_YoungWhiteBrahmin	Pet_YoungWhiteBrahmin	Young White Brahmin	年轻的白色双头牛
QuestLoc_12PointBuck_QuestName	QuestLoc_12PointBuck	12-Point Buck	成精的死爪
QuestLoc_ACryforHelp_QuestName	QuestLoc_ACryforHelp	A Cry for Help	大声呼救
QuestLoc_ADeliciousTrailofDanger_QuestName	QuestLoc_ADeliciousTrailofDanger	A Delicious Trail of Danger!	美味的危险踪迹！
QuestLoc_AGatheringofGhouls_QuestName	QuestLoc_AGatheringofGhouls	A Gathering of Ghouls	一群尸鬼
QuestLoc_ALaborofLove_QuestName	QuestLoc_ALaborofLove	A Labor of Love	爱的劳动
QuestLoc_AMaptotheStars_QuestName	QuestLoc_AMaptotheStars	A Map to the Stars	成名之路
QuestLoc_ANiceGhoulLikeYou_QuestName	QuestLoc_ANiceGhoulLikeYou	A Nice Ghoul Like You	像你这样的好尸鬼
QuestLoc_APaleImitation_QuestName	QuestLoc_APaleImitation	A Pale Imitation	拙劣的模仿
QuestLoc_APoorlyThoughtOutPlan_QuestName	QuestLoc_APoorlyThoughtOutPlan	A Poorly Thought-Out Plan	一个欠考虑的计划
QuestLoc_ARefreshingRescue_QuestName	QuestLoc_ARefreshingRescue	A Refreshing Rescue	令人振奋的救援行动
QuestLoc_ASettlerNeedsYourHelp_QuestName	QuestLoc_ASettlerNeedsYourHelp	A Settler Needs Your Help	有人需要你的帮助
QuestLoc_ASettlerNeedsYourHelp_QuestlineName	QuestLoc_ASettlerNeedsYourHelp	A Settler Needs Your Help	有人需要你的帮助
QuestLoc_ASpecialBrand_QuestName	QuestLoc_ASpecialBrand	A Special Brand	一个特殊的烙印
QuestLoc_AThirstforAdventure_QuestName	QuestLoc_AThirstforAdventure	A Thirst for Adventure	探险渴望者
QuestLoc_AWastelandTail_QuestlineName	QuestLoc_AWastelandTail	A Wasteland Tail	废土踪迹
QuestLoc_AWinningSeason_QuestName	QuestLoc_AWinningSeason	A Winning Season	胜利的赛季
QuestLoc_AgainstTheOdds_QuestName	QuestLoc_AgainstTheOdds	Against The Odds	背水一战
QuestLoc_AimfortheHead_QuestName	QuestLoc_AimfortheHead	Aim for the Head!	瞄准脑袋！
QuestLoc_AlienBot_QuestlineName	QuestLoc_AlienBot	Searching In The Dark	在黑暗中搜索
QuestLoc_AllSalesFinal_QuestName	QuestLoc_AllSalesFinal	All Sales Final	一经售出概不退换
QuestLoc_AllWorkandNoPlay_QuestName	QuestLoc_AllWorkandNoPlay	All Work and No Play	只工作不娱乐
QuestLoc_AllsFairinLoveandNuclearWar_QuestName	QuestLoc_AllsFairinLoveandNuclearWar	All's Fair in Love and Nuclear War	爱与核战，皆不择手段
QuestLoc_AlmostHuman_QuestlineName	QuestLoc_AlmostHuman	Almost Human	半人半鬼
QuestLoc_AnimalRescue_QuestName	QuestLoc_AnimalRescue	Animal Rescue	拯救小动物
QuestLoc_AnybodyHome_QuestName	QuestLoc_AnybodyHome	Anybody Home?	有人在家吗？
QuestLoc_AquaNukaCola_QuestName	QuestLoc_AquaNukaCola	Aqua Nuka-Cola	水核子可乐
QuestLoc_Aquaschema_QuestName	QuestLoc_Aquaschema	Aqua-schema	水的阴谋
QuestLoc_ArghMatey_QuestName	QuestLoc_ArghMatey	Argh, Matey!	嚯，海盗！
QuestLoc_ArmsRace_QuestName	QuestLoc_ArmsRace	Arms Race	武器竞赛
QuestLoc_Astronomical_QuestName	QuestLoc_Astronomical	Astronomical Aggression	天文台危机
QuestLoc_AtDeathsDoor_QuestName	QuestLoc_AtDeathsDoor	At Death's Door	在“死亡”的门外
QuestLoc_BacktotheOutfield_QuestName	QuestLoc_BacktotheOutfield	Back to the Outfield	返回外场
QuestLoc_BeanballtotheFace_QuestName	QuestLoc_BeanballtotheFace	Beanball to the Face!	打在脸上的球！
QuestLoc_BeatReporting_QuestName	QuestLoc_BeatReporting	Beat Reporting	打报告
QuestLoc_BewareofOverdog_QuestName	QuestLoc_BewareofOverdog	Beware of Over-dog!	请注意“管理狗”！
QuestLoc_BigTrouble_QuestName	QuestLoc_BigTrouble	Big Trouble	大麻烦
QuestLoc_Blackout_QuestName	QuestLoc_Blackout	Blackout	断片
QuestLoc_BoogieWoogieBugleBoy_QuestName	QuestLoc_BoogieWoogieBugleBoy	Boogie Woogie Bugle Boy	摇滚少年号角男孩
QuestLoc_BottlecapBlues_QuestName	QuestLoc_BottlecapBlues	Bottlecap Blues	忧郁的瓶盖
QuestLoc_BountyBash_QuestName	QuestLoc_BountyBash	Bounty: Bash	悬赏：“暴击”
QuestLoc_BountyButcher_QuestName	QuestLoc_BountyButcher	Bounty: Butcher	悬赏：“屠夫”
QuestLoc_BountyOlOneEye_QuestName	QuestLoc_BountyOlOneEye	Bounty: 'Ol One-Eye	悬赏：“独眼龙”
QuestLoc_BountyShiner_QuestName	QuestLoc_BountyShiner	Bounty: Shiner	悬赏：“闪闪”
QuestLoc_BountySnips_QuestName	QuestLoc_BountySnips	Bounty: Snips	悬赏：“剪刀手”
QuestLoc_BountyYak_QuestName	QuestLoc_BountyYak	Bounty: Yak	悬赏：“牦牛”
QuestLoc_BreakingalltheRecords_QuestName	QuestLoc_BreakingalltheRecords	Breaking all the Records	打破所有记录
QuestLoc_Broadsides_QuestName	QuestLoc_Broadsides	Broadsides	号外
QuestLoc_BrotherhoodOfFeels_QuestName	QuestLoc_BrotherhoodOfFeels	Brotherhood of Feels	温馨兄弟会
QuestLoc_BugHunt_QuestName	QuestLoc_BugHunt	Bug Hunt	抓虫达人
QuestLoc_Burnout_QuestName	QuestLoc_Burnout	Burnout	烧光
QuestLoc_ByHookorbyCook_QuestName	QuestLoc_ByHookorbyCook	By Hook or by Cook	用钩或用煮
QuestLoc_CabinFever_QuestName	QuestLoc_CabinFever	Cabin Fever	幽居病
QuestLoc_CabinWithoutTheWoods_QuestName	QuestLoc_CabinWithoutTheWoods	Cabin Without The Woods	神秘小屋
QuestLoc_CanineRecovery_QuestName	QuestLoc_CanineRecovery	Canine Recovery	寻找狗狗
QuestLoc_CantStopTheSignal_QuestName	QuestLoc_CantStopTheSignal	Can't Stop The Signal	无法停止信号
QuestLoc_CapsRun_QuestName	QuestLoc_CapsRun	Caps Run	瓶盖大作战
QuestLoc_CapturedCritter_QuestName	QuestLoc_CapturedCritter	Captured Critter	拯救小动物
QuestLoc_CheapBeerintheBleacherSeats_QuestName	QuestLoc_CheapBeerintheBleacherSeats	Cheap Beer in the Bleacher Seats	看台座椅上的廉价啤酒
QuestLoc_CheerfortheGhouls_QuestName	QuestLoc_CheerfortheGhouls	Cheer for the Ghouls	为尸鬼制造节日气氛
QuestLoc_CheesePlease_QuestName	QuestLoc_CheesePlease	Cheese, Please!	请给我奶酪！
QuestLoc_ChooChoo_QuestName	QuestLoc_ChooChoo	Choo-Choo!	呜—呜——！
QuestLoc_ChristmasattheRaiderCamp_QuestName	QuestLoc_ChristmasattheRaiderCamp	Christmas at the Raider Camp	掠夺者窝点的圣诞节
QuestLoc_CleanUpOnAisleFive_QuestName	QuestLoc_CleanUpOnAisleFive	Clean-Up On Aisle Five	清空5号通道
QuestLoc_CleaningHouse_QuestName	QuestLoc_CleaningHouse	Room Service	客房服务
QuestLoc_ClearingAPath_QuestName	QuestLoc_ClearingAPath	Clearing A Path	清空小路
QuestLoc_ClimbingtheRanks_QuestlineName	QuestLoc_ClimbingtheRanks	Climbing the Ranks	迈向巅峰
QuestLoc_CollateralMurder_QuestName	QuestLoc_CollateralMurder	Collateral Murder	连环谋杀案
QuestLoc_CollectorsEdition_QuestName	QuestLoc_CollectorsEdition	Collector's Edition	珍藏版
QuestLoc_ConferenceontheMound_QuestName	QuestLoc_ConferenceontheMound	Conference on the Mound	土堆上的会议
QuestLoc_CoveWatch_QuestName	QuestLoc_CoveWatch	CoveWatch!	溪谷勘察！
QuestLoc_CoveringAlltheBases_QuestName	QuestLoc_CoveringAlltheBases	Covering All the Bases	占领所有基地
QuestLoc_CrimeSceneInvestigation_QuestName	QuestLoc_CrimeSceneInvestigation	Crime Scene Investigation	犯罪现场调查
QuestLoc_CrossingPaths_QuestName	QuestLoc_CrossingPaths	Crossing Paths	十字路口
QuestLoc_DartofHarkness_QuestName	QuestLoc_DartofHarkness	Dart of Harkness	哈克尼斯的飞镖
QuestLoc_DaysGoneBye_QuestName	QuestLoc_DaysGoneBye	Days Gone Bye	曾经的日子
QuestLoc_DearthOfClaws_QuestName	QuestLoc_DearthOfClaws	A Dearth of Claws	缺爪之痛
QuestLoc_DeathRevealed_QuestName	QuestLoc_DeathRevealed	Death Revealed?	“死亡”出现？
QuestLoc_DeathandDenial_QuestName	QuestLoc_DeathandDenial	Death and Denial	死亡和否定
QuestLoc_DeathclawDeeLite_1_QuestName	QuestLoc_DeathclawDeeLite_1	Death Meat	死爪肉
QuestLoc_DeathclawDeeLite_2_QuestName	QuestLoc_DeathclawDeeLite_2	Fetch Quest	跑腿任务
QuestLoc_DeathclawDeeLite_3_QuestName	QuestLoc_DeathclawDeeLite_3	Deathicide	死爪灭除
QuestLoc_DeathclawDeeLite_4_QuestName	QuestLoc_DeathclawDeeLite_4	Ghoul Down, Boy	尸鬼，趴下！
QuestLoc_DenofThieves_QuestName	QuestLoc_DenofThieves	Den of Thieves	贼窝
QuestLoc_DetectiveCaseFiles_QuestlineName	QuestLoc_DetectiveCaseFiles	Detective Case Files	侦探的案件档案
QuestLoc_DibsattheRedRocket_QuestName	QuestLoc_DibsattheRedRocket	Dibs at the Red Rocket	谁先到红火箭
QuestLoc_DiplomaticMission_QuestName	QuestLoc_DiplomaticMission	Diplomatic Mission!	外交任务！
QuestLoc_DivideandConquer_QuestName	QuestLoc_DivideandConquer	Divide and Conquer	分而治之
QuestLoc_DogGone_QuestName	QuestLoc_DogGone	Dog Gone	丢失的小狗
QuestLoc_DogShelter_QuestName	QuestLoc_DogShelter	Dog Shelter	狗狗避难所
QuestLoc_Dog_QuestName	QuestLoc_Dog	Codename: DOG	代号：狗狗
QuestLoc_DogsofWar_QuestName	QuestLoc_DogsofWar	Dogs of War	战争之犬
QuestLoc_DoitfortheBatBoy_QuestName	QuestLoc_DoitfortheBatBoy	Do it for the Bat Boy!	为了蝙蝠男孩！
QuestLoc_DrivingtheSnakesOut_QuestName	QuestLoc_DrivingtheSnakesOut	Driving the Snakes Out	把“蛇”赶出去
QuestLoc_DuoofDestructionAlphaDeathclaws_QuestName	QuestLoc_DuoofDestructionAlphaDeathclaws	Duo of Destruction: Alpha Deathclaws	双重毁灭：领头死爪
QuestLoc_DuoofDestructionGlowingOnex2_QuestName	QuestLoc_DuoofDestructionGlowingOnex2	Duo of Destruction: Glowing One (x2!)	双重毁灭：发光种(x2!)
QuestLoc_DuoofDestructionGlowingRadroaches_QuestName	QuestLoc_DuoofDestructionGlowingRadroaches	Duo of Destruction: Glowing Radroaches	双重毁灭：发光辐射蟑螂
QuestLoc_DuoofDestructionGlowingRadscorpions_QuestName	QuestLoc_DuoofDestructionGlowingRadscorpions	Duo of Destruction: Glowing Radscorpions	双重毁灭：发光辐射蝎
QuestLoc_DuoofDestructionMoleRatBroodMothers_QuestName	QuestLoc_DuoofDestructionMoleRatBroodMothers	Duo of Destruction: Mole Rat Brood Mothers	双重毁灭：鼹鼠妈妈
QuestLoc_ENC_QL1_LoveOfGold_1_QuestName	QuestLoc_ENC_QL1_LoveOfGold_1	Golden Neighbors	黄金好邻居
QuestLoc_ENC_QL1_LoveOfGold_2_QuestName	QuestLoc_ENC_QL1_LoveOfGold_2	Ghost Training	幽灵训练
QuestLoc_ENC_QL1_LoveOfGold_3_QuestName	QuestLoc_ENC_QL1_LoveOfGold_3	Gold-R-Us	黄金卖场
QuestLoc_ENC_QL1_LoveOfGold_4_QuestName	QuestLoc_ENC_QL1_LoveOfGold_4	The Fall of Autumn	奥特姆的陨落
QuestLoc_ENC_QL2_Defective_1_QuestName	QuestLoc_ENC_QL2_Defective_1	Rest for the Wicked	恶人的安息
QuestLoc_ENC_QL2_Defective_2_QuestName	QuestLoc_ENC_QL2_Defective_2	Mystery Enclave Theater 3000	英克雷神秘剧场3000
QuestLoc_ENC_QL2_Defective_3_QuestName	QuestLoc_ENC_QL2_Defective_3	Strange Bedfellows	同床异梦的盟友
QuestLoc_ENC_QL2_Defective_4_QuestName	QuestLoc_ENC_QL2_Defective_4	Calls of Despair	绝望的呼救
QuestLoc_ENC_QL3_Escalation_1_QuestName	QuestLoc_ENC_QL3_Escalation_1	Pet Distribution System	宠物分发系统
QuestLoc_ENC_QL3_Escalation_2_QuestName	QuestLoc_ENC_QL3_Escalation_2	Better Death Through Chemistry	化学带来更佳死亡
QuestLoc_ENC_QL3_Escalation_3_QuestName	QuestLoc_ENC_QL3_Escalation_3	The Matchmakers	变异红娘
QuestLoc_ENC_QL3_Escalation_4_QuestName	QuestLoc_ENC_QL3_Escalation_4	Wargames	战争游戏
QuestLoc_ENC_QL4_HeartOfGOLDAS_1_QuestName	QuestLoc_ENC_QL4_HeartOfGOLDAS_1	Mini-Mall of America	迷你美国商城
QuestLoc_ENC_QL4_HeartOfGOLDAS_2_QuestName	QuestLoc_ENC_QL4_HeartOfGOLDAS_2	Data Brokers	数据掮客
QuestLoc_ENC_QL4_HeartOfGOLDAS_3_QuestName	QuestLoc_ENC_QL4_HeartOfGOLDAS_3	Base to Base Icks	基地秘辛
QuestLoc_ENC_QL4_HeartOfGOLDAS_4_QuestName	QuestLoc_ENC_QL4_HeartOfGOLDAS_4	Bite My Shiny Metal Gold	咬我闪亮的金屁股
QuestLoc_ESterEggHunt_QuestName	QuestLoc_ESterEggHunt	E-Ster Egg Hunt	复活节彩蛋寻宝
QuestLoc_ESterisComing_QuestName	QuestLoc_ESterisComing	E-Ster is Coming	复活节来临
QuestLoc_EchoesofSteel_QuestlineName	QuestLoc_EchoesofSteel	Echoes of Steel	钢铁的回声
QuestLoc_EvictionNotice_QuestName	QuestLoc_EvictionNotice	Eviction Notice	驱逐令
QuestLoc_ExpressCheckout_QuestName	QuestLoc_ExpressCheckout	Express Checkout	快捷收银台
QuestLoc_ExtremeOuterference_QuestName	QuestLoc_ExtremeOuterference	Extreme Outerference	极端干扰
QuestLoc_ExtremePrejudice_QuestName	QuestLoc_ExtremePrejudice	Extreme Prejudice	极端偏见
QuestLoc_FactoryFloorofFear_QuestName	QuestLoc_FactoryFloorofFear	Factory Floor of Fear	工厂惊魂
QuestLoc_FalloutShow_QuestlineName	QuestLoc_FalloutShow	Power Struggle	权力斗争
QuestLoc_FamilyMatters_QuestName	QuestLoc_FamilyMatters	Family Matters	家人很重要
QuestLoc_FashionStatement_QuestName	QuestLoc_FashionStatement	Fashion Statement	时尚宣言
QuestLoc_Filly_QuestName	QuestLoc_Filly	All Killy No Filly	菲利之殇
QuestLoc_Firestarter_QuestName	QuestLoc_Firestarter	Firestarter	纵火者
QuestLoc_FirstDown_QuestName	QuestLoc_FirstDown	First Down	第一次进攻
QuestLoc_FollowingHisFirstSteps_QuestName	QuestLoc_FollowingHisFirstSteps	Following His First Steps	追寻他最初的脚步
QuestLoc_FonsVivus_QuestName	QuestLoc_FonsVivus	Fons Vivus	活水
QuestLoc_FoodFight_QuestName	QuestLoc_FoodFight	Food Fight!	食物大战！
QuestLoc_FoodGlowriousFood_QuestlineName	QuestLoc_FoodGlowriousFood	Food, Glowrious Food	食物，发光的食物
QuestLoc_FriendlySettlement_QuestName	QuestLoc_FriendlySettlement	Friendly Settlement!	友邻定居点！
QuestLoc_GameShowGauntletA_QuestName	QuestLoc_GameShowGauntletA	Game Show Gauntlet	游戏秀场的考验
QuestLoc_GameShowGauntletB_QuestName	QuestLoc_GameShowGauntletB	Game Show Gauntlet	游戏秀场的考验
QuestLoc_GameShowGauntletC_QuestName	QuestLoc_GameShowGauntletC	Game Show Gauntlet	游戏秀场的考验
QuestLoc_GameShowGauntletD_QuestName	QuestLoc_GameShowGauntletD	Game Show Gauntlet	游戏秀场的考验
QuestLoc_GameShowGauntletE_QuestName	QuestLoc_GameShowGauntletE	Game Show Gauntlet	游戏秀场的考验
QuestLoc_GameShowGauntletF_QuestName	QuestLoc_GameShowGauntletF	Game Show Gauntlet	游戏秀场的考验
QuestLoc_GameShowGauntletGlobal_QuestName	QuestLoc_GameShowGauntletGlobal	Game Show Gauntlet	游戏秀场的考验
QuestLoc_GameofVaults_QuestName	QuestLoc_GameofVaults	Game of Vaults	避难所的游戏
QuestLoc_GasNGo_QuestName	QuestLoc_GasNGo	Gas 'N Go	加好油出发
QuestLoc_GetchaPeanutsHere_QuestName	QuestLoc_GetchaPeanutsHere	Getcha' Peanuts Here!	来买花生啦！
QuestLoc_GetinLine_QuestName	QuestLoc_GetinLine	Get in Line	请排队
QuestLoc_Getting Started_QuestName	QuestLoc_Getting Started	Getting Started	开始前的准备
QuestLoc_Ghooooooooooooooooooul_QuestName	QuestLoc_Ghooooooooooooooooooul	Ghooooooooooooooooooul!	尸……鬼……！
QuestLoc_GhostlyGag_QuestName	QuestLoc_GhostlyGag	Ghostly Gag	闹鬼的玩笑
QuestLoc_GhoulInBlack_QuestName	QuestLoc_GhoulInBlack	Ghoul In Black	黑衣尸鬼
QuestLoc_GhoulSupplies_QuestName	QuestLoc_GhoulSupplies	Ghoul Supplies	尸鬼物资
QuestLoc_GivemeLibertyandorDeath_QuestName	QuestLoc_GivemeLibertyandorDeath	Give me Liberty and/or Death	给我自由和/或死亡
QuestLoc_GoWest_QuestName	QuestLoc_GoWest	Go West	一路向西
QuestLoc_GobbleGobbler_QuestName	QuestLoc_GobbleGobbler	Gobble Gobbler!	咯咯叫的高步勒！
QuestLoc_GoingToTown_1_QuestName	QuestLoc_GoingToTown_1	Freeside Spree	自由城购物狂欢
QuestLoc_GoingToTown_2_QuestName	QuestLoc_GoingToTown_2	Second Hand Supply	二手物资
QuestLoc_GoingToTown_3_QuestName	QuestLoc_GoingToTown_3	Crime Lab	犯罪实验室
QuestLoc_GoingToTown_4_QuestName	QuestLoc_GoingToTown_4	Casting the Die	孤注一掷
QuestLoc_GroomforDoubt_QuestName	QuestLoc_GroomforDoubt	Groom for Doubt	新郎的疑惑
QuestLoc_GuardianoftheWastes:Deathclaws_QuestName	QuestLoc_GuardianoftheWastes:Deathclaws	Guardian of the Wastes: Deathclaws!	废土守卫者：死爪！
QuestLoc_GuardianoftheWastes:FeralGhouls_QuestName	QuestLoc_GuardianoftheWastes:FeralGhouls	Guardian of the Wastes: Feral Ghouls!	废土守卫者：狂尸鬼！
QuestLoc_GuardianoftheWastes:MoleRats_QuestName	QuestLoc_GuardianoftheWastes:MoleRats	Guardian of the Wastes: Mole Rats!	废土守卫者：鼹鼠！
QuestLoc_GuardianoftheWastes:Radroaches_QuestName	QuestLoc_GuardianoftheWastes:Radroaches	Guardian of the Wastes: Radroaches!	废土守卫者：辐射蟑螂！
QuestLoc_GuardianoftheWastes:Radscorpions_QuestName	QuestLoc_GuardianoftheWastes:Radscorpions	Guardian of the Wastes: Radscorpions!	废土守卫者：辐射蝎！
QuestLoc_HalfFullHalfEmpty_QuestName	QuestLoc_HalfFullHalfEmpty	Half Full, Half Empty	半满，半空
QuestLoc_HaveGunWillTravel_QuestName	QuestLoc_HaveGunWillTravel	Have Gun, Will Travel	拿起枪，我们走！
QuestLoc_Headhunting_QuestName	QuestLoc_Headhunting	Headhunting	猎头行动
QuestLoc_Headshots_QuestName	QuestLoc_Headshots	Headshots	新闻头条
QuestLoc_HeatoftheKnight_QuestName	QuestLoc_HeatoftheKnight	Heat of the Knight	火热的骑士
QuestLoc_HeresthePitch_QuestName	QuestLoc_HeresthePitch	Here's the Pitch...	就是这里了……
QuestLoc_HerestoYouRackieJobinson_QuestName	QuestLoc_HerestoYouRackieJobinson	Here's to You, Rackie Jobinson	为了你，罗基·杰宾森。
QuestLoc_HighSteaks_QuestName	QuestLoc_HighSteaks	High Steaks	高风险
QuestLoc_HittingtheBooks_QuestName	QuestLoc_HittingtheBooks	Halloween (Non)Fiction	万圣节小说
QuestLoc_HomeFieldAdvantage_QuestName	QuestLoc_HomeFieldAdvantage	Home-Field Advantage	主场优势
QuestLoc_HomerunDerby_QuestName	QuestLoc_HomerunDerby	Homerun Derby	职业棒球大联盟全垒打大赛
QuestLoc_Homerun_QuestName	QuestLoc_Homerun	Homerun!	全垒打！
QuestLoc_HoneymoonHorror_QuestName	QuestLoc_HoneymoonHorror	Honeymoon Horror	蜜月惊魂
QuestLoc_HopontheRoachCoach_QuestName	QuestLoc_HopontheRoachCoach	Hop on the Roach Coach	跳上蟑螂车
QuestLoc_HorrorMovieNight_QuestName	QuestLoc_HorrorMovieNight	Horror Movie Night!	恐怖电影之夜！
QuestLoc_HorsemenofthePostApocalypsePart1_QuestlineName	QuestLoc_HorsemenofthePostApocalypsePart1	Horsemen of the Post-Apocalypse Part 1	后末日时代的骑士 第一部
QuestLoc_HorsemenofthePostApocalypsePart2_QuestlineName	QuestLoc_HorsemenofthePostApocalypsePart2	Horsemen of the Post-Apocalypse Part 2	后末日时代的骑士 第二部
QuestLoc_HorsemenofthePostApocalypsePart3_QuestlineName	QuestLoc_HorsemenofthePostApocalypsePart3	Horsemen of the Post-Apocalypse Part 3	后末日时代的骑士 第三部
QuestLoc_HostageNegotiations_QuestName	QuestLoc_HostageNegotiations	Hostage Negotiations	拯救人质谈判
QuestLoc_HotTubSlimeMachine_QuestName	QuestLoc_HotTubSlimeMachine	Hot Tub Slime Machine	热水浴缸黏液机
QuestLoc_HouseWarming_1_QuestName	QuestLoc_HouseWarming_1	Party to the Max	派对请到马克西姆斯
QuestLoc_HouseWarming_2_QuestName	QuestLoc_HouseWarming_2	Shiny Security	闪亮的安保
QuestLoc_HouseWarming_3_QuestName	QuestLoc_HouseWarming_3	Party Poaching	派对挖角
QuestLoc_HouseWarming_4_QuestName	QuestLoc_HouseWarming_4	Squishing the Party	踩扁派对的虫子
QuestLoc_HowCanYouNotBeRomanticAboutBaseball_QuestName	QuestLoc_HowCanYouNotBeRomanticAboutBaseball	How Can You Not Be Romantic About Baseball?	你怎么可能不喜欢棒球呢？
QuestLoc_HumanBeanJuice_QuestName	QuestLoc_HumanBeanJuice	Human Bean Juice	人肉豆汁
QuestLoc_HumansLikeUs_QuestName	QuestLoc_HumansLikeUs	Humans Like Us	和我们一样的人类
QuestLoc_IDontKnowsonThird_QuestName	QuestLoc_IDontKnowsonThird	I Don't Know's on Third!	“不知道”在三垒！
QuestLoc_INS_QL1_MajorPlayers_1_QuestName	QuestLoc_INS_QL1_MajorPlayers_1	Hold on a Minuteman	坚持住，义勇军！
QuestLoc_INS_QL1_MajorPlayers_2_QuestName	QuestLoc_INS_QL1_MajorPlayers_2	Convenient Covenant	顺手的圣约村
QuestLoc_INS_QL1_MajorPlayers_3_QuestName	QuestLoc_INS_QL1_MajorPlayers_3	Core of Power	力量核心
QuestLoc_INS_QL1_MajorPlayers_4_QuestName	QuestLoc_INS_QL1_MajorPlayers_4	The Power of Friendship	友谊的力量
QuestLoc_INS_QL2_Railroaded_1_QuestName	QuestLoc_INS_QL2_Railroaded_1	Bunker Down	地堡沦陷
QuestLoc_INS_QL2_Railroaded_2_QuestName	QuestLoc_INS_QL2_Railroaded_2	Synth Liberation Bureau	合成人解放局
QuestLoc_INS_QL2_Railroaded_3_QuestName	QuestLoc_INS_QL2_Railroaded_3	Code Scrambling	代码扰乱
QuestLoc_INS_QL2_Railroaded_4_QuestName	QuestLoc_INS_QL2_Railroaded_4	Runaway Train	失控的火车
QuestLoc_INS_QL3_Betrayal_1_QuestName	QuestLoc_INS_QL3_Betrayal_1	A Steel Fist in a Velvet Glove	丝绒手套里的铁拳
QuestLoc_INS_QL3_Betrayal_2_QuestName	QuestLoc_INS_QL3_Betrayal_2	The Power Room	能源室
QuestLoc_INS_QL3_Betrayal_3_QuestName	QuestLoc_INS_QL3_Betrayal_3	Abomination	畸变体
QuestLoc_INS_QL3_Betrayal_4_QuestName	QuestLoc_INS_QL3_Betrayal_4	Steelhead Fishing	钓钢鳟
QuestLoc_INS_QL4_Armistice_1_QuestName	QuestLoc_INS_QL4_Armistice_1	Truce	停战
QuestLoc_INS_QL4_Armistice_2_QuestName	QuestLoc_INS_QL4_Armistice_2	Fake Out	虚晃一枪
QuestLoc_INS_QL4_Armistice_3_QuestName	QuestLoc_INS_QL4_Armistice_3	Fratboys of Technology	科技社团小子
QuestLoc_INS_QL4_Armistice_4_QuestName	QuestLoc_INS_QL4_Armistice_4	For the Betterment of Mankind	为人类的福祉
QuestLoc_InAnotherVault_QuestName	QuestLoc_InAnotherVault	In Another Vault	另一个避难所
QuestLoc_InHotPursuit_QuestName	QuestLoc_InHotPursuit	In Hot Pursuit	火热追击
QuestLoc_InShiningArmor_QuestName	QuestLoc_InShiningArmor	In Shining Armor	闪耀的护甲
QuestLoc_Infested_QuestName	QuestLoc_Infested	Infested!	虫害！
QuestLoc_IntoVault333_QuestName	QuestLoc_IntoVault333	Into Vault 333!	进入333号避难所！
QuestLoc_IntotheInfield_QuestName	QuestLoc_IntotheInfield	Into the Infield	进入到内场
QuestLoc_IntotheOutfield_QuestName	QuestLoc_IntotheOutfield	Into the Outfield	冲进外场
QuestLoc_ItsnotEasyBeingGreen_QuestName	QuestLoc_ItsnotEasyBeingGreen	It's not Easy Being Green	变绿不容易
QuestLoc_JackAintBack_QuestName	QuestLoc_JackAintBack	Jack Ain't Back	杰克没有回来
QuestLoc_JourneytotheCenterofVaultopolis_QuestlineName	QuestLoc_JourneytotheCenterofVaultopolis	Journey to the Center of Vaultopolis	避难所大都会中心之旅
QuestLoc_JunkRun_QuestName	QuestLoc_JunkRun	Junk Run	杂物大作战
QuestLoc_JustDeserts_QuestName	QuestLoc_JustDeserts	Just Deserts	罪有应得
QuestLoc_JuuussstttaBitOutside_QuestName	QuestLoc_JuuussstttaBitOutside	Juuusssttt... a Bit Outside	就……稍偏外一点
QuestLoc_KHAAANNNNN_QuestName	QuestLoc_KHAAANNNNN	KHAAANNNNN!!!!	可汗安安安安安！！！
QuestLoc_KidnappingatVault778_QuestName	QuestLoc_KidnappingatVault778	Kidnapping at Vault 778	778号避难所的绑架案
QuestLoc_KnockEmDown_QuestName	QuestLoc_KnockEmDown	Knock 'Em Down	干掉他们
QuestLoc_LaborDispute_QuestlineName	QuestLoc_LaborDispute	Labor Dispute!	劳资纠纷！
QuestLoc_LastInningOrnot_QuestName	QuestLoc_LastInningOrnot	Last Inning! Or not...	最后一次了！或者还不是……
QuestLoc_LetsKnockitOuttathePark_QuestName	QuestLoc_LetsKnockitOuttathePark	Let's Knock it Outta the Park!	让我们大干一场吧！
QuestLoc_LittleMissWasteland_QuestName	QuestLoc_LittleMissWasteland	Little Miss Wasteland	废土小姐
QuestLoc_LittleRedRadiumHood_QuestName	QuestLoc_LittleRedRadiumHood	Little Red Radium Hood	辐射小红帽
QuestLoc_LiveDeadDrop_QuestName	QuestLoc_LiveDeadDrop	Live Dead Drop	生死之间
QuestLoc_LunchboxRun_QuestName	QuestLoc_LunchboxRun	Lunchbox Run	午餐盒大作战
QuestLoc_MVPoftheYear_QuestName	QuestLoc_MVPoftheYear	MVP of the Year!	年度最佳球员！
QuestLoc_MallMadness_QuestName	QuestLoc_MallMadness	Mall Madness	疯狂采购
QuestLoc_ManonFirst_QuestName	QuestLoc_ManonFirst	Man on First	第一个地点
QuestLoc_ManonSecond_QuestName	QuestLoc_ManonSecond	Man on Second	二垒有人
QuestLoc_ManonThird_QuestName	QuestLoc_ManonThird	Man on Third	第三个地点。
QuestLoc_MaskHysteria_QuestName	QuestLoc_MaskHysteria	Mask Hysteria	面具癔症
QuestLoc_MatterstoSettle_QuestName	QuestLoc_MatterstoSettle	Matters to Settle	问题待解决
QuestLoc_MiseryLoathesCompany_QuestName	QuestLoc_MiseryLoathesCompany	Misery Loathes Company	苦难不喜结伴
QuestLoc_MissionofMercy_QuestName	QuestLoc_MissionofMercy	Mission of Mercy	仁慈的任务
QuestLoc_MondayNightBrawl_QuestName	QuestLoc_MondayNightBrawl	Monday Night Brawl	周一打架之夜
QuestLoc_MonsterUndertheBed_QuestName	QuestLoc_MonsterUndertheBed	Monster Under the Bed	床下的怪兽
QuestLoc_MyMetalPony_QuestName	QuestLoc_MyMetalPony	My Metal Pony	我的小铁马
QuestLoc_MyWeirdScienceProject_QuestName	QuestLoc_MyWeirdScienceProject	My Weird Science Project	奇怪的科学项目
QuestLoc_NVB_QL2_Leftovers_1_QuestName	QuestLoc_NVB_QL2_Leftovers_1	The Mother of All Brains	众脑之母
QuestLoc_NVB_QL2_Leftovers_2_QuestName	QuestLoc_NVB_QL2_Leftovers_2	One of Us	我们中的一员
QuestLoc_NVB_QL2_Leftovers_3_QuestName	QuestLoc_NVB_QL2_Leftovers_3	War of the Wits	智斗之战
QuestLoc_NVB_QL2_Leftovers_4_QuestName	QuestLoc_NVB_QL2_Leftovers_4	Whispers in the Vault	避难所中的低语
QuestLoc_NVB_QL3_Stripper_1_QuestName	QuestLoc_NVB_QL3_Stripper_1	Who needs saving?	谁需要拯救？
QuestLoc_NVB_QL3_Stripper_2_QuestName	QuestLoc_NVB_QL3_Stripper_2	Town Hall	市政厅
QuestLoc_NVB_QL3_Stripper_3_QuestName	QuestLoc_NVB_QL3_Stripper_3	Pleading to the King	恳请猫王
QuestLoc_NVB_QL3_Stripper_4_QuestName	QuestLoc_NVB_QL3_Stripper_4	Omega that Alpha!	终结那个阿尔法！
QuestLoc_NabbedfromNukaWorld_QuestlineName	QuestLoc_NabbedfromNukaWorld	Nabbed from Nuka-World	从核子世界抢过来的
QuestLoc_NoRestfortheWicked_QuestName	QuestLoc_NoRestfortheWicked	No Rest for the Wicked	邪恶不停歇
QuestLoc_NoStoneUnturned_QuestName	QuestLoc_NoStoneUnturned	No Stone Unturned	全力以赴
QuestLoc_NoThanksfortheGobbler_QuestlineName	QuestLoc_NoThanksfortheGobbler	No Thanks for the Gobbler!	对高步勒可不客气！
QuestLoc_NoTimeforPaws_QuestName	QuestLoc_NoTimeforPaws	No Time for Paws	肉爪去哪儿了
QuestLoc_NotSoSafehouse_QuestName	QuestLoc_NotSoSafehouse	Not-So-Safehouse	不太安全的藏身之处
QuestLoc_NukaColaQuantumRun_QuestName	QuestLoc_NukaColaQuantumRun	Nuka-Cola Quantum Run	量子核子可乐大作战
QuestLoc_OBrother_QuestName	QuestLoc_OBrother	My Brothers' Keeper	兄弟的守护者
QuestLoc_OfftheRails_QuestName	QuestLoc_OfftheRails	Off the Rails	轨道之外
QuestLoc_OneGhoulCustomer_QuestName	QuestLoc_OneGhoulCustomer	One Ghoul Customer	一位尸鬼顾客
QuestLoc_OnlyHuman_QuestName	QuestLoc_OnlyHuman	Only Human	唯一的人类
QuestLoc_OperationSandman_QuestName	QuestLoc_OperationSandman	Operation: Sandman	行动：睡魔
QuestLoc_OurCupsRunnethOverWITHFAILURE_QuestName	QuestLoc_OurCupsRunnethOverWITHFAILURE	Our Cups Runneth Over... WITH FAILURE	我们的杯子充满了……失败
QuestLoc_OutfitRun_QuestName	QuestLoc_OutfitRun	Outfit Run	装备大作战
QuestLoc_OutoftheVaultIntotheShadows_QuestName	QuestLoc_OutoftheVaultIntotheShadows	Out of the Vault, Into the Shadows	走出避难所，走进阴影中
QuestLoc_Overrun_QuestName	QuestLoc_Overrun	Overrun	侵占之殇
QuestLoc_OverwhelmingForce_QuestName	QuestLoc_OverwhelmingForce	Overwhelming Force	气吞山河
QuestLoc_ParleyTime_QuestName	QuestLoc_ParleyTime	Parley Time	谈判时间
QuestLoc_PartyCrasher_QuestName	QuestLoc_PartyCrasher	Party Crasher	不速之客
QuestLoc_PaulasinaPickle_QuestName	QuestLoc_PaulasinaPickle	Paula's in a Pickle!	宝拉被困！
QuestLoc_PerfectSpecimens_QuestName	QuestLoc_PerfectSpecimens	Perfect Specimens	完美样本
QuestLoc_PestCaseScenario_QuestName	QuestLoc_PestCaseScenario	Pest-Case Scenario	害虫泛滥
QuestLoc_PestControl_QuestName	QuestLoc_PestControl	Pest Control	虫害防治
QuestLoc_PetPeeve_QuestName	QuestLoc_PetPeeve	Pet Peeve	宠物的怨恨
QuestLoc_PickedOffatSecond_QuestName	QuestLoc_PickedOffatSecond	Picked Off at Second!	第二次扑空！
QuestLoc_PierIntoFuture_QuestName	QuestLoc_PierIntoFuture	A Pier Into The Future	通向未来的码头
QuestLoc_PitStop_QuestName	QuestLoc_PitStop	Pit Stop	加油站
QuestLoc_PittStop_QuestName	QuestLoc_PittStop	Pitt Stop	匹兹堡事件
QuestLoc_PlayBall_QuestName	QuestLoc_PlayBall	Play Ball!	开球！
QuestLoc_PlayingCatchUp_QuestName	QuestLoc_PlayingCatchUp	Playing Catch-Up	追踪游戏
QuestLoc_PlayingPolitics_QuestName	QuestLoc_PlayingPolitics	Playing Politics	政治游戏
QuestLoc_PostApocolypticWorldProblems_QuestName	QuestLoc_PostApocolypticWorldProblems	Post-Apocalyptic World Problems	末世问题
QuestLoc_PoweredUp_QuestName	QuestLoc_PoweredUp	Powered Up!	充电之旅！
QuestLoc_PowertothePeople_QuestName	QuestLoc_PowertothePeople	Power to the People?	赋予人民力量？
QuestLoc_QueenoftheDeathclaws_QuestName	QuestLoc_QueenoftheDeathclaws	Queen of the Deathclaws!	死爪女王！
QuestLoc_RadiationLeak_QuestName	QuestLoc_RadiationLeak	Radiation Leak!	辐射泄漏！
QuestLoc_RadroachRoundup_QuestName	QuestLoc_RadroachRoundup	Radroach Roundup	围捕辐射蟑螂
QuestLoc_RaiderTroublesatCorvega_QuestName	QuestLoc_RaiderTroublesatCorvega	Raider Troubles at Corvega	可伟佳的掠夺者问题
QuestLoc_RaidingParty_QuestName	QuestLoc_RaidingParty	Raiding Party	掠夺者派对
QuestLoc_RainDelay_QuestName	QuestLoc_RainDelay	Rain Delay	迟来的雨
QuestLoc_ReignofRadroachRodney_QuestName	QuestLoc_ReignofRadroachRodney	Reign of Radroach Rodney!	辐射蟑螂罗德尼的统治！
QuestLoc_ReleasetheRaiders_QuestName	QuestLoc_ReleasetheRaiders	Release the Raiders!	释放掠夺者！
QuestLoc_RescueOperation_QuestName	QuestLoc_RescueOperation	Rescue Operation	拯救行动
QuestLoc_RescueSanta_QuestName	QuestLoc_RescueSanta	Rescue Santa!	拯救圣诞老人！
QuestLoc_ReturntoVault333_QuestName	QuestLoc_ReturntoVault333	Return to Vault 333	返回333号避难所
QuestLoc_RevengeoftheGeeks_QuestName	QuestLoc_RevengeoftheGeeks	Revenge of the Geeks	书呆子的复仇
QuestLoc_RoboRampage_QuestName	QuestLoc_RoboRampage	Robo Rampage!	机器人狂潮！
QuestLoc_RobotHood_QuestName	QuestLoc_RobotHood	Robot Hood	机器人罗宾汉
QuestLoc_RobotRetrieval_QuestName	QuestLoc_RobotRetrieval	Robot Retrieval	找回机器人
QuestLoc_RockThemLikeAHurricane_QuestName	QuestLoc_RockThemLikeAHurricane	Rock Them Like A Hurricane	风卷残云
QuestLoc_RubarbsReckoning_QuestName	QuestLoc_RubarbsReckoning	Rubarb's Reckoning	鲁巴布的清算
QuestLoc_RunThreeDogRun_QuestName	QuestLoc_RunThreeDogRun	Run, Three Dog, Run!	跑，三狗，快跑！
QuestLoc_RunnersinScoringPosition_QuestName	QuestLoc_RunnersinScoringPosition	Runners in Scoring Position!	得分位置的跑步者！
QuestLoc_S2_QL2_Q1_Doc_QuestName	QuestLoc_S2_QL2_Q1_Doc	Doctor, Doctor, Gimme the Goods	医生，医生，把好货给我
QuestLoc_S2_QL2_Q2_Field_QuestName	QuestLoc_S2_QL2_Q2_Field	Rad Field Trip	辐射野外实习
QuestLoc_S2_QL2_Q3_Req_QuestName	QuestLoc_S2_QL2_Q3_Req	Who's the BoS	谁是“老大”（BoS）
QuestLoc_S2_QL2_Q4_Roswell_QuestName	QuestLoc_S2_QL2_Q4_Roswell	All ends well in Roswell!	罗斯威尔皆大欢喜！
QuestLoc_S2_QL3_Q2_Handy_QuestName	QuestLoc_S2_QL3_Q2_Handy	A Handy Secret	巧手先生的秘密
QuestLoc_S2_QL3_Q3_Insider_QuestName	QuestLoc_S2_QL3_Q3_Insider	The Fifth Wheel	第五个轮子
QuestLoc_S2_QL3_Q4_Warehouse_QuestName	QuestLoc_S2_QL3_Q4_Warehouse	All Parts of the Job	工作的方方面面
QuestLoc_S2_QL3_SecuritronsUncapped_1_QuestName	QuestLoc_S2_QL3_SecuritronsUncapped_1	Insecuritrons	失守的保安机器人
QuestLoc_SOS_QuestName	QuestLoc_SOS	SOS!	救命啊！
QuestLoc_Sabotage_QuestName	QuestLoc_Sabotage	Sabotage!	破坏！
QuestLoc_SantasHelpers_QuestName	QuestLoc_SantasHelpers	Santa's Helpers	圣诞老人的小帮手
QuestLoc_SavingDaylight_QuestName	QuestLoc_SavingDaylight	Saving Daylight	节省天光
QuestLoc_ScareTactics_QuestName	QuestLoc_ScareTactics	Scare Tactics	恐吓战术
QuestLoc_ScienceCooperative_QuestName	QuestLoc_ScienceCooperative	Science Cooperative!	科学合作！
QuestLoc_ScientificProgress_QuestName	QuestLoc_ScientificProgress	Scientific Progress	科学进步
QuestLoc_SecondStringers_QuestName	QuestLoc_SecondStringers	Second-Stringers	替补队员
QuestLoc_SecretAgentPerson_QuestlineName	QuestLoc_SecretAgentPerson	Secret Agent Person	秘密特工人员
QuestLoc_SecretWeaponTest_QuestName	QuestLoc_SecretWeaponTest	Secret Weapon Test	秘密武器试验
QuestLoc_SetEmUpFamine_QuestName	QuestLoc_SetEmUpFamine	Set 'Em Up: Famine	埋伏设计：“饥荒”
QuestLoc_SetEmUpPestilence_QuestName	QuestLoc_SetEmUpPestilence	Set 'Em Up: Pestilence	埋伏设计：“瘟疫”
QuestLoc_SeventhInningStretch_QuestName	QuestLoc_SeventhInningStretch	Seventh Inning Stretch	棒球第七局
QuestLoc_ShamrocktheCasbah_QuestName	QuestLoc_ShamrocktheCasbah	Shamrock the Casbah	三叶草城堡
QuestLoc_ShotgunWedding_QuestName	QuestLoc_ShotgunWedding	Shotgun Wedding	逼婚
QuestLoc_SignalFailure_QuestName	QuestLoc_SignalFailure	Signal Failure	信号失败
QuestLoc_SlashandBurn_QuestName	QuestLoc_SlashandBurn	Slash and Burn	刀耕火种
QuestLoc_SlidingintoHome_QuestName	QuestLoc_SlidingintoHome	Sliding into Home	溜回家
QuestLoc_SnakeWater_QuestName	QuestLoc_SnakeWater	Snake Water	蛇水
QuestLoc_Snipping_QuestName	QuestLoc_Snipping	Snipping Coupons	剪优惠券
QuestLoc_SomewhereintheBallpark_QuestName	QuestLoc_SomewhereintheBallpark	Somewhere in the Ballpark	球场的某个地方
QuestLoc_SpearFishing_QuestName	QuestLoc_SpearFishing	Spear Fishing	用长矛钓鱼
QuestLoc_SpelunKingTraining_QuestName	QuestLoc_SpelunKingTraining	Spelun-King Training	洞穴探索训练
QuestLoc_SpringForwardFallBack_QuestName	QuestLoc_SpringForwardFallBack	Spring Forward, Fall Back	春天向前，秋天向后
QuestLoc_SpringingtheTrap_QuestName	QuestLoc_SpringingtheTrap	Springing the Trap	布置陷阱
QuestLoc_SpringtimeforAtom_QuestlineName	QuestLoc_SpringtimeforAtom	Springtime for Atom	原子的春天
QuestLoc_SpyonRaiders_QuestName	QuestLoc_SpyonRaiders	Spy on Raiders!	掠夺者无间道！
QuestLoc_StopthePresses_QuestName	QuestLoc_StopthePresses	Stop the Presses!	停止发行！
QuestLoc_SuperDuperTrooper_QuestName	QuestLoc_SuperDuperTrooper	Super-Duper Trooper	超级士兵
QuestLoc_SynthinaPinch_QuestName	QuestLoc_SynthinaPinch	Synth in a Pinch	被绑架的合成人
QuestLoc_SynthsforSale_QuestName	QuestLoc_SynthsforSale	Synths for Sale	售卖的合成人
QuestLoc_TakeMeOuttotheBallGame_QuestName	QuestLoc_TakeMeOuttotheBallGame	Take Me Out to the Ball Game	带我去比赛。
QuestLoc_TakingOuttheTrash_QuestName	QuestLoc_TakingOuttheTrash	Taking Out the Trash	清理垃圾
QuestLoc_Tankbusting_QuestName	QuestLoc_Tankbusting	Tankbusting	坦克终结者
QuestLoc_TargetPractice_QuestName	QuestLoc_TargetPractice	Target Practice	射击练习
QuestLoc_Test_01_QuestName	QuestLoc_Test_01	Test	测试
QuestLoc_The20thInning_QuestName	QuestLoc_The20thInning	The 20th Inning	第二十局
QuestLoc_TheAbyss_QuestName	QuestLoc_TheAbyss	The Abyss	无底洞
QuestLoc_TheBansheesKeen_QuestName	QuestLoc_TheBansheesKeen	The Banshee's Keen	女妖之恸哭
QuestLoc_TheBigsbyBrownCase_QuestName	QuestLoc_TheBigsbyBrownCase	The Bigsby Brown Case	比格斯比·布朗
QuestLoc_TheBookofWuv_QuestlineName	QuestLoc_TheBookofWuv	The Book of Wuv	恋爱之书
QuestLoc_TheBrothersGrime_QuestName	QuestLoc_TheBrothersGrime	The Brothers Grime	“污秽兄弟”
QuestLoc_TheCaseoftheCapturedCanine_QuestName	QuestLoc_TheCaseoftheCapturedCanine	The Case of the Captured Canine	被抓住的狗
QuestLoc_TheCaseoftheLostLunch_QuestName	QuestLoc_TheCaseoftheLostLunch	The Case of the Lost Lunch	消失的午餐
QuestLoc_TheCaseoftheMissingMitt_QuestName	QuestLoc_TheCaseoftheMissingMitt	The Case of the Missing Mitt	丢失的手套
QuestLoc_TheCaseoftheQuantumCreeper_QuestName	QuestLoc_TheCaseoftheQuantumCreeper	The Case of the Quantum Creeper	量子爬行者
QuestLoc_TheCatBurglar_QuestName	QuestLoc_TheCatBurglar	The Cat Burglar	偷猫贼
QuestLoc_TheDeBuggers_QuestName	QuestLoc_TheDeBuggers	The De-Buggers	除虫师们
QuestLoc_TheDoorBuster_QuestName	QuestLoc_TheDoorBuster	The Door Buster	破门神器
QuestLoc_TheEndoftheRainbow_QuestName	QuestLoc_TheEndoftheRainbow	The End of the Rainbow	彩虹的尽头
QuestLoc_TheFinalHunt_QuestName	QuestLoc_TheFinalHunt	The Final Hunt	最终猎杀
QuestLoc_TheFinalPush_QuestName	QuestLoc_TheFinalPush	The Final Push	最后一击
QuestLoc_TheGreatAmericanPastime_QuestName	QuestLoc_TheGreatAmericanPastime	The Great American Pastime	美国人的伟大消遣
QuestLoc_TheGreatTatoFamine_QuestlineName	QuestLoc_TheGreatTatoFamine	The Great Tato Famine	红果大短缺
QuestLoc_TheGridironGang_QuestlineName	QuestLoc_TheGridironGang	The Gridiron Gang	橄榄球帮
QuestLoc_TheHauntingofVault110_QuestName	QuestLoc_TheHauntingofVault110	The Haunting of Mass Chemical	大众化学惊魂
QuestLoc_TheInfiltrationGame_QuestName	QuestLoc_TheInfiltrationGame	The Infiltration Game	渗透游戏
QuestLoc_TheLastGobble_QuestName	QuestLoc_TheLastGobble	The Last Gobble!	最后的咯咯叫！
QuestLoc_TheMoleRatMan_QuestName	QuestLoc_TheMoleRatMan	The Mole Rat Man	鼹鼠人
QuestLoc_TheMostDangerousGame_QuestName	QuestLoc_TheMostDangerousGame	The Most Dangerous Game	最危险的游戏
QuestLoc_TheMysteriousDisappearingSpuds_QuestName	QuestLoc_TheMysteriousDisappearingSpuds	The Mysterious Disappearing Spuds	神秘消失的粮食
QuestLoc_TheMysteryofVault31_QuestlineName	QuestLoc_TheMysteryofVault31	The Mystery of Vault 31	31号避难所之谜
QuestLoc_TheMysteryofVault666_QuestName	QuestLoc_TheMysteryofVault666	The Mystery of Vault 666	666号避难所之谜
QuestLoc_TheNightWatch_QuestName	QuestLoc_TheNightWatch	The Night Watch	巡夜人
QuestLoc_ThePartyattheEndoftheWorld_QuestlineName	QuestLoc_ThePartyattheEndoftheWorld	The Party at the End of the World	世界尽头的派对
QuestLoc_ThePathofPaulaPlumbkin_QuestName	QuestLoc_ThePathofPaulaPlumbkin	The Path of Paula Plumbkin	宝拉·普朗布金的足迹
QuestLoc_TheQuestforVault525_QuestName	QuestLoc_TheQuestforVault525	The Quest for Vault 525	525号避难所任务
QuestLoc_TheRedRocketReveal_QuestName	QuestLoc_TheRedRocketReveal	The Red Rocket Reveal!	红火箭里的发现！
QuestLoc_TheReluctantShill_QuestName	QuestLoc_TheReluctantShill	The Reluctant Shill	不情愿的托儿
QuestLoc_TheRiteofSpraying_QuestName	QuestLoc_TheRiteofSpraying	The Rite of Spr(ay)ing	喷洒仪式
QuestLoc_TheRoadtoVaultopolis_QuestName	QuestLoc_TheRoadtoVaultopolis	The Road to Vaultopolis	避难所大都会之路
QuestLoc_TheScenicRoute_QuestName	QuestLoc_TheScenicRoute	The Scenic Route	风景优美的小路
QuestLoc_TheScorpionKing_QuestName	QuestLoc_TheScorpionKing	The Scorpion... King?	蝎子……王？
QuestLoc_TheSearchforJobinsonsJersey_QuestlineName	QuestLoc_TheSearchforJobinsonsJersey	The Search for Jobinson's Jersey!	寻找杰宾森的棒球衫！
QuestLoc_TheSecretofREDACTED_QuestName	QuestLoc_TheSecretofREDACTED	The Secret of [REDACTED]	[REDACTED]的秘密
QuestLoc_TheShadowWolf_QuestName	QuestLoc_TheShadowWolf	The Shadow Wolf	影狼
QuestLoc_TheSixthSun_QuestName	QuestLoc_TheSixthSun	The Sixth Sun	第六个太阳
QuestLoc_TheSpiritofTaking_QuestName	QuestLoc_TheSpiritofTaking	The Spirit of Taking	拿走主义
QuestLoc_TheSpreadingBlight_QuestName	QuestLoc_TheSpreadingBlight	The Spreading Blight	枯萎蔓延
QuestLoc_TheTailContinues_QuestName	QuestLoc_TheTailContinues	The Tail Continues	继续追踪
QuestLoc_TheThinlyVeiledPlotThickens_QuestName	QuestLoc_TheThinlyVeiledPlotThickens	The (Thinly Veiled) Plot Thickens	迷雾重重
QuestLoc_TheThrilloftheHunt_QuestlineName	QuestLoc_TheThrilloftheHunt	The Thrill of the Hunt	狩猎的战栗
QuestLoc_TheToweringIlForno_QuestName	QuestLoc_TheToweringIlForno	The Towering Il Forno	高楼大厦
QuestLoc_TheVaultTecVantage_QuestName	QuestLoc_TheVaultTecVantage	The Vault-Tec Vantage	避难所科技优势
QuestLoc_TheWizardofWater_QuestlineName	QuestLoc_TheWizardofWater	The Wizard of Water	水之术士
QuestLoc_TheYolksonYou_QuestName	QuestLoc_TheYolksonYou	The Yolk's on You	蛋黄之争
QuestLoc_TheresnoCryinginBaseball_QuestName	QuestLoc_TheresnoCryinginBaseball	There's no Crying in Baseball!	棒球场上没有眼泪！
QuestLoc_ThirdandGoal_QuestName	QuestLoc_ThirdandGoal	Third and Goal	三档达阵
QuestLoc_ThisGoldenRing_QuestName	QuestLoc_ThisGoldenRing	This Golden Ring	这枚金戒指
QuestLoc_ThrowMeSomePepper_QuestName	QuestLoc_ThrowMeSomePepper	Throw Me Some Pepper!	给我一些胡椒！
QuestLoc_ThymeisMoney_QuestName	QuestLoc_ThymeisMoney	Thyme is Money	珍贵的百里香
QuestLoc_TimeforaGrandSlam_QuestName	QuestLoc_TimeforaGrandSlam	Time for a Grand Slam?	大满贯时间？
QuestLoc_TimetoWakeUp_QuestName	QuestLoc_TimetoWakeUp	Time to Wake Up!	起床时间到！
QuestLoc_ToGrandmothersHouseWeGo_QuestName	QuestLoc_ToGrandmothersHouseWeGo	To Grandmother's House We Go	去外婆家
QuestLoc_Tonics_QuestName	QuestLoc_Tonics	Hooked On Tonics	汤剂上瘾
QuestLoc_TooGoodtobeTrue_QuestName	QuestLoc_TooGoodtobeTrue	Too Good to be True	太好了以至于不是真的
QuestLoc_ToySoldiers_QuestName	QuestLoc_ToySoldiers	Toy Soldiers	玩具士兵
QuestLoc_TruthAmongtheAshes_QuestName	QuestLoc_TruthAmongtheAshes	Truth Among the Ashes	灰烬里的真相
QuestLoc_UndercoverOperations_QuestName	QuestLoc_UndercoverOperations	Undercover Operations	卧底行动
QuestLoc_UninvitedGuests_QuestName	QuestLoc_UninvitedGuests	Uninvited Guests	不速之客
QuestLoc_Vault199_QuestName	QuestLoc_Vault199	Vault 199	199号避难所
QuestLoc_Vault789_QuestName	QuestLoc_Vault789	Vault 789	789号避难所
QuestLoc_VaultTecExperimentReview_QuestName	QuestLoc_VaultTecExperimentReview	Vault-Tec Experiment Review	避难所科技实验检阅
QuestLoc_VaultTecSavesChristmas_QuestlineName	QuestLoc_VaultTecSavesChristmas	Vault-Tec Saves Christmas!	避难所科技拯救了圣诞节！
QuestLoc_VaultopolisAwaits_QuestName	QuestLoc_VaultopolisAwaits	Vaultopolis Awaits!	前往桃花源！
QuestLoc_WalkofShame_QuestName	QuestLoc_WalkofShame	Walk of Shame	屈辱之路
QuestLoc_WaroftheNerds_QuestName	QuestLoc_WaroftheNerds	War of the Nerds	书呆子之战
QuestLoc_WastelandDoctoring_QuestName	QuestLoc_WastelandDoctoring	Wasteland Doctoring	废土医生
QuestLoc_WastelandGetaway_QuestName	QuestLoc_WastelandGetaway	Wasteland Getaway	废土度假屋
QuestLoc_WastelandTheMusical_QuestName	QuestLoc_WastelandTheMusical	Wasteland: The Musical	废土音乐剧
QuestLoc_WaterintoBrine_QuestName	QuestLoc_WaterintoBrine	Water into Brine	水变成盐水
QuestLoc_WeaponsRun_QuestName	QuestLoc_WeaponsRun	Weapons Run	武器搜寻
QuestLoc_WeddingCrashers_QuestName	QuestLoc_WeddingCrashers	Wedding Crashers	婚礼上的不速之客
QuestLoc_WelcometoParadise_QuestName	QuestLoc_WelcometoParadise	Welcome to Paradise	欢迎来到天堂
QuestLoc_WereBatting1000_QuestName	QuestLoc_WereBatting1000	We're Batting 1000!	我们百发百中！
QuestLoc_WhackaMole_QuestName	QuestLoc_WhackaMole	Whack-a-Mole	鼹鼠大战
QuestLoc_WhatsonSecond_QuestName	QuestLoc_WhatsonSecond	What's on Second.	“什么”在二垒？
QuestLoc_WhenIrishEyesareGlowing_QuestlineName	QuestLoc_WhenIrishEyesareGlowing	When Irish Eyes are Glowing	当爱尔兰的眼睛开始闪光
QuestLoc_WhenLifeThrowsYouaCurveball_QuestName	QuestLoc_WhenLifeThrowsYouaCurveball	When Life Throw's You a Curveball...	当生活甩给你一个弧形球……
QuestLoc_WhenPrestonCalls_QuestName	QuestLoc_WhenPrestonCalls	When Preston Calls	普雷斯顿的呼救
QuestLoc_WhosCarvingtheTurkey_QuestName	QuestLoc_WhosCarvingtheTurkey	Who's Carving the Turkey?	谁在切火鸡？
QuestLoc_WhosonFirst_QuestName	QuestLoc_WhosonFirst	Who's on First?	谁是第一个？
QuestLoc_WithFriendsLikeThese_QuestName	QuestLoc_WithFriendsLikeThese	With Friends Like These	另类的朋友
QuestLoc_WondersofNature_QuestName	QuestLoc_WondersofNature	Wonders of Nature	自然的奇迹
QuestLoc_WondersofScience_QuestName	QuestLoc_WondersofScience	Wonders of Science	科学的奇迹
QuestLoc_WondersofTechnology_QuestName	QuestLoc_WondersofTechnology	Wonders of Technology	技术的奇迹
QuestLoc_WorkingOvertime_QuestName	QuestLoc_WorkingOvertime	Working Overtime	加班加点
QuestLoc_WorstCoachEver_QuestName	QuestLoc_WorstCoachEver	Worst. Coach. Ever.	最。烂。教练。
QuestLoc_ZinesFromtheCommonwealth_QuestlineName	QuestLoc_ZinesFromtheCommonwealth	Zines From the Commonwealth	来自联邦的杂志
Room_AdminOffice	Room_AdminOffice	ADMIN OFFICE	行政办公室
Room_Armory	Room_Armory	ARMORY	军械库
Room_Bar	Room_Bar	LOUNGE	会客室
Room_BarberShop	Room_BarberShop	BARBERSHOP	美发店
Room_Cafeteria	Room_Cafeteria	DINER	餐厅
Room_Casino	Room_Casino	GAME ROOM	游戏室
Room_ClassRoom	Room_ClassRoom	CLASSROOM	教室
Room_DecorationFactory	Room_DecorationFactory	DECORATION WORKSHOP	装饰工坊
Room_DesignFactory	Room_DesignFactory	THEME WORKSHOP	主题工坊
Room_Dojo	Room_Dojo	ATHLETICS ROOM	体操房
Room_Elevator	Room_Elevator	ELEVATOR	电梯
Room_Energy2	Room_Energy2	NUCLEAR REACTOR	核电站
Room_Entrance	Room_Entrance	ENTRANCE	门厅
Room_Geothermal	Room_Geothermal	POWER GENERATOR	发电室
Room_Gym	Room_Gym	WEIGHT ROOM	举重房
Room_HydroponicFarm	Room_HydroponicFarm	GARDEN	花园
Room_LivingQuarter	Room_LivingQuarter	LIVING QUARTERS	宿舍
Room_Mausoleum	Room_Mausoleum	MAUSOLEUM	陵墓
Room_MedBay	Room_MedBay	MEDBAY	医务室
Room_NukaColaPlant	Room_NukaColaPlant	NUKA-COLA BOTTLER	核子可乐装瓶室
Room_OutfitFactory	Room_OutfitFactory	OUTFIT WORKSHOP	装备工坊
Room_Overseer	Room_Overseer	OVERSEER'S OFFICE	监督者办公室
Room_Radio	Room_Radio	RADIO STUDIO	广播室
Room_ScienceLab	Room_ScienceLab	SCIENCE LAB	科学实验室
Room_StorageArea	Room_StorageArea	STORAGE ROOM	储藏室
Room_SuperRoom2	Room_SuperRoom2	FITNESS ROOM	健身房
Room_UltraciteMining	Room_UltraciteMining	ULTRACITE MINE	辐射极琉矿矿场
Room_UltraciteWeaponFactory	Room_UltraciteWeaponFactory	ULTRACITE WEAPON WORKSHOP	辐射极琉矿武器工坊
Room_VaultEntrance	Room_VaultEntrance	VAULT DOOR	避难所大门
Room_Water2	Room_Water2	WATER PURIFICATION	净水点
Room_WaterProcessingPlant	Room_WaterProcessingPlant	WATER TREATMENT	水处理室
Room_WeaponFactory	Room_WeaponFactory	WEAPON WORKSHOP	武器工坊
Theme_Name_Anniversary_Diner	Theme	Party Diner	派对餐厅
Theme_Name_Anniversary_LivingQuarters	Theme	Party Living Quarters	派对宿舍
Theme_Name_BoS_Diner	Theme	BoS Diner	钢铁兄弟会餐厅
Theme_Name_BoS_LivingQuarters	Theme	BoS Living Quarters	钢铁兄弟会宿舍
Theme_Name_Christmas_Diner	Theme	Christmas Diner	圣诞节餐厅
Theme_Name_Christmas_LivingQuarters	Theme	Christmas Living Quarters	圣诞节宿舍
Theme_Name_EnclaveCafeteria	Theme	Enclave Cafeteria	英克雷食堂
Theme_Name_EnclaveLivingQuarters	Theme	Enclave Living Quarters	英克雷宿舍
Theme_Name_Halloween_Diner	Theme	Halloween Diner	万圣节餐厅
Theme_Name_Halloween_LivingQuarters	Theme	Halloween Living Quarters	万圣节宿舍
Theme_Name_Institute_Diner	Theme	Institute Diner	学院餐厅
Theme_Name_Institute_LivingQuarters	Theme	Institute Living Quarters	学院宿舍
Theme_Name_Lucky38Penthouse_LivingQuarters	Theme	Lucky 38 Penthouse	幸运38号顶层公寓
Theme_Name_Minutemen_Diner	Theme	Minutemen Diner	义勇军餐厅
Theme_Name_Minutemen_LivingQuarters	Theme	Minutemen Living Quarters	义勇军宿舍
Theme_Name_Railroad_Diner	Theme	Railroad Diner	铁路餐厅
Theme_Name_Railroad_LivingQuarters	Theme	Railroad Living Quarters	铁路宿舍
Theme_Name_Standard_Diner	Theme	Standard Diner	标准餐厅
Theme_Name_Standard_LivingQuarters	Theme	Standard Living Quarters	标准宿舍
Theme_Name_Standard_NukaColaPlant	Theme	Standard Nuka-Cola Plant	标准核子可乐工厂
Theme_Name_Standard_WeaponFactory	Theme	Standard Weapon Plant	标准武器工厂
Theme_Name_SunsetSarsaparilla	Theme	Sunset Sarsaparilla	日落沙士
Theme_Name_Thanksgiving_Diner	Theme	Thanksgiving Diner	感恩节餐厅
Theme_Name_Thanksgiving_LivingQuarters	Theme	Thanksgiving Living Quarters	感恩节宿舍
Theme_Name_UltraciteWeaponFactory	Theme	Ultracite Weapon Plant	辐射极琉矿武器工厂
Theme_Name_Vault33_Diner	Theme	Vault 33 Diner	33号避难所餐厅
Theme_Name_Vault33_LivingQuarters	Theme	Vault 33 Living Quarters	33号避难所宿舍
Theme_ShortName_AnniversaryParty	Theme_ShortName_AnniversaryParty	Party	派对
Theme_ShortName_BoS	Theme_ShortName_BoS	Brotherhood of Steel	钢铁兄弟会
Theme_ShortName_Christmas	Theme_ShortName_Christmas	Christmas	圣诞节
Theme_ShortName_Enclave	Theme_ShortName_Enclave	Enclave	英克雷
Theme_ShortName_Exterior	Theme_ShortName_Exterior	Exterior Theme	外观主题
Theme_ShortName_Halloween	Theme_ShortName_Halloween	Halloween	万圣节
Theme_ShortName_Institute	Theme_ShortName_Institute	Institute	学院
Theme_ShortName_LivingQuarters	Theme_ShortName_LivingQuarters	Living Quarters Theme	宿舍主题
Theme_ShortName_Lucky38Penthouse	Theme_ShortName_Lucky38Penthouse	Lucky 38 Penthouse	幸运38号顶层公寓
Theme_ShortName_Minutemen	Theme_ShortName_Minutemen	Minutemen	义勇军
Theme_ShortName_NukaColaPlant	Theme_ShortName_NukaColaPlant	Nuka-Cola Plant Theme	核子可乐工厂主题
Theme_ShortName_Railroad	Theme_ShortName_Railroad	Railroad	铁路
Theme_ShortName_Standard	Theme_ShortName_Standard	Standard	标准
Theme_ShortName_Thanksgiving	Theme_ShortName_Thanksgiving	Thanksgiving	感恩节
Theme_ShortName_Vault33	Theme_ShortName_Vault33	Vault 33	33号避难所
Theme_ShortName_Workshop	Theme_ShortName_Workshop	Workshop Theme	工厂主题
Weapon_Name_032Pistol	Weapon	.32 Pistol	.32手枪
Weapon_Name_032Pistol_ArmorPiercing	Weapon	Armor Piercing .32 Pistol	穿甲.32手枪
Weapon_Name_032Pistol_Enhanced	Weapon	Enhanced .32 Pistol	增强型.32手枪
Weapon_Name_032Pistol_Hardened	Weapon	Hardened .32 Pistol	硬化型.32手枪
Weapon_Name_032Pistol_Rusty	Weapon	Rusty .32 Pistol	生锈的.32手枪
Weapon_Name_032Pistol_WildBillsSidearm	Weapon	Wild Bill's Sidearm	狂野比尔手枪
Weapon_Name_50CalMachineGun	Weapon	.50 Cal Machine Gun	.50机枪
Weapon_Name_50CalMachineGun_ArmorPiercing	Weapon	Armor Piercing .50 Cal Machine Gun	穿甲.50机枪
Weapon_Name_50CalMachineGun_Enhanced	Weapon	Enhanced .50 Cal Machine Gun	强化的.50机枪
Weapon_Name_50CalMachineGun_Hardened	Weapon	Hardened .50 Cal Machine Gun	加固的.50机枪
Weapon_Name_50CalMachineGun_Rusty	Weapon	Rusty .50 Cal Machine Gun	生锈的.50机枪
Weapon_Name_AlienBlaster	Weapon	Alien Blaster	异形破坏者
Weapon_Name_AlienBlaster_Amplified	Weapon	Amplified Alien Blaster	放大型异形破坏者
Weapon_Name_AlienBlaster_Destabilizer	Weapon	Destabilizer	“稳定破坏者”冲击枪
Weapon_Name_AlienBlaster_Focused	Weapon	Focused Alien Blaster	聚焦型异形破坏者
Weapon_Name_AlienBlaster_Rusty	Weapon	Rusty Alien Blaster	生锈的异形破坏者
Weapon_Name_AlienBlaster_Tuned	Weapon	Tuned Alien Blaster	调谐型异形破坏者
Weapon_Name_AlienDisintegrator	Weapon	Alien Disintegrator	外星分解枪
Weapon_Name_AlienDisintegrator_Enhanced	Weapon	Enhanced Alien Disintegrator	强化的外星分解枪
Weapon_Name_AlienDisintegrator_Hardened	Weapon	Hardened Alien Disintegrator	加固的外星分解枪
Weapon_Name_AlienDisintegrator_Rusty	Weapon	Rusty Alien Disintegrator	生锈的外星分解枪
Weapon_Name_AmataPistol	Weapon	Amata's Pistol	阿玛塔的手枪
Weapon_Name_ArmorPiercingT60Pistol	Weapon	Armor Piercing T60 Pistol	穿甲T60手枪
Weapon_Name_AssaultRifle	Weapon	Assault Rifle	突击步枪
Weapon_Name_AssaultRifle_ArmorPiercing	Weapon	Armor Piercing Assault Rifle	穿甲突击步枪
Weapon_Name_AssaultRifle_Enhanced	Weapon	Enhanced Assault Rifle	增强型突击步枪
Weapon_Name_AssaultRifle_Hardened	Weapon	Hardened Assault Rifle	硬化型突击步枪
Weapon_Name_AssaultRifle_Infiltrator	Weapon	Infiltrator	“渗透者”突击步枪
Weapon_Name_AssaultRifle_Rusty	Weapon	Rusty Assault Rifle	生锈的突击步枪
Weapon_Name_AssaultronHead	Weapon	Assaultron Head	突袭者头部
Weapon_Name_AssaultronHead_Enhanced	Weapon	Enhanced Assaultron Head	强化的突袭者头部
Weapon_Name_AssaultronHead_Hardened	Weapon	Hardened Assaultron Head	加固的突袭者头部
Weapon_Name_AssaultronHead_Rusty	Weapon	Rusty Assaultron Head	生锈的突袭者头部
Weapon_Name_AutumnLaserPistol	Weapon	Autumn's Laser Pistol	奥顿的激光手枪
Weapon_Name_BBGun	Weapon	BB Gun	BB枪
Weapon_Name_BBGun_ArmorPiercing	Weapon	Armor Piercing BB Gun	穿甲BB枪
Weapon_Name_BBGun_Enhanced	Weapon	Enhanced BB Gun	增强型BB枪
Weapon_Name_BBGun_Hardened	Weapon	Hardened BB Gun	硬化型BB枪
Weapon_Name_BBGun_RedRocket	Weapon	Red Rocket	红色火箭
Weapon_Name_BBGun_Rusty	Weapon	Rusty BB Gun	生锈的BB枪
Weapon_Name_BOSAssaultRifle	Weapon	BOS Assault Rifle	兄弟会突击步枪
Weapon_Name_BOSAssaultRifle_ArmorPiercing	Weapon	Armor Piercing BOS Assault Rifle	穿甲兄弟会突击步枪
Weapon_Name_BOSAssaultRifle_Enhanced	Weapon	Enhanced BOS Assault Rifle	强化的兄弟会突击步枪
Weapon_Name_BOSAssaultRifle_Hardened	Weapon	Hardened BOS Assault Rifle	加固的兄弟会突击步枪
Weapon_Name_BOSAssaultRifle_Rusty	Weapon	Rusty BOS Assault Rifle	生锈的兄弟会突击步枪
Weapon_Name_BaseballBat	Weapon	Baseball Bat	棒球棍
Weapon_Name_ButchPistol	Weapon	Butch's Pistol	布奇的手枪
Weapon_Name_ButcherKnife	Weapon	Butcher Knife	屠夫的刀
Weapon_Name_CombatShotgun	Weapon	Combat Shotgun	战斗霰弹枪
Weapon_Name_CombatShotgun_CharonsShotgun	Weapon	Charon's Shotgun	卡戎的霰弹枪
Weapon_Name_CombatShotgun_DoubleBarrelled	Weapon	Double-Barrel Combat Shotgun	双筒战斗霰弹枪
Weapon_Name_CombatShotgun_Enhanced	Weapon	Enhanced Combat Shotgun	增强型战斗霰弹枪
Weapon_Name_CombatShotgun_Hardened	Weapon	Hardened Combat Shotgun	硬化型战斗霰弹枪
Weapon_Name_CombatShotgun_Rusty	Weapon	Rusty Combat Shotgun	生锈的战斗霰弹枪
Weapon_Name_CrossLaserPistol	Weapon	Cross' Laser Pistol	克罗丝的激光手枪
Weapon_Name_Cryolator	Weapon	Cryolator	冰冻枪
Weapon_Name_Dad032Pistol	Weapon	Dad's 0.32	爸爸的0.32
Weapon_Name_ElderLaserPistol	Weapon	Elder Lyons' Laser Pistol	里昂长老激光枪
Weapon_Name_EnclavePlasmaRifle	Weapon	Enclave Plasma Rifle	英克雷等离子步枪
Weapon_Name_EnhancedT60Pistol	Weapon	Enhanced T60 Pistol	强化的T60手枪
Weapon_Name_EnhancedTranqPistol	Weapon	Enhanced Tranq Gun	强化的麻醉枪
Weapon_Name_FatMan	Weapon	Fat Man	胖子核弹
Weapon_Name_FatMan_Enhanced	Weapon	Enhanced Fat Man	增强型胖子核弹
Weapon_Name_FatMan_Guided	Weapon	Guided Fat Man	引导型胖子核弹
Weapon_Name_FatMan_Hardened	Weapon	Hardened Fat Man	硬化型胖子核弹
Weapon_Name_FatMan_Mirv	Weapon	MIRV	分导式多弹头核弹
Weapon_Name_FatMan_Rusty	Weapon	Rusty Fat Man	生锈的胖子核弹
Weapon_Name_FireHydrantBat	Weapon	Fire Hydrant Bat	消防栓球棒
Weapon_Name_Fist	Weapon	Fist	拳头
Weapon_Name_Flamer	Weapon	Flamer	火焰喷射器
Weapon_Name_Flamer_Burnmaster	Weapon	Burnmaster	燃烧大师火焰喷射器
Weapon_Name_Flamer_Enhanced	Weapon	Enhanced Flamer	增强型火焰喷射器
Weapon_Name_Flamer_Hardened	Weapon	Hardened Flamer	硬化型火焰喷射器
Weapon_Name_Flamer_Pressurized	Weapon	Pressurized Flamer	增压型火焰喷射器
Weapon_Name_Flamer_Rusty	Weapon	Rusty Flamer	生锈的火焰喷射器
Weapon_Name_GatlingLaser	Weapon	Gatling Laser	加特林激光枪
Weapon_Name_GatlingLaser_Amplified	Weapon	Amplified Gatling Laser	放大型加特林激光枪
Weapon_Name_GatlingLaser_Focused	Weapon	Focused Gatling Laser	聚焦型加特林激光枪
Weapon_Name_GatlingLaser_Rusty	Weapon	Rusty Gatling Laser	生锈的加特林激光枪
Weapon_Name_GatlingLaser_Tuned	Weapon	Tuned Gatling Laser	调谐型加特林激光枪
Weapon_Name_GatlingLaser_Vengeance	Weapon	Vengeance	“复仇”激光枪
Weapon_Name_GaussPistol_Enhanced	Weapon	Enhanced Gauss Pistol	强化的高斯手枪
Weapon_Name_GaussPistol_Focused	Weapon	Focused Gauss Pistol	聚能的高斯手枪
Weapon_Name_GaussPistol_Hardened	Weapon	Hardened Gauss Pistol	加固的高斯手枪
Weapon_Name_GaussPistol_Rusty	Weapon	Rusty Gauss Pistol	生锈的高斯手枪
Weapon_Name_GaussRifle	Weapon	Gauss Rifle	高斯步枪
Weapon_Name_GaussRifle_Accelerated	Weapon	Accelerated Gauss Rifle	加速型高斯步枪
Weapon_Name_GaussRifle_Enhanced	Weapon	Enhanced Gauss Rifle	增强型高斯步枪
Weapon_Name_GaussRifle_Hardened	Weapon	Hardened Gauss Rifle	硬化型高斯步枪
Weapon_Name_GaussRifle_Magnetron4000	Weapon	Magnetron 4000	磁控管4000步枪
Weapon_Name_GaussRifle_Rusty	Weapon	Rusty Gauss Rifle	生锈的高斯步枪
Weapon_Name_GhoulRevolver	Weapon	Ghoul Revolver	尸鬼左轮
Weapon_Name_GrognaksAxe	Weapon	Grognak's Axe	古古那的斧子
Weapon_Name_HardenedT60Pistol	Weapon	Hardened T60 Pistol	加固的T60手枪
Weapon_Name_HardenedTranqPistol	Weapon	Hardened Tranq Gun	加固的麻醉枪
Weapon_Name_HarknessAssaultRifle	Weapon	Harkness's Assault Rifle	哈克尼斯突击步枪
Weapon_Name_HuntingRifle	Weapon	Hunting Rifle	猎枪
Weapon_Name_HuntingRifle_ArmorPiercing	Weapon	Armor Piercing Hunting Rifle	穿甲型猎枪
Weapon_Name_HuntingRifle_Enhanced	Weapon	Enhanced Hunting Rifle	增强型猎枪
Weapon_Name_HuntingRifle_Hardened	Weapon	Hardened Hunting Rifle	硬化型猎枪
Weapon_Name_HuntingRifle_OlPainless	Weapon	Ol' Painless	“无痛杀手”猎枪
Weapon_Name_HuntingRifle_Rusty	Weapon	Rusty Hunting Rifle	生锈的猎枪
Weapon_Name_InstitutePistol	Weapon	Institute Pistol	学院手枪
Weapon_Name_InstitutePistol_Apotheosis	Weapon	Apotheosis	“巅峰”手枪
Weapon_Name_InstitutePistol_Improved	Weapon	Improved Institute Pistol	改进型学院手枪
Weapon_Name_InstitutePistol_Incendiary	Weapon	Incendiary Institute Pistol	燃烧型学院手枪
Weapon_Name_InstitutePistol_Scattered	Weapon	Scattered Institute Pistol	分散型学院手枪
Weapon_Name_InstitutePistol_Scoped	Weapon	Scoped Institute Pistol	狙击型学院手枪
Weapon_Name_InstituteRifle	Weapon	Institute Rifle	学院步枪
Weapon_Name_InstituteRifle_Excited	Weapon	Excited Institute Rifle	激发型学院步枪
Weapon_Name_InstituteRifle_Long	Weapon	Long Institute Rifle	加长型学院步枪
Weapon_Name_InstituteRifle_NightVision	Weapon	Night-Vision Institute Rifle	夜视型学院步枪
Weapon_Name_InstituteRifle_Targeting	Weapon	Targeting Institute Rifle	定向型学院步枪
Weapon_Name_InstituteRifle_VirgilsRifle	Weapon	Virgil's Rifle	维吉尔步枪
Weapon_Name_JerichoAssaultRifle	Weapon	Jericho's Assault Rifle	耶利哥突击步枪
Weapon_Name_JonesMagnum	Weapon	Jones' Scoped .44	琼斯.44狙击枪
Weapon_Name_JunkJet	Weapon	Junk Jet	垃圾喷射炮
Weapon_Name_JunkJet_Electrified	Weapon	Electrified Junk Jet	电气型垃圾喷射炮
Weapon_Name_JunkJet_Flaming	Weapon	Flaming Junk Jet	火焰型垃圾喷射炮
Weapon_Name_JunkJet_RecoilCompensated	Weapon	Recoil Compensated Junk Jet	后坐力补偿型垃圾喷射炮
Weapon_Name_JunkJet_Tactical	Weapon	Tactical Junk Jet	战术型垃圾喷射炮
Weapon_Name_JunkJet_TechniciansRevenge	Weapon	Technician's Revenge	“技师的复仇”垃圾喷射炮
Weapon_Name_KelloggsPistol	Weapon	Kellogg's Pistol	克罗格的手枪
Weapon_Name_KitchenKnife	Weapon	Kitchen Knife	菜刀
Weapon_Name_LaserMusket	Weapon	Laser Musket	激光火枪
Weapon_Name_LaserPistol	Weapon	Laser Pistol	激光手枪
Weapon_Name_LaserPistol_Amplified	Weapon	Amplified Laser Pistol	放大型激光手枪
Weapon_Name_LaserPistol_Focused	Weapon	Focused Laser Pistol	聚焦型激光手枪
Weapon_Name_LaserPistol_Rusty	Weapon	Rusty Laser Pistol	生锈的激光手枪
Weapon_Name_LaserPistol_SmugglersEnd	Weapon	Smuggler's End	“走私犯终结者”激光手枪
Weapon_Name_LaserPistol_Tuned	Weapon	Tuned Laser Pistol	调谐激光手枪
Weapon_Name_LaserRifle	Weapon	Laser Rifle	激光步枪
Weapon_Name_LaserRifle_Amplified	Weapon	Amplified Laser Rifle	放大型激光步枪
Weapon_Name_LaserRifle_Focused	Weapon	Focused Laser Rifle	聚焦型激光步枪
Weapon_Name_LaserRifle_Rusty	Weapon	Rusty Laser Rifle	生锈的激光步枪
Weapon_Name_LaserRifle_Tuned	Weapon	Tuned Laser Rifle	调谐型激光步枪
Weapon_Name_LaserRifle_WazerWifle	Weapon	Wazer Wifle	“基光布枪”激光步枪
Weapon_Name_LeverActionRifle	Weapon	Lever-Action Rifle	杠杆步枪
Weapon_Name_LeverActionRifle_ArmorPiercing	Weapon	Armor Piercing Lever-Action Rifle	穿甲型杠杆步枪
Weapon_Name_LeverActionRifle_Enhanced	Weapon	Enhanced Lever-Action Rifle	增强型杠杆步枪
Weapon_Name_LeverActionRifle_Hardened	Weapon	Hardened Lever-Action Rifle	硬化型杠杆步枪
Weapon_Name_LeverActionRifle_Henrietta	Weapon	Henrietta	亨丽埃塔
Weapon_Name_LeverActionRifle_LincolnsRepeater	Weapon	Lincoln's Repeater	林肯连发型杠杆步枪
Weapon_Name_LeverActionRifle_Rusty	Weapon	Rusty Lever-Action Rifle	生锈的杠杆步枪
Weapon_Name_LincolnRifle	Weapon	Lincoln's Rifle	林肯步枪
Weapon_Name_LyonsLaserRifle	Weapon	Lyon's Laser Rifle	里昂激光步枪
Weapon_Name_Magnum	Weapon	Scoped .44	.44狙击枪
Weapon_Name_Magnum_ArmorPiercing	Weapon	Armor Piercing Scoped .44	穿甲型.44狙击枪
Weapon_Name_Magnum_Blackhawk	Weapon	Blackhawk	“黑鹰”狙击枪
Weapon_Name_Magnum_Enhanced	Weapon	Enhanced Scoped .44	增强型.44狙击枪
Weapon_Name_Magnum_Hardened	Weapon	Hardened Scoped .44	硬化型.44狙击枪
Weapon_Name_Magnum_Rusty	Weapon	Rusty Scoped .44	生锈的.44狙击枪
Weapon_Name_MaresLeg	Weapon	Mare's Leg	马腿
Weapon_Name_Minigun	Weapon	Minigun	旋转机枪
Weapon_Name_Minigun_ArmorPiercing	Weapon	Armor Piercing Minigun	穿甲型旋转机枪
Weapon_Name_Minigun_Enhanced	Weapon	Enhanced Minigun	增强型旋转机枪
Weapon_Name_Minigun_Hardened	Weapon	Hardened Minigun	硬化型旋转机枪
Weapon_Name_Minigun_LeadBelcher	Weapon	Lead Belcher	“吐铅者”旋转机枪
Weapon_Name_Minigun_Rusty	Weapon	Rusty Minigun	生锈的旋转机枪
Weapon_Name_MissileLauncher	Weapon	Missile Launcher	飞弹发射器
Weapon_Name_MissileLauncher_Enhanced	Weapon	Enhanced Missile Launcher	增强型飞弹发射器
Weapon_Name_MissileLauncher_Guided	Weapon	Guided Missile Launcher	引导型飞弹发射器
Weapon_Name_MissileLauncher_Hardened	Weapon	Hardened Missile Launcher	硬化型飞弹发射器
Weapon_Name_MissileLauncher_MissLauncher	Weapon	Miss Launcher	“发射者女士”飞弹发射器
Weapon_Name_MissileLauncher_Rusty	Weapon	Rusty Missile Launcher	生锈的飞弹发射器
Weapon_Name_MountainMomma	Weapon	Mountain Momma	大山妈妈
Weapon_Name_MrBurkePistol	Weapon	Mr. Burkes' Pistol	伯克先生手枪
Weapon_Name_Pickaxe	Weapon	Pickaxe	镐
Weapon_Name_PipePistol	Weapon	Pipe Pistol	管道手枪
Weapon_Name_PipePistol_Auto	Weapon	Auto Pipe Pistol	自动管道手枪
Weapon_Name_PipePistol_HairTrigger	Weapon	Hair Trigger Pipe Pistol	微力扳机管道手枪
Weapon_Name_PipePistol_Heavy	Weapon	Heavy Pipe Pistol	重型管道手枪
Weapon_Name_PipePistol_LittleBrother	Weapon	Little Brother	“小弟”管道手枪
Weapon_Name_PipePistol_Scoped	Weapon	Scoped Pipe Pistol	狙击管道手枪
Weapon_Name_PipeRifle	Weapon	Pipe Rifle	管道步枪
Weapon_Name_PipeRifle_Bayoneted	Weapon	Bayoneted Pipe Rifle	刺刀型管道步枪
Weapon_Name_PipeRifle_BigSister	Weapon	Big Sister	“大姐”管道步枪
Weapon_Name_PipeRifle_Calibrated	Weapon	Calibrated Pipe Rifle	校准型管道步枪
Weapon_Name_PipeRifle_Long	Weapon	Long Pipe Rifle	加长型管道步枪
Weapon_Name_PipeRifle_NightVision	Weapon	Night-Vision Pipe Rifle	夜视管道步枪
Weapon_Name_Pistol	Weapon	10mm Pistol	10mm手枪
Weapon_Name_Pistol_ArmorPiercing	Weapon	Armor Piercing 10mm Pistol	穿甲型10mm手枪
Weapon_Name_Pistol_Enhanced	Weapon	Enhanced 10mm Pistol	增强型10mm手枪
Weapon_Name_Pistol_Hardened	Weapon	Hardened 10mm Pistol	硬化型10mm手枪
Weapon_Name_Pistol_LoneWanderer	Weapon	Lone Wanderer	“独行者”手枪
Weapon_Name_Pistol_Rusty	Weapon	Rusty 10mm Pistol	生锈的10mm手枪
Weapon_Name_PlasmaCaster	Weapon	Plasma Caster	等离子发射器
Weapon_Name_PlasmaCaster_Enhanced	Weapon	Enhanced Plasma Caster	强化的等离子发射器
Weapon_Name_PlasmaCaster_Hardened	Weapon	Hardened Plasma Caster	加固的等离子发射器
Weapon_Name_PlasmaCaster_Rusty	Weapon	Rusty Plasma Caster	生锈的等离子发射器
Weapon_Name_PlasmaPistol	Weapon	Plasma Pistol	等离子手枪
Weapon_Name_PlasmaPistol_Amplified	Weapon	Amplified Plasma Pistol	放大型等离子手枪
Weapon_Name_PlasmaPistol_Focused	Weapon	Focused Plasma Pistol	聚焦型等离子手枪
Weapon_Name_PlasmaPistol_MPLXNovasurge	Weapon	MPLX Novasurge	MPLX 新星涌动
Weapon_Name_PlasmaPistol_Rusty	Weapon	Rusty Plasma Pistol	生锈的等离子手枪
Weapon_Name_PlasmaPistol_Tuned	Weapon	Tuned Plasma Pistol	调谐型等离子手枪
Weapon_Name_PlasmaRifle	Weapon	Plasma Rifle	等离子步枪
Weapon_Name_PlasmaRifle_Amplified	Weapon	Amplified Plasma Rifle	放大型等离子步枪
Weapon_Name_PlasmaRifle_Focused	Weapon	Focused Plasma Rifle	聚焦型等离子步枪
Weapon_Name_PlasmaRifle_MeanGreenMonster	Weapon	Mean Green Monster	“凶狠绿怪”等离子步枪
Weapon_Name_PlasmaRifle_Rusty	Weapon	Rusty Plasma Rifle	生锈的等离子步枪
Weapon_Name_PlasmaRifle_Tuned	Weapon	Tuned Plasma Rifle	调谐型等离子步枪
Weapon_Name_PlasmaThrower	Weapon	Plasma Thrower	等离子喷枪
Weapon_Name_PlasmaThrower_Agitated	Weapon	Agitated Plasma Thrower	激发型等离子喷枪
Weapon_Name_PlasmaThrower_Boosted	Weapon	Boosted Plasma Thrower	增压型等离子喷枪
Weapon_Name_PlasmaThrower_DragonsMaw	Weapon	Dragon's Maw	“龙胃”等离子喷枪
Weapon_Name_PlasmaThrower_Overcharged	Weapon	Overcharged Plasma Thrower	过载型等离子喷枪
Weapon_Name_PlasmaThrower_Tactical	Weapon	Tactical Plasma Thrower	战术型等离子喷枪
Weapon_Name_PoolCue	Weapon	Pool Cue	台球杆
Weapon_Name_PowerFist	Weapon	Power Fist	动力拳套
Weapon_Name_PowerFistEd	Weapon	Ed's Custom Power Fist	埃德的自制动力拳套
Weapon_Name_PowerFist_Enhanced	Weapon	Enhanced Power Fist	强化的动力拳套
Weapon_Name_PowerFist_Hardened	Weapon	Hardened Power Fist	加固的动力拳套
Weapon_Name_PowerFist_Rusty	Weapon	Rusty Power Fist	生锈的动力拳套
Weapon_Name_PulseRifle	Weapon	Pulse Rifle	脉冲步枪
Weapon_Name_PulseRifle_Enhanced	Weapon	Enhanced Pulse Rifle	强化的脉冲步枪
Weapon_Name_PulseRifle_Hardened	Weapon	Hardened Pulse Rifle	加固的脉冲步枪
Weapon_Name_PulseRifle_Rusty	Weapon	Rusty Pulse Rifle	生锈的脉冲步枪
Weapon_Name_RadiumRifle	Weapon	Radium Rifle	镭步枪
Weapon_Name_RaiderSword	Weapon	Relentless Raider Sword	掠夺者的无情剑
Weapon_Name_Railgun	Weapon	Railway Rifle	射钉步枪
Weapon_Name_Railgun_Accelerated	Weapon	Accelerated Railway Rifle	加速型射钉步枪
Weapon_Name_Railgun_Enhanced	Weapon	Enhanced Railway Rifle	增强型射钉步枪
Weapon_Name_Railgun_Hardened	Weapon	Hardened Railway Rifle	硬化型射钉步枪
Weapon_Name_Railgun_Railmaster	Weapon	Railmaster	“轨道大师”射钉步枪
Weapon_Name_Railgun_Rusty	Weapon	Rusty Railway Rifle	生锈的射钉步枪
Weapon_Name_Rifle	Weapon	Rifle	步枪
Weapon_Name_Rifle_Legendary	Weapon	Legendary Rifle	传奇级步枪
Weapon_Name_Rifle_Rare	Weapon	Rare Rifle	稀有级步枪
Weapon_Name_Ripper	Weapon	Ripper	齿锯
Weapon_Name_Ripper_Enhanced	Weapon	Enhanced Ripper	强化的齿锯
Weapon_Name_Ripper_Hardened	Weapon	Hardened Ripper	加固的齿锯
Weapon_Name_Ripper_Rusty	Weapon	Rusty Ripper	生锈的齿锯
Weapon_Name_RustyT60Pistol	Weapon	Rusty T60 Pistol	生锈的T60手枪
Weapon_Name_RustyTranqPistol	Weapon	Rusty Tranq Gun	生锈的麻醉枪
Weapon_Name_SawedOffShotgun	Weapon	Sawed-Off Shotgun	短管霰弹枪
Weapon_Name_SawedOffShotgun_DoubleBarrelled	Weapon	Double-Barrel Sawed-Off Shotgun	双筒短管霰弹枪
Weapon_Name_SawedOffShotgun_Enhanced	Weapon	Enhanced Sawed-Off Shotgun	增强型短管霰弹枪
Weapon_Name_SawedOffShotgun_Hardened	Weapon	Hardened Sawed-Off Shotgun	硬化型短管霰弹枪
Weapon_Name_SawedOffShotgun_Kneecapper	Weapon	Kneecapper	“碎膝者”短管霰弹枪
Weapon_Name_SawedOffShotgun_Rusty	Weapon	Rusty Sawed-Off Shotgun	生锈的短管霰弹枪
Weapon_Name_ScribePistol	Weapon	Scribe Rothchild's Pistol	罗瑟查尔德学士手枪
Weapon_Name_SheriffAssaultRifle	Weapon	Sheriff's Assault Rifle	警长突击步枪
Weapon_Name_Shotgun	Weapon	Shotgun	霰弹枪
Weapon_Name_Shotgun_DoubleBarrelled	Weapon	Double-Barrel Shotgun	双筒霰弹枪
Weapon_Name_Shotgun_Enhanced	Weapon	Enhanced Shotgun	增强型霰弹枪
Weapon_Name_Shotgun_FarmersDaughter	Weapon	Farmer's Daughter	“农夫女儿”霰弹枪
Weapon_Name_Shotgun_Hardened	Weapon	Hardened Shotgun	硬化型霰弹枪
Weapon_Name_Shotgun_Rusty	Weapon	Rusty Shotgun	生锈的霰弹枪
Weapon_Name_SingleShotgun	Weapon	Shotgun	霰弹枪
Weapon_Name_SniperRifle	Weapon	Sniper Rifle	狙击步枪
Weapon_Name_SniperRifle_ArmorPiercing	Weapon	Armor Piercing Sniper Rifle	穿甲狙击步枪
Weapon_Name_SniperRifle_Enhanced	Weapon	Enhanced Sniper Rifle	增强型狙击步枪
Weapon_Name_SniperRifle_Hardened	Weapon	Hardened Sniper Rifle	硬化型狙击步枪
Weapon_Name_SniperRifle_Rusty	Weapon	Rusty Sniper Rifle	生锈的狙击步枪
Weapon_Name_SniperRifle_VictoryRifle	Weapon	Victory Rifle	“胜利”狙击步枪
Weapon_Name_SuperSledge	Weapon	Super Sledge	超级大锤
Weapon_Name_SurgicalRipper	Weapon	Surgical Ripper	手术齿锯
Weapon_Name_SurgicalRipper_Enhanced	Weapon	Enhanced Surgical Ripper	强化的手术齿锯
Weapon_Name_SurgicalRipper_Hardened	Weapon	Hardened Surgical Ripper	加固的手术齿锯
Weapon_Name_SurgicalRipper_Rusty	Weapon	Rusty Surgical Ripper	生锈的手术齿锯
Weapon_Name_T60Pistol	Weapon	T60 Pistol	T60手枪
Weapon_Name_TenpennySniperRifle	Weapon	Tenpenny's Sniper Rifle	特佩尼的狙击步枪
Weapon_Name_TranqPistol	Weapon	Tranq Gun	麻醉枪
Weapon_Name_TriBeamLaserRifle	Weapon	Tri-Beam Laser Rifle	三束激光步枪
Weapon_Name_UltraciteGatling1	Weapon	Ultracite Gatling Laser	辐射极琉矿加特林激光枪
Weapon_Name_UltraciteGatling2	Weapon	Maximized Ultracite Gatling Laser	极限辐射极琉矿加特林激光枪
Weapon_Name_UltracitePlasma1	Weapon	Ultracite Plasma Rifle	辐射极琉矿等离子步枪
Weapon_Name_UltracitePlasma2	Weapon	Optimized Ultracite Plasma Rifle	优化辐射极琉矿等离子步枪
Weapon_Name_UltraciteSword1	Weapon	Ultracite Sword	辐射极琉矿剑
Weapon_Name_UltraciteSword2	Weapon	Ultracite Terror Sword	辐射极琉矿恐惧之剑
