EN	key	现译
Agh! A Deathclaw! Retreat! I'm a lover not a fighter!	MrHandyDialog_Wasteland_43	啊！死爪！快跑！我只擅长爱人，不擅长打架！
Agh! A Deathclaw! Retreat! I'm a lover not a fighter!	SnipSnipDialog_Wasteland_43	啊！死爪！快跑！我只会谈情说爱，不会打打杀杀！
Amazing! You got it right! You've won... Lose Your Head!	QuestLoc_GameShowGauntletA_Conversation_4_NPCEnd_3	真厉害！你答对了！你赢下了……“掉脑袋”！
Amazing! You got it right! You've won... Lose Your Head!	QuestLoc_GameShowGauntletB_Conversation_4_NPCEnd_3	真厉害！你答对了！你赢下了……“掉脑袋”！
Amazing! You got it right! You've won... Lose Your Head!	QuestLoc_GameShowGauntletD_Conversation_4_NPCEnd_3	真不错！你说对了！你赢了……该“掉脑袋”了！
And to think, humans worried that robots would turn against them. They turned ag	MrHandyDialog_Wasteland_27	想想看，人类还担心机器人会反叛他们呢。他们自己反目成仇，倒是干得挺漂亮的……
And to think, humans worried that robots would turn against them. They turned ag	SnipSnipDialog_Wasteland_27	想想看，人类居然还担心机器人会反叛他们。他们自己反目成仇，倒是干得挺漂亮……
Before the blasted war, I probably would have had a nice suburban family to take	MrHandyDialog_Generic_24	在那场该死的战争之前，我本来大概会有一个生活小康的郊区家庭要照顾……
Before the blasted war, I probably would have had a nice suburban family to take	SnipSnipDialog_Generic_24	在那场该死的战争之前，我可能会照顾一个生活小康的郊区家庭……
Cool.	QuestLoc_AllWorkandNoPlay_Conversation_2_NPCEnd_1	赞。
Cool.	QuestLoc_AllWorkandNoPlay_Conversation_2_Team_1	行。
Discover the origin of the Horsemen.	QuestLoc_JustDeserts_QuestObjective_1	查明末日骑士的起源。
Discover the origin of the Horsemen.	QuestLoc_JustDeserts_QuestShortDescription	探索骑士的起源。
Good. Now go and cause mayhem!	QuestLoc_SpyonRaiders_Conversation_3A_NPCEnd_1	很好。现在去大闹一场吧！
Good. Now go and cause mayhem!	QuestLoc_SpyonRaiders_Conversation_3B_NPCEnd_1	很好。现在去致伤致残吧！
Good. Now go and cause mayhem!	QuestLoc_SpyonRaiders_Conversation_3C_NPCEnd_1	很好。现在去致伤致残吧！
Good. Now go and cause mayhem!	QuestLoc_SpyonRaiders_Conversation_3D_NPCEnd_1	很好。现在去致伤致残吧！
Good. Now go and cause mayhem!	QuestLoc_SpyonRaiders_Conversation_3E_NPCEnd_1	很好。现在去致伤致残吧！
I have to admit. For a giant metal hole in the ground, this Vault is exceedingly	MrHandyDialog_Generic_19	不得不承认，对于地底下这么个巨大的金属坑来说，这个避难所非常舒适。
I have to admit. For a giant metal hole in the ground, this Vault is exceedingly	SnipSnipDialog_Generic_19	对于地底下这么个巨大的金属坑来说，这个避难所非常舒适。
Let's do our part to protect the Wasteland by clearing out a nearby nest of dang	QuestLoc_GuardianoftheWastes:Deathclaws_QuestLongDescription	我们也该为保卫废土出份力——去清掉附近那窝又危险又受辐射的生物吧！
Let's do our part to protect the Wasteland by clearing out a nearby nest of dang	QuestLoc_GuardianoftheWastes:FeralGhouls_QuestLongDescription	让我们为保卫废土尽一份力。清理掉那一窝危险的，被辐射过的生物吧！
Let's do our part to protect the Wasteland by clearing out a nearby nest of dang	QuestLoc_GuardianoftheWastes:MoleRats_QuestLongDescription	让我们为保卫废土尽一份力。清理掉那一窝危险的，被辐射过的生物吧！
Let's do our part to protect the Wasteland by clearing out a nearby nest of dang	QuestLoc_GuardianoftheWastes:Radroaches_QuestLongDescription	让我们为保卫废土尽一份力。清理掉那一窝危险的，被辐射过的生物吧！
Let's do our part to protect the Wasteland by clearing out a nearby nest of dang	QuestLoc_GuardianoftheWastes:Radscorpions_QuestLongDescription	让我们为保卫废土尽一份力。清理掉那一窝危险的，被辐射过的生物吧！
My kingdom for an oil bath...	MrHandyDialog_Generic_04	愿用我的整个王国换一场机油浴……
My kingdom for an oil bath...	SnipSnipDialog_Generic_04	我渴望一场机油浴……
Quests allow you to explore new locations, meet new Dwellers and collect loot.

	Help_Page26_MainText_PS4	任务允许您探索新的地点，遇见新的居民和收集战利品。

建造监督者办公室，从您的避难所里派出一队居民去完成任务。

要访问任务列表，在监督者的办公室按或从哔哔小子选择地图图标。任务列表显示您的可用任务、奖励、需求和状态。

在任务中，通过选择您希望居民前往的房间来探索地点。

居民在战斗中自动战斗，但您可以命令一个选定的居民攻击一个特定的敌人，只需按住使一个目标出现，然后选择一个敌人。

当您的居民战斗，他们将显示一个暴击计量器；时机成熟时，一个复选标记图标将出现在您的居民正攻击的敌人身上。

当一个居民被选中后，用左摇杆选择复选标记，然后按住发动致命一击。

按以停止出现的移动的箭头；箭头越靠近十字线的中心，您的致命一击的伤害倍数就越高。

居民的运气属性越高，暴击计量器填充得越快，您的居民观察力越高，暴击箭头移动得就越慢。

按可以查看必须完成和可选完成的任务目标。

当您完成探索后，可通过任务目标界面将任务小队召回避难所。
Quests allow you to explore new locations, meet new Dwellers and collect loot.

	Help_Page26_MainText_Switch	任务允许您探索新的地点，遇见新的居民和收集战利品。

建造监督者办公室，从您的避难所里派出一队居民去完成任务。

要访问任务列表，在监督者的办公室按或从哔哔小子选择地图图标。任务列表显示您的可用任务、奖励、需求和状态。

在任务中，通过选择您希望居民前往的房间来探索地点。

居民在战斗中自动战斗，但您可以命令一个选定的居民攻击一个特定的敌人，只需按住使一个目标出现，然后选择一个敌人。

当您的居民战斗，他们将显示一个暴击计量器；时机成熟时，一个复选标记图标将出现在您的居民正攻击的敌人身上。

当一个居民被选中后，用左摇杆选择复选标记，然后按住发动致命一击。

按以停止出现的移动的箭头；箭头越靠近十字线的中心，您的致命一击的伤害倍数就越高。

居民的运气属性越高，暴击计量器填充得越快，您的居民观察力越高，暴击箭头移动得就越慢。

按可以查看必须完成和可选完成的任务目标。

当您完成探索后，可通过任务目标界面将任务小队召回避难所。
Quests allow you to explore new locations, meet new Dwellers and collect loot.

	Help_Page26_MainText_Xbox	任务能让您探索新的地点，遇见新的居民和收集战利品。

建造监督者办公室来派遣居民小队去完成任务。

按下监督者办公室里的或者哔哔小子上的地图图标来进入任务列表。任务列表会显示您现在可以执行的任务，以及相对应的奖励，要求和状态。

在任务中，选择您希望居民前往的房间即可探索地点。

居民会自动战斗，但您可以命令选定的居民攻击一个特定目标：按住使目标出现，然后选择敌人。

居民在战斗时会出现一个暴击蓄力器；一旦准备好，居民攻击的敌人上方会出现一个勾形图标。

当选中一个居民时，用左摇杆选择勾形图标，按住来释放一次致命暴击。

当箭头出现在十字线的中心时，按下来停下移动的箭头。离中心越近，暴击伤害的倍率就越高。

居民的运气（L）属性越高，暴击蓄力器的恢复速度也就越快。居民的观察力（P）属性越高，箭头移动的速度越慢。

按下来查看必须和选择性完成的任务目标。

当您结束探险时，可以从任务目标里让任务小队返回避难所。
Scavenging the Wasteland like some sort of peasant. I'm better than this.	MrHandyDialog_Wasteland_29	像个乡巴佬一样在废土上捡破烂？我可不该沦落到这个地步。
Scavenging the Wasteland like some sort of peasant. I'm better than this.	SnipSnipDialog_Wasteland_29	像个乡巴佬一样在废土上捡破烂？我可比这强多了。
That's it, humans. Pump it up!	MrHandyDialog_Gym_01	这就对了，人类，练起来！
That's it, humans. Pump it up!	MrHandyDialog_Gym_02	这就对了，人类，练起来！
That's it, humans. Pump it up!	SnipSnipDialog_Gym_01	加油，人类！
That's it, humans. Pump it up!	SnipSnipDialog_Gym_02	加油，人类！
To assign a {DWELLER}, {CLICK} and {HOLD} on the Dweller and then {DRAG} them to	Message_Tutorial_09_PC	要分配一个{居民}，{点击}并{按住}该居民，再将其{拖拽}到一个房间。试试把这个{居民}分配到您刚刚建好的{发电室}里。
To assign a {DWELLER}, {CLICK} and {HOLD} on the Dweller and then {DRAG} them to	Message_Tutorial_68_PC	要派遣一个{居民}，{点击}并{按住}居民，然后将他们{拖拽}到一个房间。试试将这个{居民}分配到您刚刚建好的{发电室}里。
To assign a {DWELLER}, {TAP} and {HOLD} on the Dweller and then {DRAG} them to a	Message_Tutorial_09	要分配一个{居民}，{点击}并{按住}该居民，再将其{拖拽}到一个房间。试试把这个{居民}分配到您刚刚建好的{发电室}里。
To assign a {DWELLER}, {TAP} and {HOLD} on the Dweller and then {DRAG} them to a	Message_Tutorial_68	要派遣一个{居民}，{点击}并{按住}居民，然后将他们{拖拽}到一个房间。试试将这个{居民}分配到您刚刚建好的{发电室}里。
You hear about the light that went bad? They put it in prism. Get it? Prism?	MrHandyDialog_Generic_22	听说有个灯泡学坏了？他们把它关进了棱镜监狱。懂吗？棱镜？
You hear about the light that went bad? They put it in prism. Get it? Prism?	SnipSnipDialog_Generic_22	听说有个灯泡学坏了？他们把它关进了“棱镜”（prism，谐音监狱 prison）。懂吗？棱镜？
