EN	中文维基标题	维基中文名(简体)	判定	处数	本库样例
Allistair Tenpenny	阿利斯泰尔·特佩尼	阿利斯泰尔·特佩尼	一致	1	阿利斯泰尔·特佩尼老头想除掉的眼中钉是哪一个？
Blackhawk	黑鷹 (Fallout 3)	黑鹰	一致	1	“黑鹰”狙击枪
Bloatfly	巨大蒼蠅	巨大苍蝇	一致	5	一只巨大苍蝇，嗡嗡叫着逼近，近得危险。
Boston Common	波士頓公園	波士顿公园	一致	1	那个藏在波士顿公园池塘里的巨兽叫什么名字？
Brahmin	婆羅門	婆罗门	★不同	15	……还有双头牛的草地生蚝。莫哈维最棒的！
Brotherhood	鋼鐵兄弟會	钢铁兄弟会	一致	89	<给所有兄弟会精英发消息炫耀>
Brotherhood of Steel	鋼鐵兄弟會	钢铁兄弟会	一致	40	一个值得钢铁兄弟会星骑士穿戴的装甲。你值得拥有。
Cambridge Police Station	劍橋警察局	剑桥警察局	一致	2	剑桥警察局。
Capital Wasteland	首都废土	首都废土	一致	2	废土上哪座最著名的雕像没了脑袋？
Burnmaster	燃燒大師 (Fallout 3)	燃烧大师	一致	1	燃烧大师火焰喷射器
Commonwealth Minutemen	義勇兵	义勇兵	★不同	1	我叫普雷斯顿·加维，联邦义勇军民兵组织的成员。
Colonel Autumn	奥古斯特·奥特姆	奥古斯特·奥特姆	★不同	1	你真觉得你们能对抗奥特姆上校？对抗英克雷？
Chryslus Corvega	克莱斯拉汽車公司	克莱斯拉汽车公司	★不同	3	哦，看啊，一辆旧的克莱斯勒·可伟佳。核动力汽车可真是个“好”主意啊……
Commonwealth	联邦	联邦	一致	15	下面哪个地点不属于联邦？
Critical Hit	暴击	暴击	一致	9	任务能让您探索新的地点，遇见新的居民和收集战利品。

建造监督者办公室来派遣居民小队去完成任务。

按下监督者办公室里的或者哔哔小子上的地
Critical Hits	暴击	暴击	一致	8	• 建造房间
• 升级房间
• 获得居民
• 完成任务
• 释放暴击
Cryolator	冰冻枪	冰冻枪	一致	1	冰冻枪
Dandy Boy Apples	花花公子蘋果	花花公子苹果	一致	2	呃，这可有点尴尬。如果你是在找“花花公子苹果”的话……我……全吃了。
Deathclaw	死亡爪	死亡爪	★不同	105	一只死爪把博物馆变成了它自己家！
Corvega Factory	可伟佳工廠	可伟佳工厂	★不同	3	在可伟佳装配厂寻找普雷斯顿。
Diamond City	鑽石城	钻石城	一致	3	从丹恩城到钻石城，真正的废土传说。
Deathclaws	死亡爪	死亡爪	★不同	47	“猫王”是新维加斯大道上的重要人物。他能扭转对抗死爪的战局。
Detective Case Files	侦探案件档案	侦探案件档案	★不同	1	侦探的案件档案
Eiffel Tower	埃菲尔铁塔	埃菲尔铁塔	一致	1	哦，埃菲尔铁塔，必须是它。多浪漫啊。前提是，你懂的……它还在的话。
Enclave	英克雷	英克雷	一致	109	<重新编程，让英克雷变得和平>
Elder Maxson	亞瑟·麥克森	亚瑟·麦克森	★不同	2	兄弟会坑了我们。现在该好好回敬他们了。我们已经把麦克森长老和他的随从引入陷阱，就等你们来收网了。
Enclave Remnants	英克雷残党	英克雷残党	★不同	2	对付英克雷残部首领
Fallout Shelter	辐射:避难所	辐射:避难所	★不同	13	- 先点击居民，再点击房间或废土，将居民派往该处。

- 点击储藏室打开库存。

- 在设备的主屏幕上点击辐射避难所图标，直接进入避难所。
Feral Ghoul	狂屍鬼	狂尸鬼	一致	26	一个危险的狂尸鬼掠夺者。
Flamer	火焰噴射器	火焰喷射器	一致	5	增压型火焰喷射器
Freeside	自由城	自由城	一致	5	去自由城找找物资。
Galaxy News Radio	銀河新聞電台	银河新闻电台	一致	3	“饥荒”和“瘟疫”就在外面，无论他们是谁，追随者都大有人在。“战争”和“死亡”则是另外两位臭名昭著的“末日骑士”。他们也在废土上肆虐吗？如果
General Atomics	通用原子国际	通用原子国际	一致	10	在通用原子工厂里一无所获。但还好有一个被遗弃的616号避难所可以去看看。
General Atomics International	通用原子国际	通用原子国际	一致	6	感谢通用原子国际让我免受恶心和肥胖的威胁。
Ghoul	屍鬼	尸鬼	一致	71	一个危险的狂尸鬼掠夺者。
Ghouls	屍鬼	尸鬼	一致	92	“掠夺者、尸鬼和罪犯们从各地赶来，为一位末日骑士而战。战斗，然后死去。
Giddyup Buttercup	奶油小马	奶油小马	一致	7	嗯，我这儿正好有一匹奶油小马。圣诞快乐！
Glowing One	發光種	发光种	一致	24	不能再让发光种“闪闪”惹麻烦了。干掉它，然后领取奖励。
Great War	大戰	大战	一致	11	一种高技术的步兵武器，在战前被士兵使用。
Hannibal Hamlin	汉尼拔•哈姆林	汉尼拔•哈姆林	★不同	1	汉尼拔哈姆林想要修复的是哪座纪念碑？
Hardware Town	五金商城	五金商城	★不同	1	有一家旧的“五金小镇”商店我们还没去看过。也许教练去那里补给物资了。我们出发吧。
Harkness	哈克尼斯	哈克尼斯	一致	8	会见安保长官哈克尼斯。
Headhunting	獵頭行動	猎头行动	一致	1	猎头行动
Henrietta	汉丽埃塔	汉丽埃塔	★不同	10	“我的名字叫亨丽埃塔，也许我能帮忙。”
Hubris Comics	虎不理漫畫出版社	虎不理漫画出版社	★不同	2	“虎不理漫画”公司总部。
Infiltrator	渗透者(辅助能力)	渗透者	一致	1	“渗透者”突击步枪
Institute	學院	学院	一致	98	一个学院分裂组织有情报给我们。他们只想要化学设备作为回报。
John Smith	约翰·史密斯	约翰·史密斯	一致	3	你好，我是叫约翰·史密斯的人类，这是一个人类的名字。
Kendall Hospital	肯德爾醫院	肯德尔医院	一致	5	义勇军民兵普雷斯顿·加维被困在肯德尔医院了，医院被狂尸鬼和不知道是什么的可怕东西包围了，快救他！
Khan	可汗帮	可汗帮	★不同	11	不，不是。这是大汗帮领地，我们抢来的！你要想夺回去，就跟我们打！
Khans	可汗帮	可汗帮	★不同	8	你现在面对的是疯狂大汗帮！如果他们喜欢你，就不会杀你。疯狂大汗帮喜欢你吗？
Lady Luck	幸運女神	幸运女神	一致	3	我是这儿的监督者。幸运女神总是站在我这边！
Lone Wanderer	獨行者	独行者	一致	4	“独行者”手枪
Lorenzo Cabot	羅倫佐·凱伯	罗伦佐·凯伯	★不同	1	洛伦佐·卡伯特被关押在哪里？
Ma June	玛·琼	玛·琼	一致	6	什么？哦，嗯，欢迎来到玛·琼的小店。我们有莫哈维最好的衣服。
Marcus	马库斯	马库斯	★不同	7	你真的要这样吗？行啊，去和那些居民们一起生活啊，马克斯！我一点儿也不在乎！
Maximus	马克西姆斯(电视剧)	马克西姆斯	一致	10	你……你好。我是马克西姆斯兄弟。我刚才只是在，呃，视察这地方。为了……寻找科技。
Minigun	旋轉機槍	旋转机枪	一致	6	增强型旋转机枪
Mirelurk	泥沼蟹	泥沼蟹	一致	12	一只泥沼蟹猎杀者。
Mirelurks	泥沼蟹	泥沼蟹	一致	2	一群泥沼蟹在那下面打了我个措手不及！我勉强逃了出来。
Mister Handy	巧手先生	巧手先生	一致	17	“巧手先生”这名字可不是白叫的。
Mysterious Stranger	神秘客	神秘客	★不同	4	恭喜你找到了神秘陌生人，他给你带来了一些瓶盖（基本上你就是在“抢劫”他）。
Minutemen	義勇兵	义勇兵	★不同	14	义勇军
Miss Launcher	发射小姐 (Fallout 3)	发射小姐	★不同	1	“发射者女士”飞弹发射器
Moira	莫伊拉‧布朗	莫伊拉‧布朗	★不同	5	以下哪个地方，莫伊拉没有派“孤独流浪者”去过？
Mojave	莫哈韋廢土	莫哈韦废土	★不同	7	……还有双头牛的草地生蚝。莫哈维最棒的！
Mojave Desert	莫哈韋廢土	莫哈韦废土	★不同	1	亚麻布：莫哈维沙漠中唯一合适的正装，除非你不在乎汗渍。
Molerat	鼴鼠	鼹鼠	一致	4	天哪，监督者在上！会说话的鼹鼠！我能摸摸你吗？
New Vegas	新維加斯	新维加斯	一致	12	前往新维加斯附近奴隶贩子的基地，与他们对峙。
Nick Valentine	尼克·瓦倫坦	尼克·瓦伦坦	一致	2	将您的赛季通行证提升至更高等级。获得普通通行证的所有特权，外加以下内容：25枚赛季徽章、全新居里巧手小姐、全新传奇居民尼克·瓦伦坦、指挥官制
Novac	諾瓦克	诺瓦克	一致	7	你们毁了诺瓦克的氛围。
Old Longfellow	老朗费罗	老朗费罗	一致	1	看上去像是个古董，但别让老朗费罗听到你这么说。
National Guard Depot	國民警衛隊徵兵處	国民警卫队征兵处	★不同	2	一个看起来像是旧国民警卫队仓库的地方。
Nuka-Cola Factory	核子可樂工廠	核子可乐工厂	一致	6	不在，掠夺者把他们带到了核子可乐工厂。
Nuka-Cola Plant	核子可樂工廠	核子可乐工厂	一致	11	“麦克森硬汉小队”的一员告诉我他的队伍去清理核子可乐工厂了。看来这就是我们下一站的目的地。
Peabody	皮博迪	皮博迪	一致	11	不要有任何可笑的想法！皮博迪想勾引我妻子已经够糟的了……
Pest Control	驅蟲	驱虫	★不同	1	虫害防治
Pip Boy	哔哔小子	哔哔小子	一致	1	我们是76号避难所的。呃，这是我的哔哔小子。
Pip-Boy	哔哔小子	哔哔小子	一致	30	1. 废土- 点击避难所外面可查看废土日志。
2. 居民菜单- 可以用来快速整理和选择您的居民。
3. 幸福度- 避难所整体的幸福度。点击可
Poseidon Energy	海神能源	海神能源	一致	8	177号避难所的掠夺者首领吹嘘他们把瓶瓶和盖盖带去了海神能源办公室。但愿她讲的是真话。
Power Noodles	劲道面馆	劲道面馆	★不同	1	我发现一盒……能量面条？听起来很有营养。
Power Armor	动力装甲	动力装甲	一致	39	T-45A 动力装甲
Preston Garvey	普雷斯頓·加維	普雷斯顿·加维	一致	10	一群定居者被困在鼹鼠巢穴里。据说他们有关于普雷斯顿·加维的消息。快去帮他们脱困吧！
Project Purity	净水计划	净水计划	一致	1	什么军事组织在净水计划正式启动前占领了它？
Protectron	保護者	保护者	一致	5	保护者机器人
Radroach	辐射蟑螂	辐射蟑螂	一致	43	<辐射蟑螂的声响>
Radroaches	辐射蟑螂	辐射蟑螂	一致	38	一位独居的女人住在一座废弃小屋里，正被辐射蟑螂侵扰。我们应该帮帮她！
Radscorpion	辐射蝎	辐射蝎	一致	51	一只巨型辐射蝎。
Radscorpions	辐射蝎	辐射蝎	一致	28	不！！你杀死了我珍贵的宠物——我那些超酷的辐射蝎！
Raiders	掠奪者	掠夺者	一致	170	“掠夺者、尸鬼和罪犯们从各地赶来，为一位末日骑士而战。战斗，然后死去。
Republic of Dave	戴夫共和国	戴夫共和国	★不同	1	请问，谁是戴维共和国的疯狂领袖？
Rivet City	鉚釘城	铆钉城	一致	3	我们从铆钉城安保长官哈克尼斯那里收到一条讯息，他要亲自给我们传达一些重要信息。穿上你最好的衣服，在避难所北边被遗弃的大无敌超市见见他。
Red Menace	红色威胁(辐射4)	红色威胁	一致	4	哼，就让这些人类来挑战我在《红色威胁》中的高分吧……
Red Rocket Truck Stop	紅火箭維修站	红火箭维修站	★不同	8	{0}发现了一个红火箭服务站。
Railroad	鐵路組織	铁路组织	一致	28	一台有铁路资料的终端……
RobCo Industries	羅科工業	罗科工业	★不同	1	欢迎！欢迎来到罗伯科工业。请问有什么需要帮忙的？
Salisbury Steak	肉汁漢堡排	肉汁汉堡排	★不同	2	探险家日志。新条目：肚子饿了。馋索尔兹伯里牛排了。
Sanctuary	庇護山丘(任務)	庇护山丘	一致	4	庇护山丘。
Shotgun	霰彈槍	霰弹枪	一致	19	<霰弹枪>，不……<因为>，不……<追寻>，不……<背叛>……对了！
Season Pass	Fallout 4擴展包	Fallout 4扩展包	★不同	13	使用赛季通行证解锁
Securitrons	保安機器人	保安机器人	一致	26	与发出求救信号的保安机器人会面。
Slavers	奴隶制	奴隶制	★不同	7	他不是你的丈夫，他是我们的朋友。奴隶贩子们去哪里了？
Smuggler's End	私贩终结者(辐射3)	私贩终结者	★不同	1	“走私犯终结者”激光手枪
Sugar Bombs	糖衣炸彈麥片	糖衣炸弹麦片	一致	9	啊，糖衣炸弹麦片。含有百分之百的……死亡成分！
Synth	合成人	合成人	一致	31	<紧张地笑> 人们怕是要以为你是合成人了……
Super Mutant	超級變種人	超级变种人	一致	29	一个巨兽？这是在逗我吗？这简直就是在和一栋楼战斗！
Super Mutants	超級變種人	超级变种人	一致	9	嗯，远处有些大块头人类，也许……啊，没错，超级变种人。该掉头了。
Survival Mode	生存模式	生存模式	一致	5	我们强烈建议您先玩正常模式，学习游戏的基本知识，然后再尝试生存模式。
The King	貓王	猫王	一致	7	“猫王”是新维加斯大道上的重要人物。他能扭转对抗死爪的战局。
The Pack	狼帮	狼帮	★不同	3	正确，不过操作者和派克帮也是对的。
The Railroad	鐵路組織	铁路组织	★不同	7	一群自称“铁路”的人正试图把难民偷偷送过这一带，结果被掠夺者抓住。趁还来得及，找到他们并把他们救出来。
The Overseer	監管人	监管人	★不同	28	333号避难所的监督者也许能帮助我们找到宝拉·普朗布金，但首先我们得杀掉“坦克弗兰克”。
Three Dog	三狗	三狗	一致	22	“饥荒”和“瘟疫”就在外面，无论他们是谁，追随者都大有人在。“战争”和“死亡”则是另外两位臭名昭著的“末日骑士”。他们也在废土上肆虐吗？如果
Trinity Tower	三一塔	三一塔	★不同	1	谁被困在了崔尼帝塔？
Ultracite	辐射激流矿	辐射激流矿	★不同	44	• 建造房间
• 升级房间
• 获得居民
• 在辐尸人袭击中生还
• 开采辐射极琉矿
• 打造辐射极琉矿武器
Vault	避难所	避难所	一致	829	#FalloutShelter 快来看看我的避难所！
Vault 33	33号避难所	33号避难所	一致	19	333号避难所的监督者也许能帮助我们找到宝拉·普朗布金，但首先我们得杀掉“坦克弗兰克”。
Vault Dweller	放逐者	放逐者	★不同	28	1. 废土- 点击避难所外面可查看废土日志。
2. 居民菜单- 可以用来快速整理和选择您的居民。
3. 幸福度- 避难所整体的幸福度。点击可
Vault Overseer	監管人	监管人	★不同	3	干掉一名敌对的避难所监督者。
Vault-Tec	避难所科技公司	避难所科技公司	★不同	101	390号避难所废墟里的掠夺者首领告诉我，“麦克森硬汉小队”在避难所科技总部。我很担心他们的安危，所以我最好赶紧穿好装备赶过去！
Vault-Tec Headquarters	避难所科技总部	避难所科技总部	一致	3	390号避难所废墟里的掠夺者首领告诉我，“麦克森硬汉小队”在避难所科技总部。我很担心他们的安危，所以我最好赶紧穿好装备赶过去！
Wasteland	廢土	废土	一致	337	

- 加速废土探索时间 

- 极速打造物品

- 每天跳过不止一个目标

- 跳过特定任务

- 极速完成美发店个性化



Wonderglue	万能胶	万能胶	★不同	2	我自己用神奇胶水做发油。给。你试试看。
Weston Water Treatment Plant	韋斯頓淨水站	韦斯顿净水站	★不同	1	韦斯顿水处理厂。
Wilson Automatoys	威森原子玩具	威森原子玩具	★不同	2	教练不在威尔逊原子玩具厂，但是也许他在麦登健身房里锻炼！
Wilson Atomatoys Factory	威森原子玩具工廠	威森原子玩具工厂	★不同	5	“麦克森硬汉小队”的一些人在威尔逊原子玩具厂被杀害了。其他人撤回到了海神能源办公室。我要去那里。
