key	new_zh	note
SnipSnip_Name	咔嚓先生	专名①
MrHandy_ContentOdds	巧手先生 (92%)\n咔嚓先生 (8%)	专名①
LunchBox_Content_Card5	稀有居民 (20.0%)\n传奇居民 (4.9%)\n巧手先生 (0.2%)\n咔嚓先生 (0.02%)\n稀有武器 (13.2%)\n传奇武器 (7.1%)\n稀有护甲 (12.9%)\n传奇护甲 (7.8%)\n普通宠物 (0.02%)\n稀有宠物 (1.0%)\n传奇宠物 (0.3%)\n瓶盖 (32.6%)	专名①
QuestLoc_GameShowGauntletB_Conversation_4_NPCStart_2	谁是银河新闻电台的DJ？	专名②
Outfit_Name_NCRPowerArmor	新加州共和国动力装甲	专名③
Weapon_Name_BBGun_RedRocket	红火箭	专名④
Outfit_Name_UtilityJumpsuit	装甲避难所制服	专名⑤
Outfit_Name_UtilityJumpsuit_Sturdy	坚固避难所制服	专名⑤
Outfit_Name_UtilityJumpsuit_Heavy	重型避难所制服	专名⑤
Outfit_Name_jump	避难所制服	专名⑤
Speech_LivingQuarter_PickupLines_49	我是一个有执照的避难所制服检查员。我需要紧紧地拥抱你。	专名⑤
Speech_Generic_Dweller56	我想知道避难所制服和牛仔靴搭配会是什么样子。	专名⑤
QuestLoc_SantasHelpers_Conversation_2_NPCStart_2	告诉圣诞老人我们真的需要一些新的避难所制服！	专名⑤
QuestLoc_ExtremePrejudice_Conversation_3_Team_1	我把它留在我的另一个避难所制服里了。	专名⑤
QuestLoc_TheMostDangerousGame_QuestLongDescription	看起来你需要更大的挑战，要不要试试猎杀一下人类？这次你只能穿你的避难所制服。	专名⑤
Outfit_Description_UtilityJumpsuit	一件标准的避难所制服，用来适应废土的严酷环境。	专名⑤
Shop_SeasonPass_Enclave_Premium_Description	将您的赛季通行证提升至更高等级。获得普通通行证的所有特权，外加以下内容：25枚赛季徽章、全新赛博狗宠物、全新英克雷军官制服、奥特姆上校的制服、重型避难所制服、变种人猎人装备、“龙胃”等离子喷枪、2个宠物笼子和5000瓶盖。	专名⑤
Outfit_Name_PowerArmor	T-45A 动力装甲	专名⑥
Outfit_Name_PowerArmor_51a	T-51A 动力装甲	专名⑥
Outfit_Name_PowerArmor_51d	T-51D 动力装甲	专名⑥
Outfit_Name_PowerArmor_51f	T-51F 动力装甲	专名⑥
Outfit_Name_PowerArmor_T45d	T-45D 动力装甲	专名⑥
Outfit_Name_PowerArmor_T45f	T-45F 动力装甲	专名⑥
Outfit_Name_PowerArmor_T60a	T-60A 动力装甲	专名⑥
Outfit_Name_PowerArmor_T60d	T-60D 动力装甲	专名⑥
Shop_SeasonPass_NewVegasA_Premium_Description	将赛季通行证提升至新高度。获得普通通行证全部权益，外加以下内容：25枚赛季徽章、豪斯先生、马克西姆斯夹克、T-45d 动力装甲、修身西装、专家连身服、技术人员的报复、2个宠物笼子，以及5000瓶盖。	专名⑥
Shop_SeasonPass_Premium_Description	将赛季通行证提升至新高度。获得普通通行证全部权益，外加以下内容：25枚赛季徽章、凯特和泽克、T-60f 动力装甲、重型战斗甲、指挥官制服、2个宠物笼子、辐射极琉矿加特林激光枪，以及5000瓶盖。	专名⑥
Encounter_Progression_Repeatable_JunkLocation10	被妖怪一家人逼到了山洞的角落。我会尽力安抚它们。	专名⑦
Encounter_Victory_NPC6	我帮助猎人找到了妖怪并杀死了它。	专名⑦
Speech_Conversation_NPC1_Topic59	辐射蝎和妖怪打架，谁会赢？	专名⑦
Encounter_Random_Message143	探险家日志。新条目：妖怪是一种凶猛的变异熊。	专名⑦
Encounter_Victory_Creature5	这是一场艰苦的战斗，但我杀死了妖怪。	专名⑦
Encounter_Message_Creature5	一只可怕的妖怪！	专名⑦
Speech_LivingQuarter_PickupLines_52	避难所有一只妖怪吗？它一定在找你，亲爱的。	专名⑦
Encounter_Defeat_NPC6	我找不到妖怪。猎人认为我很无能。	专名⑦
Weapon_Description_HuntingRifle_Enhanced	想要一个新妖怪皮衣柜？用这把枪。	专名⑦
Junk_Name_YaoGuaiHide	妖怪皮	专名⑦
Encounet_Progression_Creature10	妖怪逼近，准备攻击。	专名⑦
Encounet_Progression_Creature9	妖怪正向我冲过来！它把我当成了午餐！	专名⑦
Speech_Conversation_NPC2_Topic11_Response3	我不知道，有些名字听起来还挺萌的。比如说“妖怪”，能有多糟呀？	专名⑦
VictorDialog_Wasteland_31	妖怪？我看倒像是“要你命”！	专名⑦
Encounet_Progression_NPC6	猎人需要我帮他找到妖怪。	专名⑦
Encounter_Defeat_Creature5	我真是疯了，居然和妖怪杠上了。但愿我能逃脱！	专名⑦
CurieDialog_Wasteland_30	我相信那是妖怪。光是看到它们，就一定能让人类产生巨大的恐惧反应。	专名⑦
MrHandyDialog_Wasteland_43	啊！死爪！快跑！我只会谈情说爱，不会打打杀杀！	8-1
QuestLoc_GameShowGauntletD_Conversation_4_NPCEnd_3	真厉害！你答对了！你赢下了……“掉脑袋”！	8-2
MrHandyDialog_Wasteland_27	想想看，人类居然还担心机器人会反叛他们。他们自己反目成仇，倒是干得挺漂亮……	8-3
SnipSnipDialog_Generic_24	在那场该死的战争之前，我本来大概会有一个生活小康的郊区家庭要照顾……	8-4
SnipSnipDialog_Generic_19	不得不承认，对于地底下这么个巨大的金属坑来说，这个避难所非常舒适。	8-5
SnipSnipDialog_Generic_04	愿用我的整个王国换一场机油浴……	8-6
SnipSnipDialog_Wasteland_29	像个乡巴佬一样在废土上捡破烂？我可不该沦落到这个地步。	8-7
SnipSnipDialog_Gym_01	这就对了，人类，练起来！	8-8
SnipSnipDialog_Gym_02	这就对了，人类，练起来！	8-8
MrHandyDialog_Generic_22	听说有个灯泡学坏了？他们把它关进了“棱镜”（prism，谐音监狱 prison）。懂吗？棱镜？	8-9
QuestLoc_JustDeserts_QuestShortDescription	查明末日骑士的起源。	8-11
QuestLoc_SpyonRaiders_Conversation_3B_NPCEnd_1	很好。现在去大闹一场吧！	8-12
QuestLoc_SpyonRaiders_Conversation_3C_NPCEnd_1	很好。现在去大闹一场吧！	8-12
QuestLoc_SpyonRaiders_Conversation_3D_NPCEnd_1	很好。现在去大闹一场吧！	8-12
QuestLoc_SpyonRaiders_Conversation_3E_NPCEnd_1	很好。现在去大闹一场吧！	8-12
QuestLoc_GuardianoftheWastes:FeralGhouls_QuestLongDescription	我们也该为保卫废土出份力——去清掉附近那窝又危险又受辐射的生物吧！	8-13
QuestLoc_GuardianoftheWastes:MoleRats_QuestLongDescription	我们也该为保卫废土出份力——去清掉附近那窝又危险又受辐射的生物吧！	8-13
QuestLoc_GuardianoftheWastes:Radroaches_QuestLongDescription	我们也该为保卫废土出份力——去清掉附近那窝又危险又受辐射的生物吧！	8-13
QuestLoc_GuardianoftheWastes:Radscorpions_QuestLongDescription	我们也该为保卫废土出份力——去清掉附近那窝又危险又受辐射的生物吧！	8-13
Help_Page26_MainText_PS4	任务能让您探索新的地点，遇见新的居民和收集战利品。\n\n建造监督者办公室来派遣居民小队去完成任务。\n\n按下监督者办公室里的或者哔哔小子上的地图图标来进入任务列表。任务列表会显示您现在可以执行的任务，以及相对应的奖励，要求和状态。\n\n在任务中，选择您希望居民前往的房间即可探索地点。\n\n居民会自动战斗，但您可以命令选定的居民攻击一个特定目标：按住使目标出现，然后选择敌人。\n\n居民在战斗时会出现一个暴击蓄力器；一旦准备好，居民攻击的敌人上方会出现一个勾形图标。\n\n当选中一个居民时，用左摇杆选择勾形图标，按住来释放一次致命暴击。\n\n当箭头出现在十字线的中心时，按下来停下移动的箭头。离中心越近，暴击伤害的倍率就越高。\n\n居民的运气（L）属性越高，暴击蓄力器的恢复速度也就越快。居民的观察力（P）属性越高，箭头移动的速度越慢。\n\n按下来查看必须和选择性完成的任务目标。\n\n当您结束探险时，可以从任务目标里让任务小队返回避难所。	8-14
Help_Page26_MainText_Switch	任务能让您探索新的地点，遇见新的居民和收集战利品。\n\n建造监督者办公室来派遣居民小队去完成任务。\n\n按下监督者办公室里的或者哔哔小子上的地图图标来进入任务列表。任务列表会显示您现在可以执行的任务，以及相对应的奖励，要求和状态。\n\n在任务中，选择您希望居民前往的房间即可探索地点。\n\n居民会自动战斗，但您可以命令选定的居民攻击一个特定目标：按住使目标出现，然后选择敌人。\n\n居民在战斗时会出现一个暴击蓄力器；一旦准备好，居民攻击的敌人上方会出现一个勾形图标。\n\n当选中一个居民时，用左摇杆选择勾形图标，按住来释放一次致命暴击。\n\n当箭头出现在十字线的中心时，按下来停下移动的箭头。离中心越近，暴击伤害的倍率就越高。\n\n居民的运气（L）属性越高，暴击蓄力器的恢复速度也就越快。居民的观察力（P）属性越高，箭头移动的速度越慢。\n\n按下来查看必须和选择性完成的任务目标。\n\n当您结束探险时，可以从任务目标里让任务小队返回避难所。	8-14
Message_Tutorial_68_PC	要分配一个{居民}，{点击}并{按住}该居民，再将其{拖拽}到一个房间。试试把这个{居民}分配到您刚刚建好的{发电室}里。	8-15
Message_Tutorial_68	要分配一个{居民}，{点击}并{按住}该居民，再将其{拖拽}到一个房间。试试把这个{居民}分配到您刚刚建好的{发电室}里。	8-16
