EN专名	干净条目数	中文写法	该写法条目数	占比
Enhanced	3	特别	2	0.67
Enhanced	3	加强	2	0.67
Perhaps	3	也许	2	0.67
Perhaps	3	许这	2	0.67
Atomatoys	3	回收队	2	0.67
Atomatoys	3	子玩具仓	2	0.67
Atomatoys	3	他们的	2	0.67
Atomatoys	3	回来	2	0.67
Atomatoys	3	了原子玩	2	0.67
Atomatoys	3	比格斯比	2	0.67
Workshops	3	武器	2	0.67
Workshops	3	升级	2	0.67
Workshops	3	房间	2	0.67
Female	3	宿舍	2	0.67
Female	3	女性	2	0.67
Female	3	如果	2	0.67
Female	3	可能	2	0.67
The Critical Hit	5	居民会自动战	3	0.6
The Critical Hit	5	用左摇杆选择	3	0.6
The Critical Hit	5	居民攻击	3	0.6
The Critical Hit	5	人来让他们攻击一个特	3	0.6
The Critical Hit	5	暴击伤	3	0.6
The Critical Hit	5	完成的任务目	3	0.6
The Critical Hit	5	后选择	3	0.6
The Critical Hit	5	以先点击居民后点击敌	3	0.6
The Critical Hit	5	在战斗时会出现一个暴	3	0.6
The Critical Hit	5	上方会出现一个勾形图	3	0.6
The Critical Hit	5	直接点击您想要探索的	3	0.6
The Critical Hit	5	离中心越近	3	0.6
The Critical Hit	5	或者直接点击您想要探	3	0.6
The Critical Hit	5	您现在可以执行的任务	3	0.6
The Critical Hit	5	您结束探险时	3	0.6
The Critical Hit	5	击蓄力器的恢复速度也	3	0.6
The Critical Hit	5	攻击的敌	3	0.6
The Critical Hit	5	督者办公室来派遣居民	3	0.6
The Critical Hit	5	监督者办公室里	3	0.6
The Critical Hit	5	可以先点击居民后点击	3	0.6
The Critical Hit	5	方会出现一个勾形图标	3	0.6
The Critical Hit	5	务列表会显示	3	0.6
The Critical Hit	5	将居民拖到新房间中来	3	0.6
The Critical Hit	5	字线的中心时	3	0.6
The Critical Hit	5	击一个特定目标	3	0.6
The Critical Hit	5	力器的恢复速度也就越	3	0.6
The Critical Hit	5	当箭头出现	3	0.6
The Critical Hit	5	或者哔哔小	3	0.6
The Critical Hit	5	室来派遣居民小队去完	3	0.6
The Critical Hit	5	命暴击	3	0.6
The Critical Hit	5	让任务小	3	0.6
The Critical Hit	5	看必须	3	0.6
The Critical Hit	5	索或者直接点击您想要	3	0.6
The Critical Hit	5	现在十字线的中	3	0.6
The Critical Hit	5	公室来派遣居民小队去	3	0.6
The Critical Hit	5	以及相对应的奖	3	0.6
The Critical Hit	5	一旦准备好	3	0.6
The Critical Hit	5	蓄力器的恢复速度也就	3	0.6
The Critical Hit	5	哔小子上的地图图	3	0.6
The Critical Hit	5	一个居民	3	0.6
The Critical Hit	5	民在战斗时会出现一个	3	0.6
The Critical Hit	5	人上方会出现一个勾形	3	0.6
The Critical Hit	5	示您现在可以执行的任	3	0.6
The Critical Hit	5	监督者办公室来派遣居	3	0.6
The Critical Hit	5	个暴击蓄力器	3	0.6
The Critical Hit	5	居民的观察	3	0.6
The Critical Hit	5	派遣居民小队去完成任	3	0.6
The Critical Hit	5	者直接点击您想要探索	3	0.6
The Critical Hit	5	办公室来派遣居民小队	3	0.6
The Critical Hit	5	接点击您想要探索的房	3	0.6
The Critical Hit	5	头移动的速度越	3	0.6
The Critical Hit	5	造监督者办公室来派遣	3	0.6
The Critical Hit	5	但是您可	3	0.6
The Critical Hit	5	暴击蓄力器的恢复速度	3	0.6
The Critical Hit	5	害的倍率就越	3	0.6
The Critical Hit	5	探索或者直接点击您想	3	0.6
The Critical Hit	5	选中	3	0.6
The Critical Hit	5	者办公室来派遣居民小	3	0.6
The Critical Hit	5	任务能让您探索新的地	3	0.6
The Critical Hit	5	图图标来进入任务列	3	0.6
The Critical Hit	5	要求和状	3	0.6
The Critical Hit	5	目标出现	3	0.6
The Critical Hit	5	来派遣居民小队去完成	3	0.6
The Critical Hit	5	居民拖到新房间中来探	3	0.6
The Critical Hit	5	务小队返回避难	3	0.6
Luck Dwellers and	5	居民会自动战	3	0.6
Luck Dwellers and	5	用左摇杆选择	3	0.6
Luck Dwellers and	5	居民攻击	3	0.6
Luck Dwellers and	5	人来让他们攻击一个特	3	0.6
Luck Dwellers and	5	暴击伤	3	0.6
Luck Dwellers and	5	完成的任务目	3	0.6
Luck Dwellers and	5	后选择	3	0.6
Luck Dwellers and	5	以先点击居民后点击敌	3	0.6
Luck Dwellers and	5	在战斗时会出现一个暴	3	0.6
Luck Dwellers and	5	上方会出现一个勾形图	3	0.6
Luck Dwellers and	5	直接点击您想要探索的	3	0.6
Luck Dwellers and	5	离中心越近	3	0.6
Luck Dwellers and	5	或者直接点击您想要探	3	0.6
Luck Dwellers and	5	您现在可以执行的任务	3	0.6
Luck Dwellers and	5	您结束探险时	3	0.6
Luck Dwellers and	5	击蓄力器的恢复速度也	3	0.6
Luck Dwellers and	5	攻击的敌	3	0.6
Luck Dwellers and	5	督者办公室来派遣居民	3	0.6
Luck Dwellers and	5	监督者办公室里	3	0.6
Luck Dwellers and	5	可以先点击居民后点击	3	0.6
Luck Dwellers and	5	方会出现一个勾形图标	3	0.6
Luck Dwellers and	5	务列表会显示	3	0.6
Luck Dwellers and	5	将居民拖到新房间中来	3	0.6
Luck Dwellers and	5	字线的中心时	3	0.6
Luck Dwellers and	5	击一个特定目标	3	0.6
Luck Dwellers and	5	力器的恢复速度也就越	3	0.6
Luck Dwellers and	5	当箭头出现	3	0.6
Luck Dwellers and	5	或者哔哔小	3	0.6
Luck Dwellers and	5	室来派遣居民小队去完	3	0.6
Luck Dwellers and	5	命暴击	3	0.6
Luck Dwellers and	5	让任务小	3	0.6
Luck Dwellers and	5	看必须	3	0.6
Luck Dwellers and	5	索或者直接点击您想要	3	0.6
Luck Dwellers and	5	现在十字线的中	3	0.6
Luck Dwellers and	5	公室来派遣居民小队去	3	0.6
Luck Dwellers and	5	以及相对应的奖	3	0.6
Luck Dwellers and	5	一旦准备好	3	0.6
Luck Dwellers and	5	蓄力器的恢复速度也就	3	0.6
Luck Dwellers and	5	哔小子上的地图图	3	0.6
Luck Dwellers and	5	一个居民	3	0.6
Luck Dwellers and	5	民在战斗时会出现一个	3	0.6
Luck Dwellers and	5	人上方会出现一个勾形	3	0.6
Luck Dwellers and	5	示您现在可以执行的任	3	0.6
Luck Dwellers and	5	监督者办公室来派遣居	3	0.6
Luck Dwellers and	5	个暴击蓄力器	3	0.6
Luck Dwellers and	5	居民的观察	3	0.6
Luck Dwellers and	5	派遣居民小队去完成任	3	0.6
Luck Dwellers and	5	者直接点击您想要探索	3	0.6
Luck Dwellers and	5	办公室来派遣居民小队	3	0.6
Luck Dwellers and	5	接点击您想要探索的房	3	0.6
Luck Dwellers and	5	头移动的速度越	3	0.6
Luck Dwellers and	5	造监督者办公室来派遣	3	0.6
Luck Dwellers and	5	但是您可	3	0.6
Luck Dwellers and	5	暴击蓄力器的恢复速度	3	0.6
Luck Dwellers and	5	害的倍率就越	3	0.6
Luck Dwellers and	5	探索或者直接点击您想	3	0.6
Luck Dwellers and	5	选中	3	0.6
Luck Dwellers and	5	者办公室来派遣居民小	3	0.6
Luck Dwellers and	5	任务能让您探索新的地	3	0.6
Luck Dwellers and	5	图图标来进入任务列	3	0.6
Luck Dwellers and	5	要求和状	3	0.6
Luck Dwellers and	5	目标出现	3	0.6
Luck Dwellers and	5	来派遣居民小队去完成	3	0.6
Luck Dwellers and	5	居民拖到新房间中来探	3	0.6
Luck Dwellers and	5	务小队返回避难	3	0.6
Herb Vest	5	号避难所	3	0.6
Herb Vest	5	糖果厂	3	0.6
Season Badges	5	季通行证提升至新高度	3	0.6
Season Badges	5	将赛季通行证提升	3	0.6
Season Badges	5	得普通通行证全部权益	3	0.6
Season Badges	5	官制服	3	0.6
Season Badges	5	以及	3	0.6
Rushing	3	提示	2	0.67
Rushing	3	瓶盖	2	0.67
Rushing	3	高的居民	2	0.67
Gobbler's	3	我们顺着高步	2	0.67
Gobbler's	3	来到了	2	0.67
Gobbler's	3	高步勒的	2	0.67
Gobbler's	3	布兰科工厂	2	0.67
Biohazard	3	染料	2	0.67
Biohazard	3	是一	2	0.67
Diners and Living Quarters	3	级后的餐厅和宿	2	0.67
Diners and Living Quarters	3	题只能应	2	0.67
Diners and Living Quarters	3	工坊	2	0.67
Diners and Living Quarters	3	用在最大化合	2	0.67
Diners and Living Quarters	3	并及升	2	0.67
Science Labs	3	室来	2	0.67
Science Labs	3	加治疗针和消辐宁的持	2	0.67
Science Labs	3	哔哔小子菜单访问库存	2	0.67
Science Labs	3	治疗针和消辐宁的持有	2	0.67
Science Labs	3	升级储藏室	2	0.67
Science Labs	3	能增加治疗针和消辐宁	2	0.67
Science Labs	3	卖掉不想要的物品	2	0.67
Science Labs	3	杂物和宠物的存	2	0.67
Science Labs	3	造医务室和实验	2	0.67
Science Labs	3	储藏室会增加您的武器	2	0.67
Science Labs	3	室可用来暂时安置居民	2	0.67
Science Labs	3	通过哔哔小子菜单访问	2	0.67
Science Labs	3	如果其他房间都满员的	2	0.67
Science Labs	3	过哔哔小子菜单访问库	2	0.67
Science Labs	3	验室能增加治疗针和消	2	0.67
Science Labs	3	室能增加治疗针和消辐	2	0.67
Science Labs	3	藏室可用来暂时安置居	2	0.67
Science Labs	3	增加存储容	2	0.67
Science Labs	3	储藏室可用来暂时安置	2	0.67
Science Labs	3	果其他房间都满员的话	2	0.67
Science Labs	3	分解武器和装备	2	0.67
Science Labs	3	存储空间	2	0.67
Science Labs	3	配方	2	0.67
Science Labs	3	疗针和消辐宁的持有量	2	0.67
Outfits and Junk	3	到废土	2	0.67
Outfits and Junk	3	到的困难也越大	2	0.67
Outfits and Junk	3	派他们出去探	2	0.67
Outfits and Junk	3	要忘了时刻查看他们	2	0.67
Outfits and Junk	3	可能会偶然发现一个特	2	0.67
Outfits and Junk	3	自动从废土返	2	0.67
Outfits and Junk	3	当然遇到的困难也	2	0.67
Outfits and Junk	3	间只需去程的一	2	0.67
Outfits and Junk	3	入该地点或继续探索废	2	0.67
Outfits and Junk	3	他们头上的惊叹号图标	2	0.67
Outfits and Junk	3	的居民可能会偶然发现	2	0.67
Outfits and Junk	3	土上的居民可能会偶然	2	0.67
Outfits and Junk	3	民可能会偶然发现一个	2	0.67
Outfits and Junk	3	遣您的居民去废	2	0.67
Outfits and Junk	3	个特殊地点	2	0.67
Outfits and Junk	3	命值降到零之前让他们	2	0.67
Outfits and Junk	3	品了	2	0.67
Outfits and Junk	3	但不要	2	0.67
Outfits and Junk	3	居民会自	2	0.67
Outfits and Junk	3	一个居民	2	0.67
Outfits and Junk	3	回各种武器	2	0.67
Outfits and Junk	3	居民可能会偶然发现一	2	0.67
Outfits and Junk	3	废土寻宝	2	0.67
Outfits and Junk	3	们走得越	2	0.67
Outfits and Junk	3	获得经	2	0.67
Outfits and Junk	3	生命值降到零之前让他	2	0.67
Outfits and Junk	3	她配备武	2	0.67
Outfits and Junk	3	在外面他们会找到瓶	2	0.67
Outfits and Junk	3	并带	2	0.67
Outfits and Junk	3	时从废土召	2	0.67
Outfits and Junk	3	在生命值降到零之前让	2	0.67
Outfits and Junk	3	居民可以随	2	0.67
Outfits and Junk	3	返程时	2	0.67
Outfits and Junk	3	来选择进	2	0.67
Outfits and Junk	3	如果他们再装不下任何	2	0.67
Outfits and Junk	3	择进入该地点或继续探	2	0.67
Outfits and Junk	3	看他们的进度	2	0.67
Outfits and Junk	3	点击他们头上的惊叹号	2	0.67
Outfits and Junk	3	击他们头上的惊叹号图	2	0.67
Outfits and Junk	3	进入该地点或继续探索	2	0.67
Outfits and Junk	3	降到零之前让他们回来	2	0.67
Outfits and Junk	3	上的居民可能会偶然发	2	0.67
Outfits and Junk	3	值降到零之前让他们回	2	0.67
Outfits and Junk	3	果他们再装不下任何物	2	0.67
Galaxy News Radio	3	台的	2	0.67
Galaxy News Radio	3	河新闻电	2	0.67
Galaxy News Radio	3	是银	2	0.67
If Coach	3	如果教	2	0.67
If Coach	3	早就	2	0.67
If Coach	3	也许他	2	0.67
Road Rash and	3	那个	2	0.67
Road Rash and	3	掠夺者团伙	2	0.67
Road Rash and	3	和他	2	0.67
John Smith	3	的人	2	0.67
John Smith	3	叫约翰·史密	2	0.67
Vault-Tec Headquarters	3	在避难所科	2	0.67
Vault-Tec Headquarters	3	担心	2	0.67
Vault-Tec Headquarters	3	难所科技总	2	0.67
Vault-Tec Headquarters	3	麦克森硬汉小队	2	0.67
Otto von Hurfburg	3	看看他	2	0.67
Otto von Hurfburg	3	他的	2	0.67
Outfits and Weapons	3	外加	2	0.67
Outfits and Weapons	3	专属	2	0.67
Outfits and Weapons	3	季通行证的所有福利	2	0.67
Joe	3	乔伊	2	0.67
Joe	3	咖啡	2	0.67
Instruction	3	的指导	2	0.67
Instruction	3	监督者	2	0.67
Instruction	3	号避难所的	2	0.67
Instruction	3	他们避难所	2	0.67
Blackjack	3	二十一点	2	0.67
Blackjack	3	还是	2	0.67
Gen	3	我们的	2	0.67
Gen	3	类的完美复制品	2	0.67
Gen	3	是人	2	0.67
The Hunter	3	到妖怪	2	0.67
The Hunter	3	我帮	2	0.67
DWELLER HAPPINESS	3	广播室	2	0.67
DWELLER HAPPINESS	3	居民幸福	2	0.67
DWELLER HAPPINESS	3	提升	2	0.67
Vault Entrance	3	升级您的避难所入	2	0.67
Vault Entrance	3	您可以	2	0.67
Search the RobCo	3	搜索罗伯	2	0.67
Search the RobCo	3	寻找	2	0.67
Search the RobCo	3	工厂	2	0.67
Ghost Costumes	3	附近的	2	0.67
Ghost Costumes	3	号避难所	2	0.67
Ghost Costumes	3	吓跑	2	0.67
Vault Overseer	3	的首领	2	0.67
Vault Overseer	3	避难所监督者	2	0.67
Pencil Pushers	3	笔推进器	2	0.67
Pencil Pushers	3	们是	2	0.67
Space Trip	3	宇宙碰撞	2	0.67
Space Trip	3	空旅行爱好者	2	0.67
Cosmic Clash	3	宙碰撞的	2	0.67
Cosmic Clash	3	的粉丝	2	0.67
Cosmic Clash	3	太空旅行	2	0.67
