EN专名	整条命中数	中文写法	条数
Brotherhood of Steel	4	钢铁兄弟会。	3
Brotherhood of Steel	4	钢铁兄弟会	1
CLAIM	6	领取	5
CLAIM	6	领取！	1
Minutemen	2	义勇军？	1
Minutemen	2	义勇军	1
Halloween	2	万圣节。	1
Halloween	2	万圣节	1
Kill the Alpha Deathclaw	7	杀死领头死爪。	6
Kill the Alpha Deathclaw	7	消灭首领死爪。	1
Nuka-Cola Plant	2	核子可乐工厂。	1
Nuka-Cola Plant	2	核子可乐工厂	1
Thanksgiving	2	感恩节。	1
Thanksgiving	2	感恩节	1
READY	3	准备	2
READY	3	准备！	1
Cool	3	赞。	2
Cool	3	酷！	1
Fat Man	2	胖子核弹。	1
Fat Man	2	胖子核弹	1
Daily Report	3	每日报告	2
Daily Report	3	日常报告	1
Super Sledge	2	超级大锤。	1
Super Sledge	2	超级雪橇锤	1
Gatling Laser	2	加特林激光枪。	1
Gatling Laser	2	加特林激光枪	1
UPGRADE TO PREMIUM PASS	2	升级至高级通行证	1
UPGRADE TO PREMIUM PASS	2	升级至高级通行证！	1
UNLOCK SEASON PASS	2	解锁赛季通行证	1
UNLOCK SEASON PASS	2	解锁赛季通行证！	1
