EN词	条目数	主写法	主写法条数	异写	异写条数	异写样例key	异写样例中文
Rifle	75	步枪	70	猎枪	5	Weapon_Name_HuntingRifle	猎枪
Kill	48	杀死	26	消灭	10	Achievement_Xbox_Description_02	消灭10个任务首领
Rescue	48	拯救	29	营救	8	QuestLoc_GoingToTown_4_QuestObjective2	营救奴隶（1/2）
Kill	48	杀死	26	杀了	7	QuestLoc_SpyonRaiders_Conversation_2A_NPCEnd_4	你……什么？叛徒！杀了他们！
Kill	48	杀死	26	了他们	5	QuestLoc_SpyonRaiders_Conversation_2A_NPCEnd_4	你……什么？叛徒！杀了他们！
Kill	48	杀死	26	叛徒	5	QuestLoc_SpyonRaiders_Conversation_2A_NPCEnd_4	你……什么？叛徒！杀了他们！
Rescue	48	拯救	29	救出	5	QuestLoc_DogShelter_QuestShortDescription	从尸鬼的手中救出菲多。
Kill	48	杀死	26	只辐	4	Objective_KillRadroaches	消灭1只辐射小强
Kill	48	杀死	26	干掉	4	QuestLoc_AtDeathsDoor_QuestObjective_1	干掉“死亡”。
Rescue	48	拯救	29	解救	4	QuestLoc_ENC_QL3_Escalation_1_QuestObjective1	解救每一只毛孩子。
Rescue	48	拯救	29	救人	3	QuestLoc_HostageNegotiations_QuestObjective_2	解救人质。
Rescue	48	拯救	29	人质	3	QuestLoc_HostageNegotiations_QuestObjective_2	解救人质。
Talk	43	交谈	31	谈谈	4	QuestLoc_ChristmasattheRaiderCamp_QuestObjective_2	和掠夺者们谈谈。
Talk	43	交谈	31	说话	3	QuestLoc_DartofHarkness_QuestObjective_1	和哈克尼斯说话。
Let	32	让我	13	方向	4	MrHandyDialog_Wasteland_55	试试……这个方向。
Let	32	让我	13	这个方	4	MrHandyDialog_Wasteland_55	试试……这个方向。
Let	32	让我	13	出发	3	QuestLoc_INS_QL1_MajorPlayers_4_Room0_Question_Line1_Choice1	废话少说。出发吧。
Alien	21	外星	15	异形	6	QuestLoc_WaroftheNerds_Conversation_2_Team_3	你戴的是……异形耳朵？
Alien	21	外星	15	形破坏	5	Weapon_Name_AlienBlaster	异形破坏者
Alien	21	外星	15	坏者	5	Weapon_Name_AlienBlaster	异形破坏者
Alien	21	外星	15	型异	3	Weapon_Name_AlienBlaster_Amplified	放大型异形破坏者
Help	18	帮助	9	帮忙	3	CurieDialog_Generic_04	需要帮忙吗？
Help	18	帮助	9	忙的	3	QuestLoc_INS_QL1_MajorPlayers_3_Room0_Question_Line1_Choice2	有什么能帮上忙的吗？
Help	18	帮助	9	的吗	2	QuestLoc_INS_QL1_MajorPlayers_3_Room0_Question_Line1_Choice2	有什么能帮上忙的吗？
Final	18	最后	14	最终	2	QuestLoc_LittleMissWasteland_Conversation_3_Team_2	算了，选核子可乐吧，最终答案。
We've	16	我们现在进入第二回合	11	我们被	2	QuestLoc_INS_QL3_Betrayal_4_Room1_Question_Line1_Answer0	啊！我们被骗了！
We've	16	我们现在进入第二回合	11	我们有	2	QuestLoc_TheSecretofREDACTED_Conversation_2_Team_1	我们有很多瓶盖。
First	15	第一	11	选择	2	Message_Tutorial_57	先{选择}一个{居民}队列位置。
The Vault	13	避难所居民	5	科技	3	QuestLoc_Aquaschema_QuestObjective_1	返回避难所科技办公室。
The Vault	13	避难所居民	5	避难所科	3	QuestLoc_Aquaschema_QuestObjective_1	返回避难所科技办公室。
Answer	13	请回答全部问题	8	答案	3	QuestLoc_DivideandConquer_Conversation_3_Team_1	6÷2（1 + 2）= 9。最后的答案。
The Vault	13	避难所居民	5	返回避难所	2	QuestLoc_Aquaschema_QuestObjective_1	返回避难所科技办公室。
The Vault	13	避难所居民	5	技办	2	QuestLoc_Aquaschema_QuestObjective_1	返回避难所科技办公室。
The Vault	13	避难所居民	5	公室	2	QuestLoc_Aquaschema_QuestObjective_1	返回避难所科技办公室。
The Vault	13	避难所居民	5	办公	2	QuestLoc_Aquaschema_QuestObjective_1	返回避难所科技办公室。
Anything	13	的吗	5	的东西	2	QuestLoc_ASettlerNeedsYourHelp_Conversation_1_Team_2	找到什么有用的东西了吗？
Anything	13	的吗	5	西了	2	QuestLoc_ASettlerNeedsYourHelp_Conversation_1_Team_2	找到什么有用的东西了吗？
Anything	13	的吗	5	找到什	2	QuestLoc_ASettlerNeedsYourHelp_Conversation_1_Team_2	找到什么有用的东西了吗？
Anything	13	的吗	5	到什么有	2	QuestLoc_ASettlerNeedsYourHelp_Conversation_1_Team_2	找到什么有用的东西了吗？
Anything	13	的吗	5	了吗	2	QuestLoc_ASettlerNeedsYourHelp_Conversation_1_Team_2	找到什么有用的东西了吗？
Another	12	另一	5	又是	4	QuestLoc_AlienBotQuest04_Conversation_2_PC1_3	又是一个那种东西！
Another	12	另一	5	是一	4	QuestLoc_AlienBotQuest04_Conversation_2_PC1_3	又是一个那种东西！
Settlers	12	居民交谈	8	拯救	3	QuestLoc_KidnappingatVault778_QuestObjective_1	拯救安置点的人。
Another	12	另一	5	有一	2	QuestLoc_BeanballtotheFace_Conversation_1_NPCStart_1	哇！又有一条消息！上面说……
Game	12	游戏	10	棋牌室	2	Room_Casino	棋牌室
Secret	12	秘密	7	机密	2	MainMenu_SeasonVaultCreationMessage_Title	机密简报
Secret	12	秘密	7	找回	2	QuestLoc_TheInfiltrationGame_QuestObjective_1	找回“绝密”文件。
Secret	12	秘密	7	秘方	2	QuestLoc_TheToweringIlForno_QuestObjective_1	找到秘方。
Hello	11	有人	5	好呀	3	QuestLoc_DrivingtheSnakesOut_Conversation_3_NPCStart_1	你们好呀，避难所居民们。
I'll	11	我会	4	我要	2	Encounter_Random_Message180	我要走这条路。
I'll	11	我会	4	我就	2	Speech_Quest_Loot_Dweller_43	我就当这是……危险津贴了。
Hello	11	有人	5	居民们	2	QuestLoc_DrivingtheSnakesOut_Conversation_3_NPCStart_1	你们好呀，避难所居民们。
READY	10	准备	7	你效劳	2	SnipSnipDialog_Wasteland_106	我随时为你效劳。
READY	10	准备	7	时为你	2	SnipSnipDialog_Wasteland_106	我随时为你效劳。
READY	10	准备	7	我随	2	SnipSnipDialog_Wasteland_106	我随时为你效劳。
READY	10	准备	7	为你效	2	SnipSnipDialog_Wasteland_106	我随时为你效劳。
READY	10	准备	7	随时	2	SnipSnipDialog_Wasteland_106	我随时为你效劳。
Call	10	的警钟	5	克吗	2	VictorDialog_Generic_18	有人找老维克吗？
Call	10	的警钟	5	找老维克	2	VictorDialog_Generic_18	有人找老维克吗？
Call	10	的警钟	5	人找老维	2	VictorDialog_Generic_18	有人找老维克吗？
Call	10	的警钟	5	有人找老	2	VictorDialog_Generic_18	有人找老维克吗？
Settler	9	拯救	5	帮助	4	QuestLoc_ASettlerNeedsYourHelp_QuestName	有人需要你的帮助
Handy	9	巧手先生	5	得上	3	QuestLoc_INS_QL1_MajorPlayers_3_Room5_Question_Line1_Answer2	这个以后会用得上。
Looks	9	看起来	6	上去	3	Encounter_Progression_JustStartedTier2_15	那条路看上去还不错。
Looks	9	看起来	6	看上	3	Encounter_Progression_JustStartedTier2_15	那条路看上去还不错。
Run	9	大作战	5	快跑	3	QuestLoc_AtDeathsDoor_Conversation_1_NPCStart_1	快跑！
Combat	9	战斗	6	斗护	3	Outfit_Name_CombatArmor	格斗护甲
Combat	9	战斗	6	格斗	3	Outfit_Name_CombatArmor	格斗护甲
Combat	9	战斗	6	护甲	3	Outfit_Name_CombatArmor	格斗护甲
Recipe	9	配方	7	秘方	2	QuestLoc_TheToweringIlForno_QuestObjective_1	找到秘方。
Handy	9	巧手先生	5	用场	2	Speech_Quest_Loot_Dweller_1	这下派得上用场了！
Handy	9	巧手先生	5	上用	2	Speech_Quest_Loot_Dweller_1	这下派得上用场了！
Handy	9	巧手先生	5	派得	2	Speech_Quest_Loot_Dweller_1	这下派得上用场了！
Looking	9	在找	5	便逛逛	2	QuestLoc_GhoulSupplies_Question1_Choice2	就随便逛逛！
Looking	9	在找	5	随便逛	2	QuestLoc_GhoulSupplies_Question1_Choice2	就随便逛逛！
Looks	9	看起来	6	去还	2	Encounter_Progression_JustStartedTier2_15	那条路看上去还不错。
Looks	9	看起来	6	还不	2	Encounter_Progression_JustStartedTier2_15	那条路看上去还不错。
Settler	9	拯救	5	人需要你的	2	QuestLoc_ASettlerNeedsYourHelp_QuestName	有人需要你的帮助
Settler	9	拯救	5	有人需	2	QuestLoc_ASettlerNeedsYourHelp_QuestName	有人需要你的帮助
Settler	9	拯救	5	需要你的帮	2	QuestLoc_ASettlerNeedsYourHelp_QuestName	有人需要你的帮助
Settler	9	拯救	5	迷失的居民	2	QuestLoc_FirstDown_QuestObjective_1	帮助迷失的居民。
Settler	9	拯救	5	助迷	2	QuestLoc_FirstDown_QuestObjective_1	帮助迷失的居民。
Baby	8	宝贝	3	婴儿	3	Objective_HaveBabies	成功接生一个避难所婴儿
LATER	8	稍后	3	待会	2	Speech_Conversation_NPC1_Topic30	待会想玩玩接球吗？
Camera	8	镜头	4	相机	2	Junk_Name_Camera	相机
Camera	8	镜头	4	画面	2	KeyboardMapping_ZoomingCameraIn	画面放大
Baby	8	宝贝	3	接生	2	Objective_HaveBabies	成功接生一个避难所婴儿
Baby	8	宝贝	3	成功	2	Objective_HaveBabies	成功接生一个避难所婴儿
Baby	8	宝贝	3	所婴	2	Objective_HaveBabies	成功接生一个避难所婴儿
Baby	8	宝贝	3	个避	2	Objective_HaveBabies	成功接生一个避难所婴儿
Baby	8	宝贝	3	功接	2	Objective_HaveBabies	成功接生一个避难所婴儿
Baby	8	宝贝	3	孩子	2	QuestLoc_ENC_QL3_Escalation_1_QuestObjective1	解救每一只毛孩子。
Black	8	黑色	3	黑拉布拉多犬	2	Pet_BlackLab	黑拉布拉多犬
Speak	8	交谈	5	首领	2	QuestLoc_CheerfortheGhouls_QuestObjective_1	和尸鬼首领聊聊。
Luck	7	祝你好运	4	运气	3	Casino_Upgrade_Info	加速运气（L）的训练
SPECIAL	7	属性	3	改变	2	Controls_Xbox_Footer_FilterSpecial	筛选/改变SPECIAL排序
SPECIAL	7	属性	3	排序	2	Controls_Xbox_Footer_FilterSpecial	筛选/改变SPECIAL排序
SPECIAL	7	属性	3	个特殊	2	QuestLoc_ASpecialBrand_QuestName	一个特殊的品牌
SPECIAL	7	属性	3	特殊的	2	QuestLoc_ASpecialBrand_QuestName	一个特殊的品牌
Soldier	7	一只	3	士兵	2	Outfit_Name_SoldierSpecial	士兵制服
Soldier	7	一只	3	战士	2	QuestLoc_TheFinalPush_Conversation_1_NPCStart_1	干得漂亮，战士们！
Daily	7	每日	5	日常	2	QuestList_DailyQuest	日常任务
Perform	7	暴击	4	次成功	2	Objective_Rush	执行1次成功的极速模式
Perform	7	暴击	4	功的极速	2	Objective_Rush	执行1次成功的极速模式
Perform	7	暴击	4	极速模	2	Objective_Rush	执行1次成功的极速模式
Perform	7	暴击	4	速模式	2	Objective_Rush	执行1次成功的极速模式
Perform	7	暴击	4	成功的	2	Objective_Rush	执行1次成功的极速模式
Perform	7	暴击	4	执行	2	Objective_Rush	执行1次成功的极速模式
Saving	7	谢谢你们救了我	3	拯救	2	Outfit_Description_LifeguardOutfit	拯救生命，打击心灵。
Boy	7	号角男孩	4	尸鬼	2	QuestLoc_DeathclawDeeLite_4_QuestName	尸鬼，趴下！
SUPPLY	7	不足	3	物资	2	QuestLoc_GoingToTown_2_QuestName	二手物资
Anyone	6	有人吗	3	谁想来一	2	MrHandyDialog_Bar_01	有谁想来一杯吗？
Anyone	6	有人吗	3	一杯	2	MrHandyDialog_Bar_01	有谁想来一杯吗？
Anyone	6	有人吗	3	有谁想	2	MrHandyDialog_Bar_01	有谁想来一杯吗？
Anyone	6	有人吗	3	杯吗	2	MrHandyDialog_Bar_01	有谁想来一杯吗？
Rank	6	等级	3	排名	2	SeasonModal_LeaderboardColumnHeader_Rank	排名
Building	5	探索建筑	2	建造中	2	Building_Room	建造中……
West	5	向西	3	往西	2	Encounter_Random_Message121	我应该往西吗？
Safe	5	保险箱	3	安全	2	QuestLoc_OfftheRails_Conversation_1_Team_1	放心吧，你们现在安全了。
Alert	5	警报	3	持警	2	Speech_Quest_Generic_Dweller_Conversation_10_Response_1	是啊，我也是。保持警惕。
Alert	5	警报	3	保持	2	Speech_Quest_Generic_Dweller_Conversation_10_Response_1	是啊，我也是。保持警惕。
Sorry	5	抱歉	3	对不起	2	QuestLoc_HumansLikeUs_Conversation_1_Team_3	对不起，赠送什么？
Feel	4	我感觉	2	觉得	2	Speech_HealthB2	我觉得不舒服。
Feel	4	我感觉	2	我觉	2	Speech_HealthB2	我觉得不舒服。
